strike,dip,rake,weighted_misfit,misfit_fraction,polarity_errors
118.0,66.0,-50.0,0.0,0.0,0
118.0,66.0,-48.0,0.0,0.0,0
118.0,68.0,-48.0,0.0,0.0,0
120.0,66.0,-50.0,0.0,0.0,0
120.0,66.0,-48.0,0.0,0.0,0
120.0,68.0,-48.0,0.0,0.0,0
122.0,64.0,-52.0,0.0,0.0,0
122.0,64.0,-50.0,0.0,0.0,0
122.0,64.0,-48.0,0.0,0.0,0
122.0,66.0,-50.0,0.0,0.0,0
122.0,66.0,-48.0,0.0,0.0,0
122.0,68.0,-48.0,0.0,0.0,0
122.0,70.0,-48.0,0.0,0.0,0
122.0,72.0,-46.0,0.0,0.0,0
124.0,62.0,-54.0,0.0,0.0,0
124.0,62.0,-52.0,0.0,0.0,0
124.0,62.0,-50.0,0.0,0.0,0
124.0,62.0,-48.0,0.0,0.0,0
124.0,64.0,-52.0,0.0,0.0,0
124.0,64.0,-50.0,0.0,0.0,0
124.0,64.0,-48.0,0.0,0.0,0
124.0,66.0,-50.0,0.0,0.0,0
124.0,66.0,-48.0,0.0,0.0,0
124.0,66.0,-46.0,0.0,0.0,0
124.0,68.0,-50.0,0.0,0.0,0
124.0,68.0,-48.0,0.0,0.0,0
124.0,68.0,-46.0,0.0,0.0,0
124.0,70.0,-48.0,0.0,0.0,0
124.0,70.0,-46.0,0.0,0.0,0
124.0,72.0,-46.0,0.0,0.0,0
126.0,60.0,-56.0,0.0,0.0,0
126.0,60.0,-54.0,0.0,0.0,0
126.0,60.0,-52.0,0.0,0.0,0
126.0,60.0,-50.0,0.0,0.0,0
126.0,60.0,-48.0,0.0,0.0,0
126.0,62.0,-54.0,0.0,0.0,0
126.0,62.0,-52.0,0.0,0.0,0
126.0,62.0,-50.0,0.0,0.0,0
126.0,62.0,-48.0,0.0,0.0,0
126.0,62.0,-46.0,0.0,0.0,0
126.0,64.0,-52.0,0.0,0.0,0
126.0,64.0,-50.0,0.0,0.0,0
126.0,64.0,-48.0,0.0,0.0,0
126.0,64.0,-46.0,0.0,0.0,0
126.0,66.0,-50.0,0.0,0.0,0
126.0,66.0,-48.0,0.0,0.0,0
126.0,66.0,-46.0,0.0,0.0,0
126.0,68.0,-50.0,0.0,0.0,0
126.0,68.0,-48.0,0.0,0.0,0
126.0,68.0,-46.0,0.0,0.0,0
126.0,70.0,-48.0,0.0,0.0,0
126.0,70.0,-46.0,0.0,0.0,0
126.0,72.0,-46.0,0.0,0.0,0
128.0,60.0,-54.0,0.0,0.0,0
128.0,60.0,-52.0,0.0,0.0,0
128.0,60.0,-50.0,0.0,0.0,0
128.0,60.0,-48.0,0.0,0.0,0
128.0,60.0,-46.0,0.0,0.0,0
128.0,62.0,-54.0,0.0,0.0,0
128.0,62.0,-52.0,0.0,0.0,0
128.0,62.0,-50.0,0.0,0.0,0
128.0,62.0,-48.0,0.0,0.0,0
128.0,62.0,-46.0,0.0,0.0,0
128.0,64.0,-52.0,0.0,0.0,0
128.0,64.0,-50.0,0.0,0.0,0
128.0,64.0,-48.0,0.0,0.0,0
128.0,64.0,-46.0,0.0,0.0,0
128.0,66.0,-50.0,0.0,0.0,0
128.0,66.0,-48.0,0.0,0.0,0
128.0,66.0,-46.0,0.0,0.0,0
128.0,68.0,-50.0,0.0,0.0,0
128.0,68.0,-48.0,0.0,0.0,0
128.0,68.0,-46.0,0.0,0.0,0
128.0,70.0,-48.0,0.0,0.0,0
128.0,70.0,-46.0,0.0,0.0,0
128.0,72.0,-48.0,0.0,0.0,0
128.0,72.0,-46.0,0.0,0.0,0
130.0,58.0,-56.0,0.0,0.0,0
130.0,58.0,-54.0,0.0,0.0,0
130.0,58.0,-52.0,0.0,0.0,0
130.0,58.0,-50.0,0.0,0.0,0
130.0,58.0,-48.0,0.0,0.0,0
130.0,58.0,-46.0,0.0,0.0,0
130.0,60.0,-54.0,0.0,0.0,0
130.0,60.0,-52.0,0.0,0.0,0
130.0,60.0,-50.0,0.0,0.0,0
130.0,60.0,-48.0,0.0,0.0,0
130.0,60.0,-46.0,0.0,0.0,0
130.0,62.0,-54.0,0.0,0.0,0
130.0,62.0,-52.0,0.0,0.0,0
130.0,62.0,-50.0,0.0,0.0,0
130.0,62.0,-48.0,0.0,0.0,0
130.0,62.0,-46.0,0.0,0.0,0
130.0,64.0,-52.0,0.0,0.0,0
130.0,64.0,-50.0,0.0,0.0,0
130.0,64.0,-48.0,0.0,0.0,0
130.0,64.0,-46.0,0.0,0.0,0
130.0,66.0,-50.0,0.0,0.0,0
130.0,66.0,-48.0,0.0,0.0,0
130.0,66.0,-46.0,0.0,0.0,0
130.0,68.0,-50.0,0.0,0.0,0
130.0,68.0,-48.0,0.0,0.0,0
130.0,68.0,-46.0,0.0,0.0,0
130.0,68.0,-44.0,0.0,0.0,0
130.0,70.0,-48.0,0.0,0.0,0
130.0,70.0,-46.0,0.0,0.0,0
130.0,70.0,-44.0,0.0,0.0,0
130.0,72.0,-48.0,0.0,0.0,0
130.0,72.0,-46.0,0.0,0.0,0
130.0,72.0,-44.0,0.0,0.0,0
132.0,58.0,-56.0,0.0,0.0,0
132.0,58.0,-54.0,0.0,0.0,0
132.0,58.0,-52.0,0.0,0.0,0
132.0,58.0,-50.0,0.0,0.0,0
132.0,58.0,-48.0,0.0,0.0,0
132.0,58.0,-46.0,0.0,0.0,0
132.0,60.0,-54.0,0.0,0.0,0
132.0,60.0,-52.0,0.0,0.0,0
132.0,60.0,-50.0,0.0,0.0,0
132.0,60.0,-48.0,0.0,0.0,0
132.0,60.0,-46.0,0.0,0.0,0
132.0,60.0,-44.0,0.0,0.0,0
132.0,62.0,-54.0,0.0,0.0,0
132.0,62.0,-52.0,0.0,0.0,0
132.0,62.0,-50.0,0.0,0.0,0
132.0,62.0,-48.0,0.0,0.0,0
132.0,62.0,-46.0,0.0,0.0,0
132.0,62.0,-44.0,0.0,0.0,0
132.0,64.0,-52.0,0.0,0.0,0
132.0,64.0,-50.0,0.0,0.0,0
132.0,64.0,-48.0,0.0,0.0,0
132.0,64.0,-46.0,0.0,0.0,0
132.0,64.0,-44.0,0.0,0.0,0
132.0,66.0,-50.0,0.0,0.0,0
132.0,66.0,-48.0,0.0,0.0,0
132.0,66.0,-46.0,0.0,0.0,0
132.0,66.0,-44.0,0.0,0.0,0
132.0,68.0,-50.0,0.0,0.0,0
132.0,68.0,-48.0,0.0,0.0,0
132.0,68.0,-46.0,0.0,0.0,0
132.0,68.0,-44.0,0.0,0.0,0
132.0,70.0,-48.0,0.0,0.0,0
132.0,70.0,-46.0,0.0,0.0,0
132.0,70.0,-44.0,0.0,0.0,0
132.0,72.0,-48.0,0.0,0.0,0
132.0,72.0,-46.0,0.0,0.0,0
132.0,72.0,-44.0,0.0,0.0,0
134.0,56.0,-58.0,0.0,0.0,0
134.0,56.0,-56.0,0.0,0.0,0
134.0,56.0,-54.0,0.0,0.0,0
134.0,56.0,-52.0,0.0,0.0,0
134.0,56.0,-50.0,0.0,0.0,0
134.0,56.0,-48.0,0.0,0.0,0
134.0,56.0,-46.0,0.0,0.0,0
134.0,56.0,-44.0,0.0,0.0,0
134.0,58.0,-56.0,0.0,0.0,0
134.0,58.0,-54.0,0.0,0.0,0
134.0,58.0,-52.0,0.0,0.0,0
134.0,58.0,-50.0,0.0,0.0,0
134.0,58.0,-48.0,0.0,0.0,0
134.0,58.0,-46.0,0.0,0.0,0
134.0,58.0,-44.0,0.0,0.0,0
134.0,60.0,-54.0,0.0,0.0,0
134.0,60.0,-52.0,0.0,0.0,0
134.0,60.0,-50.0,0.0,0.0,0
134.0,60.0,-48.0,0.0,0.0,0
134.0,60.0,-46.0,0.0,0.0,0
134.0,60.0,-44.0,0.0,0.0,0
134.0,62.0,-54.0,0.0,0.0,0
134.0,62.0,-52.0,0.0,0.0,0
134.0,62.0,-50.0,0.0,0.0,0
134.0,62.0,-48.0,0.0,0.0,0
134.0,62.0,-46.0,0.0,0.0,0
134.0,62.0,-44.0,0.0,0.0,0
134.0,64.0,-52.0,0.0,0.0,0
134.0,64.0,-50.0,0.0,0.0,0
134.0,64.0,-48.0,0.0,0.0,0
134.0,64.0,-46.0,0.0,0.0,0
134.0,64.0,-44.0,0.0,0.0,0
134.0,66.0,-50.0,0.0,0.0,0
134.0,66.0,-48.0,0.0,0.0,0
134.0,66.0,-46.0,0.0,0.0,0
134.0,66.0,-44.0,0.0,0.0,0
134.0,68.0,-50.0,0.0,0.0,0
134.0,68.0,-48.0,0.0,0.0,0
134.0,68.0,-46.0,0.0,0.0,0
134.0,68.0,-44.0,0.0,0.0,0
134.0,70.0,-48.0,0.0,0.0,0
134.0,70.0,-46.0,0.0,0.0,0
134.0,70.0,-44.0,0.0,0.0,0
134.0,72.0,-42.0,0.0,0.0,0
134.0,72.0,-40.0,0.0,0.0,0
134.0,72.0,-38.0,0.0,0.0,0
134.0,72.0,-36.0,0.0,0.0,0
134.0,72.0,-34.0,0.0,0.0,0
136.0,56.0,-56.0,0.0,0.0,0
136.0,56.0,-54.0,0.0,0.0,0
136.0,56.0,-52.0,0.0,0.0,0
136.0,56.0,-50.0,0.0,0.0,0
136.0,56.0,-48.0,0.0,0.0,0
136.0,56.0,-46.0,0.0,0.0,0
136.0,56.0,-44.0,0.0,0.0,0
136.0,58.0,-56.0,0.0,0.0,0
136.0,58.0,-54.0,0.0,0.0,0
136.0,58.0,-52.0,0.0,0.0,0
136.0,58.0,-50.0,0.0,0.0,0
136.0,58.0,-48.0,0.0,0.0,0
136.0,58.0,-46.0,0.0,0.0,0
136.0,58.0,-44.0,0.0,0.0,0
136.0,60.0,-54.0,0.0,0.0,0
136.0,60.0,-52.0,0.0,0.0,0
136.0,60.0,-50.0,0.0,0.0,0
136.0,60.0,-48.0,0.0,0.0,0
136.0,60.0,-46.0,0.0,0.0,0
136.0,60.0,-44.0,0.0,0.0,0
136.0,62.0,-54.0,0.0,0.0,0
136.0,62.0,-52.0,0.0,0.0,0
136.0,62.0,-50.0,0.0,0.0,0
136.0,62.0,-48.0,0.0,0.0,0
136.0,62.0,-46.0,0.0,0.0,0
136.0,62.0,-44.0,0.0,0.0,0
136.0,64.0,-52.0,0.0,0.0,0
136.0,64.0,-50.0,0.0,0.0,0
136.0,64.0,-48.0,0.0,0.0,0
136.0,64.0,-46.0,0.0,0.0,0
136.0,64.0,-44.0,0.0,0.0,0
136.0,64.0,-42.0,0.0,0.0,0
136.0,66.0,-50.0,0.0,0.0,0
136.0,66.0,-48.0,0.0,0.0,0
136.0,66.0,-46.0,0.0,0.0,0
136.0,66.0,-44.0,0.0,0.0,0
136.0,66.0,-42.0,0.0,0.0,0
136.0,68.0,-50.0,0.0,0.0,0
136.0,68.0,-48.0,0.0,0.0,0
136.0,68.0,-46.0,0.0,0.0,0
136.0,68.0,-44.0,0.0,0.0,0
136.0,68.0,-42.0,0.0,0.0,0
136.0,70.0,-40.0,0.0,0.0,0
136.0,70.0,-38.0,0.0,0.0,0
136.0,70.0,-36.0,0.0,0.0,0
136.0,70.0,-34.0,0.0,0.0,0
136.0,72.0,-40.0,0.0,0.0,0
136.0,72.0,-38.0,0.0,0.0,0
136.0,72.0,-36.0,0.0,0.0,0
136.0,72.0,-34.0,0.0,0.0,0
138.0,54.0,-58.0,0.0,0.0,0
138.0,54.0,-56.0,0.0,0.0,0
138.0,54.0,-54.0,0.0,0.0,0
138.0,54.0,-52.0,0.0,0.0,0
138.0,54.0,-50.0,0.0,0.0,0
138.0,54.0,-48.0,0.0,0.0,0
138.0,54.0,-46.0,0.0,0.0,0
138.0,54.0,-44.0,0.0,0.0,0
138.0,54.0,-42.0,0.0,0.0,0
138.0,56.0,-56.0,0.0,0.0,0
138.0,56.0,-54.0,0.0,0.0,0
138.0,56.0,-52.0,0.0,0.0,0
138.0,56.0,-50.0,0.0,0.0,0
138.0,56.0,-48.0,0.0,0.0,0
138.0,56.0,-46.0,0.0,0.0,0
138.0,56.0,-44.0,0.0,0.0,0
138.0,56.0,-42.0,0.0,0.0,0
138.0,58.0,-56.0,0.0,0.0,0
138.0,58.0,-54.0,0.0,0.0,0
138.0,58.0,-52.0,0.0,0.0,0
138.0,58.0,-50.0,0.0,0.0,0
138.0,58.0,-48.0,0.0,0.0,0
138.0,58.0,-46.0,0.0,0.0,0
138.0,58.0,-44.0,0.0,0.0,0
138.0,58.0,-42.0,0.0,0.0,0
138.0,60.0,-54.0,0.0,0.0,0
138.0,60.0,-52.0,0.0,0.0,0
138.0,60.0,-50.0,0.0,0.0,0
138.0,60.0,-48.0,0.0,0.0,0
138.0,60.0,-46.0,0.0,0.0,0
138.0,60.0,-44.0,0.0,0.0,0
138.0,60.0,-42.0,0.0,0.0,0
138.0,62.0,-52.0,0.0,0.0,0
138.0,62.0,-50.0,0.0,0.0,0
138.0,62.0,-48.0,0.0,0.0,0
138.0,62.0,-46.0,0.0,0.0,0
138.0,62.0,-44.0,0.0,0.0,0
138.0,62.0,-42.0,0.0,0.0,0
138.0,64.0,-52.0,0.0,0.0,0
138.0,64.0,-50.0,0.0,0.0,0
138.0,64.0,-48.0,0.0,0.0,0
138.0,64.0,-46.0,0.0,0.0,0
138.0,64.0,-44.0,0.0,0.0,0
138.0,64.0,-42.0,0.0,0.0,0
138.0,66.0,-50.0,0.0,0.0,0
138.0,66.0,-48.0,0.0,0.0,0
138.0,66.0,-46.0,0.0,0.0,0
138.0,66.0,-44.0,0.0,0.0,0
138.0,66.0,-42.0,0.0,0.0,0
138.0,68.0,-40.0,0.0,0.0,0
138.0,68.0,-38.0,0.0,0.0,0
138.0,68.0,-36.0,0.0,0.0,0
138.0,68.0,-34.0,0.0,0.0,0
138.0,68.0,-32.0,0.0,0.0,0
138.0,70.0,-40.0,0.0,0.0,0
138.0,70.0,-38.0,0.0,0.0,0
138.0,70.0,-36.0,0.0,0.0,0
138.0,70.0,-34.0,0.0,0.0,0
138.0,70.0,-32.0,0.0,0.0,0
138.0,72.0,-40.0,0.0,0.0,0
138.0,72.0,-38.0,0.0,0.0,0
138.0,72.0,-36.0,0.0,0.0,0
138.0,72.0,-34.0,0.0,0.0,0
138.0,72.0,-32.0,0.0,0.0,0
140.0,54.0,-56.0,0.0,0.0,0
140.0,54.0,-54.0,0.0,0.0,0
140.0,54.0,-52.0,0.0,0.0,0
140.0,54.0,-50.0,0.0,0.0,0
140.0,54.0,-48.0,0.0,0.0,0
140.0,54.0,-46.0,0.0,0.0,0
140.0,54.0,-44.0,0.0,0.0,0
140.0,54.0,-42.0,0.0,0.0,0
140.0,56.0,-56.0,0.0,0.0,0
140.0,56.0,-54.0,0.0,0.0,0
140.0,56.0,-52.0,0.0,0.0,0
140.0,56.0,-50.0,0.0,0.0,0
140.0,56.0,-48.0,0.0,0.0,0
140.0,56.0,-46.0,0.0,0.0,0
140.0,56.0,-44.0,0.0,0.0,0
140.0,56.0,-42.0,0.0,0.0,0
140.0,58.0,-54.0,0.0,0.0,0
140.0,58.0,-52.0,0.0,0.0,0
140.0,58.0,-50.0,0.0,0.0,0
140.0,58.0,-48.0,0.0,0.0,0
140.0,58.0,-46.0,0.0,0.0,0
140.0,58.0,-44.0,0.0,0.0,0
140.0,58.0,-42.0,0.0,0.0,0
140.0,60.0,-54.0,0.0,0.0,0
140.0,60.0,-52.0,0.0,0.0,0
140.0,60.0,-50.0,0.0,0.0,0
140.0,60.0,-48.0,0.0,0.0,0
140.0,60.0,-46.0,0.0,0.0,0
140.0,60.0,-44.0,0.0,0.0,0
140.0,60.0,-42.0,0.0,0.0,0
140.0,62.0,-52.0,0.0,0.0,0
140.0,62.0,-50.0,0.0,0.0,0
140.0,62.0,-48.0,0.0,0.0,0
140.0,62.0,-46.0,0.0,0.0,0
140.0,62.0,-44.0,0.0,0.0,0
140.0,62.0,-42.0,0.0,0.0,0
140.0,64.0,-52.0,0.0,0.0,0
140.0,64.0,-50.0,0.0,0.0,0
140.0,64.0,-48.0,0.0,0.0,0
140.0,64.0,-46.0,0.0,0.0,0
140.0,64.0,-44.0,0.0,0.0,0
140.0,64.0,-42.0,0.0,0.0,0
140.0,66.0,-40.0,0.0,0.0,0
140.0,66.0,-38.0,0.0,0.0,0
140.0,66.0,-36.0,0.0,0.0,0
140.0,66.0,-34.0,0.0,0.0,0
140.0,66.0,-32.0,0.0,0.0,0
140.0,68.0,-40.0,0.0,0.0,0
140.0,68.0,-38.0,0.0,0.0,0
140.0,68.0,-36.0,0.0,0.0,0
140.0,68.0,-34.0,0.0,0.0,0
140.0,68.0,-32.0,0.0,0.0,0
140.0,70.0,-40.0,0.0,0.0,0
140.0,70.0,-38.0,0.0,0.0,0
140.0,70.0,-36.0,0.0,0.0,0
140.0,70.0,-34.0,0.0,0.0,0
140.0,70.0,-32.0,0.0,0.0,0
140.0,72.0,-40.0,0.0,0.0,0
140.0,72.0,-38.0,0.0,0.0,0
140.0,72.0,-36.0,0.0,0.0,0
140.0,72.0,-34.0,0.0,0.0,0
140.0,72.0,-32.0,0.0,0.0,0
142.0,52.0,-46.0,0.0,0.0,0
142.0,52.0,-44.0,0.0,0.0,0
142.0,52.0,-42.0,0.0,0.0,0
142.0,54.0,-52.0,0.0,0.0,0
142.0,54.0,-50.0,0.0,0.0,0
142.0,54.0,-48.0,0.0,0.0,0
142.0,54.0,-46.0,0.0,0.0,0
142.0,54.0,-44.0,0.0,0.0,0
142.0,54.0,-42.0,0.0,0.0,0
142.0,54.0,-40.0,0.0,0.0,0
142.0,56.0,-56.0,0.0,0.0,0
142.0,56.0,-54.0,0.0,0.0,0
142.0,56.0,-52.0,0.0,0.0,0
142.0,56.0,-50.0,0.0,0.0,0
142.0,56.0,-48.0,0.0,0.0,0
142.0,56.0,-46.0,0.0,0.0,0
142.0,56.0,-44.0,0.0,0.0,0
142.0,56.0,-42.0,0.0,0.0,0
142.0,56.0,-40.0,0.0,0.0,0
142.0,58.0,-54.0,0.0,0.0,0
142.0,58.0,-52.0,0.0,0.0,0
142.0,58.0,-50.0,0.0,0.0,0
142.0,58.0,-48.0,0.0,0.0,0
142.0,58.0,-46.0,0.0,0.0,0
142.0,58.0,-44.0,0.0,0.0,0
142.0,58.0,-42.0,0.0,0.0,0
142.0,58.0,-40.0,0.0,0.0,0
142.0,60.0,-54.0,0.0,0.0,0
142.0,60.0,-52.0,0.0,0.0,0
142.0,60.0,-50.0,0.0,0.0,0
142.0,60.0,-48.0,0.0,0.0,0
142.0,60.0,-46.0,0.0,0.0,0
142.0,60.0,-44.0,0.0,0.0,0
142.0,60.0,-42.0,0.0,0.0,0
142.0,60.0,-40.0,0.0,0.0,0
142.0,62.0,-52.0,0.0,0.0,0
142.0,62.0,-50.0,0.0,0.0,0
142.0,62.0,-48.0,0.0,0.0,0
142.0,62.0,-46.0,0.0,0.0,0
142.0,62.0,-44.0,0.0,0.0,0
142.0,62.0,-42.0,0.0,0.0,0
142.0,62.0,-40.0,0.0,0.0,0
142.0,64.0,-52.0,0.0,0.0,0
142.0,64.0,-50.0,0.0,0.0,0
142.0,64.0,-48.0,0.0,0.0,0
142.0,64.0,-46.0,0.0,0.0,0
142.0,64.0,-44.0,0.0,0.0,0
142.0,64.0,-42.0,0.0,0.0,0
142.0,64.0,-40.0,0.0,0.0,0
142.0,66.0,-38.0,0.0,0.0,0
142.0,66.0,-36.0,0.0,0.0,0
142.0,66.0,-34.0,0.0,0.0,0
142.0,66.0,-32.0,0.0,0.0,0
142.0,68.0,-38.0,0.0,0.0,0
142.0,68.0,-36.0,0.0,0.0,0
142.0,68.0,-34.0,0.0,0.0,0
142.0,68.0,-32.0,0.0,0.0,0
142.0,70.0,-38.0,0.0,0.0,0
142.0,70.0,-36.0,0.0,0.0,0
142.0,70.0,-34.0,0.0,0.0,0
142.0,70.0,-32.0,0.0,0.0,0
142.0,72.0,-38.0,0.0,0.0,0
142.0,72.0,-36.0,0.0,0.0,0
142.0,72.0,-34.0,0.0,0.0,0
142.0,72.0,-32.0,0.0,0.0,0
124.0,74.0,-46.0,0.0,0.0,0
124.0,82.0,-42.0,0.0,0.0,0
124.0,82.0,-40.0,0.0,0.0,0
124.0,84.0,-40.0,0.0,0.0,0
126.0,74.0,-46.0,0.0,0.0,0
126.0,80.0,-42.0,0.0,0.0,0
126.0,80.0,-40.0,0.0,0.0,0
126.0,82.0,-42.0,0.0,0.0,0
126.0,82.0,-40.0,0.0,0.0,0
126.0,84.0,-42.0,0.0,0.0,0
126.0,84.0,-40.0,0.0,0.0,0
126.0,86.0,-40.0,0.0,0.0,0
126.0,88.0,-40.0,0.0,0.0,0
128.0,74.0,-46.0,0.0,0.0,0
128.0,76.0,-46.0,0.0,0.0,0
128.0,78.0,-44.0,0.0,0.0,0
128.0,78.0,-42.0,0.0,0.0,0
128.0,78.0,-40.0,0.0,0.0,0
128.0,78.0,-38.0,0.0,0.0,0
128.0,80.0,-44.0,0.0,0.0,0
128.0,80.0,-42.0,0.0,0.0,0
128.0,80.0,-40.0,0.0,0.0,0
128.0,80.0,-38.0,0.0,0.0,0
128.0,82.0,-42.0,0.0,0.0,0
128.0,82.0,-40.0,0.0,0.0,0
128.0,82.0,-38.0,0.0,0.0,0
128.0,84.0,-42.0,0.0,0.0,0
128.0,84.0,-40.0,0.0,0.0,0
128.0,86.0,-42.0,0.0,0.0,0
128.0,86.0,-40.0,0.0,0.0,0
128.0,88.0,-40.0,0.0,0.0,0
128.0,90.0,-40.0,0.0,0.0,0
130.0,74.0,-46.0,0.0,0.0,0
130.0,74.0,-44.0,0.0,0.0,0
130.0,76.0,-42.0,0.0,0.0,0
130.0,76.0,-40.0,0.0,0.0,0
130.0,76.0,-38.0,0.0,0.0,0
130.0,76.0,-36.0,0.0,0.0,0
130.0,78.0,-42.0,0.0,0.0,0
130.0,78.0,-40.0,0.0,0.0,0
130.0,78.0,-38.0,0.0,0.0,0
130.0,80.0,-42.0,0.0,0.0,0
130.0,80.0,-40.0,0.0,0.0,0
130.0,80.0,-38.0,0.0,0.0,0
130.0,82.0,-42.0,0.0,0.0,0
130.0,82.0,-40.0,0.0,0.0,0
130.0,82.0,-38.0,0.0,0.0,0
130.0,84.0,-42.0,0.0,0.0,0
130.0,84.0,-40.0,0.0,0.0,0
130.0,84.0,-38.0,0.0,0.0,0
130.0,86.0,-42.0,0.0,0.0,0
130.0,86.0,-40.0,0.0,0.0,0
130.0,86.0,-38.0,0.0,0.0,0
130.0,88.0,-42.0,0.0,0.0,0
130.0,88.0,-40.0,0.0,0.0,0
130.0,90.0,-40.0,0.0,0.0,0
132.0,74.0,-42.0,0.0,0.0,0
132.0,74.0,-40.0,0.0,0.0,0
132.0,74.0,-38.0,0.0,0.0,0
132.0,74.0,-36.0,0.0,0.0,0
132.0,76.0,-42.0,0.0,0.0,0
132.0,76.0,-40.0,0.0,0.0,0
132.0,76.0,-38.0,0.0,0.0,0
132.0,76.0,-36.0,0.0,0.0,0
132.0,78.0,-42.0,0.0,0.0,0
132.0,78.0,-40.0,0.0,0.0,0
132.0,78.0,-38.0,0.0,0.0,0
132.0,78.0,-36.0,0.0,0.0,0
132.0,80.0,-42.0,0.0,0.0,0
132.0,80.0,-40.0,0.0,0.0,0
132.0,80.0,-38.0,0.0,0.0,0
132.0,80.0,-36.0,0.0,0.0,0
132.0,82.0,-42.0,0.0,0.0,0
132.0,82.0,-40.0,0.0,0.0,0
132.0,82.0,-38.0,0.0,0.0,0
132.0,84.0,-42.0,0.0,0.0,0
132.0,84.0,-40.0,0.0,0.0,0
132.0,84.0,-38.0,0.0,0.0,0
132.0,86.0,-42.0,0.0,0.0,0
132.0,86.0,-40.0,0.0,0.0,0
132.0,86.0,-38.0,0.0,0.0,0
132.0,88.0,-42.0,0.0,0.0,0
132.0,88.0,-40.0,0.0,0.0,0
132.0,88.0,-38.0,0.0,0.0,0
132.0,90.0,-42.0,0.0,0.0,0
132.0,90.0,-40.0,0.0,0.0,0
134.0,74.0,-42.0,0.0,0.0,0
134.0,74.0,-40.0,0.0,0.0,0
134.0,74.0,-38.0,0.0,0.0,0
134.0,74.0,-36.0,0.0,0.0,0
134.0,74.0,-34.0,0.0,0.0,0
134.0,76.0,-42.0,0.0,0.0,0
134.0,76.0,-40.0,0.0,0.0,0
134.0,76.0,-38.0,0.0,0.0,0
134.0,76.0,-36.0,0.0,0.0,0
134.0,76.0,-34.0,0.0,0.0,0
134.0,78.0,-42.0,0.0,0.0,0
134.0,78.0,-40.0,0.0,0.0,0
134.0,78.0,-38.0,0.0,0.0,0
134.0,78.0,-36.0,0.0,0.0,0
134.0,80.0,-42.0,0.0,0.0,0
134.0,80.0,-40.0,0.0,0.0,0
134.0,80.0,-38.0,0.0,0.0,0
134.0,80.0,-36.0,0.0,0.0,0
134.0,82.0,-42.0,0.0,0.0,0
134.0,82.0,-40.0,0.0,0.0,0
134.0,82.0,-38.0,0.0,0.0,0
134.0,82.0,-36.0,0.0,0.0,0
134.0,84.0,-42.0,0.0,0.0,0
134.0,84.0,-40.0,0.0,0.0,0
134.0,84.0,-38.0,0.0,0.0,0
134.0,84.0,-36.0,0.0,0.0,0
134.0,86.0,-42.0,0.0,0.0,0
134.0,86.0,-40.0,0.0,0.0,0
134.0,86.0,-38.0,0.0,0.0,0
134.0,88.0,-42.0,0.0,0.0,0
134.0,88.0,-40.0,0.0,0.0,0
134.0,88.0,-38.0,0.0,0.0,0
134.0,90.0,-42.0,0.0,0.0,0
134.0,90.0,-40.0,0.0,0.0,0
134.0,90.0,-38.0,0.0,0.0,0
136.0,74.0,-40.0,0.0,0.0,0
136.0,74.0,-38.0,0.0,0.0,0
136.0,74.0,-36.0,0.0,0.0,0
136.0,74.0,-34.0,0.0,0.0,0
136.0,76.0,-42.0,0.0,0.0,0
136.0,76.0,-40.0,0.0,0.0,0
136.0,76.0,-38.0,0.0,0.0,0
136.0,76.0,-36.0,0.0,0.0,0
136.0,76.0,-34.0,0.0,0.0,0
136.0,78.0,-42.0,0.0,0.0,0
136.0,78.0,-40.0,0.0,0.0,0
136.0,78.0,-38.0,0.0,0.0,0
136.0,78.0,-36.0,0.0,0.0,0
136.0,78.0,-34.0,0.0,0.0,0
136.0,80.0,-42.0,0.0,0.0,0
136.0,80.0,-40.0,0.0,0.0,0
136.0,80.0,-38.0,0.0,0.0,0
136.0,80.0,-36.0,0.0,0.0,0
136.0,80.0,-34.0,0.0,0.0,0
136.0,82.0,-42.0,0.0,0.0,0
136.0,82.0,-40.0,0.0,0.0,0
136.0,82.0,-38.0,0.0,0.0,0
136.0,82.0,-36.0,0.0,0.0,0
136.0,84.0,-42.0,0.0,0.0,0
136.0,84.0,-40.0,0.0,0.0,0
136.0,84.0,-38.0,0.0,0.0,0
136.0,84.0,-36.0,0.0,0.0,0
136.0,86.0,-42.0,0.0,0.0,0
136.0,86.0,-40.0,0.0,0.0,0
136.0,86.0,-38.0,0.0,0.0,0
136.0,86.0,-36.0,0.0,0.0,0
136.0,88.0,-42.0,0.0,0.0,0
136.0,88.0,-40.0,0.0,0.0,0
136.0,88.0,-38.0,0.0,0.0,0
136.0,88.0,-36.0,0.0,0.0,0
136.0,90.0,-42.0,0.0,0.0,0
136.0,90.0,-40.0,0.0,0.0,0
136.0,90.0,-38.0,0.0,0.0,0
138.0,74.0,-40.0,0.0,0.0,0
138.0,74.0,-38.0,0.0,0.0,0
138.0,74.0,-36.0,0.0,0.0,0
138.0,74.0,-34.0,0.0,0.0,0
138.0,74.0,-32.0,0.0,0.0,0
138.0,76.0,-40.0,0.0,0.0,0
138.0,76.0,-38.0,0.0,0.0,0
138.0,76.0,-36.0,0.0,0.0,0
138.0,76.0,-34.0,0.0,0.0,0
138.0,76.0,-32.0,0.0,0.0,0
138.0,78.0,-40.0,0.0,0.0,0
138.0,78.0,-38.0,0.0,0.0,0
138.0,78.0,-36.0,0.0,0.0,0
138.0,78.0,-34.0,0.0,0.0,0
138.0,80.0,-40.0,0.0,0.0,0
138.0,80.0,-38.0,0.0,0.0,0
138.0,80.0,-36.0,0.0,0.0,0
138.0,80.0,-34.0,0.0,0.0,0
138.0,82.0,-42.0,0.0,0.0,0
138.0,82.0,-40.0,0.0,0.0,0
138.0,82.0,-38.0,0.0,0.0,0
138.0,82.0,-36.0,0.0,0.0,0
138.0,82.0,-34.0,0.0,0.0,0
138.0,84.0,-42.0,0.0,0.0,0
138.0,84.0,-40.0,0.0,0.0,0
138.0,84.0,-38.0,0.0,0.0,0
138.0,84.0,-36.0,0.0,0.0,0
138.0,84.0,-34.0,0.0,0.0,0
138.0,86.0,-42.0,0.0,0.0,0
138.0,86.0,-40.0,0.0,0.0,0
138.0,86.0,-38.0,0.0,0.0,0
138.0,86.0,-36.0,0.0,0.0,0
138.0,88.0,-42.0,0.0,0.0,0
138.0,88.0,-40.0,0.0,0.0,0
138.0,88.0,-38.0,0.0,0.0,0
138.0,88.0,-36.0,0.0,0.0,0
138.0,90.0,-42.0,0.0,0.0,0
138.0,90.0,-40.0,0.0,0.0,0
138.0,90.0,-38.0,0.0,0.0,0
138.0,90.0,-36.0,0.0,0.0,0
140.0,68.0,-30.0,0.0,0.0,0
140.0,70.0,-30.0,0.0,0.0,0
140.0,74.0,-40.0,0.0,0.0,0
140.0,74.0,-38.0,0.0,0.0,0
140.0,74.0,-36.0,0.0,0.0,0
140.0,74.0,-34.0,0.0,0.0,0
140.0,74.0,-32.0,0.0,0.0,0
140.0,76.0,-40.0,0.0,0.0,0
140.0,76.0,-38.0,0.0,0.0,0
140.0,76.0,-36.0,0.0,0.0,0
140.0,76.0,-34.0,0.0,0.0,0
140.0,76.0,-32.0,0.0,0.0,0
140.0,78.0,-40.0,0.0,0.0,0
140.0,78.0,-38.0,0.0,0.0,0
140.0,78.0,-36.0,0.0,0.0,0
140.0,78.0,-34.0,0.0,0.0,0
140.0,78.0,-32.0,0.0,0.0,0
140.0,80.0,-40.0,0.0,0.0,0
140.0,80.0,-38.0,0.0,0.0,0
140.0,80.0,-36.0,0.0,0.0,0
140.0,80.0,-34.0,0.0,0.0,0
140.0,80.0,-32.0,0.0,0.0,0
140.0,82.0,-40.0,0.0,0.0,0
140.0,82.0,-38.0,0.0,0.0,0
140.0,82.0,-36.0,0.0,0.0,0
140.0,82.0,-34.0,0.0,0.0,0
140.0,84.0,-40.0,0.0,0.0,0
140.0,84.0,-38.0,0.0,0.0,0
140.0,84.0,-36.0,0.0,0.0,0
140.0,84.0,-34.0,0.0,0.0,0
140.0,86.0,-42.0,0.0,0.0,0
140.0,86.0,-40.0,0.0,0.0,0
140.0,86.0,-38.0,0.0,0.0,0
140.0,86.0,-36.0,0.0,0.0,0
140.0,86.0,-34.0,0.0,0.0,0
140.0,88.0,-42.0,0.0,0.0,0
140.0,88.0,-40.0,0.0,0.0,0
140.0,88.0,-38.0,0.0,0.0,0
140.0,88.0,-36.0,0.0,0.0,0
140.0,88.0,-34.0,0.0,0.0,0
140.0,90.0,-42.0,0.0,0.0,0
140.0,90.0,-40.0,0.0,0.0,0
140.0,90.0,-38.0,0.0,0.0,0
140.0,90.0,-36.0,0.0,0.0,0
142.0,68.0,-30.0,0.0,0.0,0
142.0,70.0,-30.0,0.0,0.0,0
142.0,72.0,-30.0,0.0,0.0,0
142.0,74.0,-38.0,0.0,0.0,0
142.0,74.0,-36.0,0.0,0.0,0
142.0,74.0,-34.0,0.0,0.0,0
142.0,74.0,-32.0,0.0,0.0,0
142.0,74.0,-30.0,0.0,0.0,0
142.0,76.0,-40.0,0.0,0.0,0
142.0,76.0,-38.0,0.0,0.0,0
142.0,76.0,-36.0,0.0,0.0,0
142.0,76.0,-34.0,0.0,0.0,0
142.0,76.0,-32.0,0.0,0.0,0
142.0,76.0,-30.0,0.0,0.0,0
142.0,78.0,-40.0,0.0,0.0,0
142.0,78.0,-38.0,0.0,0.0,0
142.0,78.0,-36.0,0.0,0.0,0
142.0,78.0,-34.0,0.0,0.0,0
142.0,78.0,-32.0,0.0,0.0,0
142.0,80.0,-40.0,0.0,0.0,0
142.0,80.0,-38.0,0.0,0.0,0
142.0,80.0,-36.0,0.0,0.0,0
142.0,80.0,-34.0,0.0,0.0,0
142.0,80.0,-32.0,0.0,0.0,0
142.0,82.0,-40.0,0.0,0.0,0
142.0,82.0,-38.0,0.0,0.0,0
142.0,82.0,-36.0,0.0,0.0,0
142.0,82.0,-34.0,0.0,0.0,0
142.0,82.0,-32.0,0.0,0.0,0
142.0,84.0,-40.0,0.0,0.0,0
142.0,84.0,-38.0,0.0,0.0,0
142.0,84.0,-36.0,0.0,0.0,0
142.0,84.0,-34.0,0.0,0.0,0
142.0,84.0,-32.0,0.0,0.0,0
142.0,86.0,-40.0,0.0,0.0,0
142.0,86.0,-38.0,0.0,0.0,0
142.0,86.0,-36.0,0.0,0.0,0
142.0,86.0,-34.0,0.0,0.0,0
142.0,88.0,-40.0,0.0,0.0,0
142.0,88.0,-38.0,0.0,0.0,0
142.0,88.0,-36.0,0.0,0.0,0
142.0,88.0,-34.0,0.0,0.0,0
142.0,90.0,-42.0,0.0,0.0,0
142.0,90.0,-40.0,0.0,0.0,0
142.0,90.0,-38.0,0.0,0.0,0
142.0,90.0,-36.0,0.0,0.0,0
142.0,90.0,-34.0,0.0,0.0,0
144.0,52.0,-40.0,0.0,0.0,0
144.0,54.0,-46.0,0.0,0.0,0
144.0,54.0,-44.0,0.0,0.0,0
144.0,54.0,-42.0,0.0,0.0,0
144.0,54.0,-40.0,0.0,0.0,0
144.0,56.0,-54.0,0.0,0.0,0
144.0,56.0,-52.0,0.0,0.0,0
144.0,56.0,-50.0,0.0,0.0,0
144.0,56.0,-48.0,0.0,0.0,0
144.0,56.0,-46.0,0.0,0.0,0
144.0,56.0,-44.0,0.0,0.0,0
144.0,56.0,-42.0,0.0,0.0,0
144.0,56.0,-40.0,0.0,0.0,0
144.0,58.0,-54.0,0.0,0.0,0
144.0,58.0,-52.0,0.0,0.0,0
144.0,58.0,-50.0,0.0,0.0,0
144.0,58.0,-48.0,0.0,0.0,0
144.0,58.0,-46.0,0.0,0.0,0
144.0,58.0,-44.0,0.0,0.0,0
144.0,58.0,-42.0,0.0,0.0,0
144.0,58.0,-40.0,0.0,0.0,0
144.0,60.0,-52.0,0.0,0.0,0
144.0,60.0,-50.0,0.0,0.0,0
144.0,60.0,-48.0,0.0,0.0,0
144.0,60.0,-46.0,0.0,0.0,0
144.0,60.0,-44.0,0.0,0.0,0
144.0,60.0,-42.0,0.0,0.0,0
144.0,60.0,-40.0,0.0,0.0,0
144.0,62.0,-52.0,0.0,0.0,0
144.0,62.0,-50.0,0.0,0.0,0
144.0,62.0,-48.0,0.0,0.0,0
144.0,62.0,-46.0,0.0,0.0,0
144.0,62.0,-44.0,0.0,0.0,0
144.0,62.0,-42.0,0.0,0.0,0
144.0,62.0,-40.0,0.0,0.0,0
144.0,64.0,-38.0,0.0,0.0,0
144.0,64.0,-36.0,0.0,0.0,0
144.0,64.0,-34.0,0.0,0.0,0
144.0,64.0,-32.0,0.0,0.0,0
144.0,66.0,-38.0,0.0,0.0,0
144.0,66.0,-36.0,0.0,0.0,0
144.0,66.0,-34.0,0.0,0.0,0
144.0,66.0,-32.0,0.0,0.0,0
144.0,68.0,-38.0,0.0,0.0,0
144.0,68.0,-36.0,0.0,0.0,0
144.0,68.0,-34.0,0.0,0.0,0
144.0,68.0,-32.0,0.0,0.0,0
144.0,70.0,-38.0,0.0,0.0,0
144.0,70.0,-36.0,0.0,0.0,0
144.0,70.0,-34.0,0.0,0.0,0
144.0,70.0,-32.0,0.0,0.0,0
144.0,72.0,-38.0,0.0,0.0,0
144.0,72.0,-36.0,0.0,0.0,0
144.0,72.0,-34.0,0.0,0.0,0
144.0,72.0,-32.0,0.0,0.0,0
146.0,54.0,-40.0,0.0,0.0,0
146.0,54.0,-38.0,0.0,0.0,0
146.0,56.0,-46.0,0.0,0.0,0
146.0,56.0,-44.0,0.0,0.0,0
146.0,56.0,-42.0,0.0,0.0,0
146.0,56.0,-40.0,0.0,0.0,0
146.0,56.0,-38.0,0.0,0.0,0
146.0,58.0,-54.0,0.0,0.0,0
146.0,58.0,-52.0,0.0,0.0,0
146.0,58.0,-50.0,0.0,0.0,0
146.0,58.0,-48.0,0.0,0.0,0
146.0,58.0,-46.0,0.0,0.0,0
146.0,58.0,-44.0,0.0,0.0,0
146.0,58.0,-42.0,0.0,0.0,0
146.0,58.0,-40.0,0.0,0.0,0
146.0,58.0,-38.0,0.0,0.0,0
146.0,60.0,-52.0,0.0,0.0,0
146.0,60.0,-50.0,0.0,0.0,0
146.0,60.0,-48.0,0.0,0.0,0
146.0,60.0,-46.0,0.0,0.0,0
146.0,60.0,-44.0,0.0,0.0,0
146.0,60.0,-42.0,0.0,0.0,0
146.0,60.0,-40.0,0.0,0.0,0
146.0,60.0,-38.0,0.0,0.0,0
146.0,62.0,-36.0,0.0,0.0,0
146.0,62.0,-34.0,0.0,0.0,0
146.0,62.0,-32.0,0.0,0.0,0
146.0,64.0,-36.0,0.0,0.0,0
146.0,64.0,-34.0,0.0,0.0,0
146.0,64.0,-32.0,0.0,0.0,0
146.0,66.0,-36.0,0.0,0.0,0
146.0,66.0,-34.0,0.0,0.0,0
146.0,66.0,-32.0,0.0,0.0,0
146.0,68.0,-36.0,0.0,0.0,0
146.0,68.0,-34.0,0.0,0.0,0
146.0,68.0,-32.0,0.0,0.0,0
146.0,70.0,-36.0,0.0,0.0,0
146.0,70.0,-34.0,0.0,0.0,0
146.0,70.0,-32.0,0.0,0.0,0
146.0,72.0,-38.0,0.0,0.0,0
146.0,72.0,-36.0,0.0,0.0,0
146.0,72.0,-34.0,0.0,0.0,0
146.0,72.0,-32.0,0.0,0.0,0
148.0,56.0,-38.0,0.0,0.0,0
148.0,58.0,-48.0,0.0,0.0,0
148.0,58.0,-46.0,0.0,0.0,0
148.0,58.0,-44.0,0.0,0.0,0
148.0,58.0,-42.0,0.0,0.0,0
148.0,58.0,-40.0,0.0,0.0,0
148.0,58.0,-38.0,0.0,0.0,0
148.0,60.0,-52.0,0.0,0.0,0
148.0,60.0,-50.0,0.0,0.0,0
148.0,60.0,-48.0,0.0,0.0,0
148.0,60.0,-46.0,0.0,0.0,0
148.0,60.0,-44.0,0.0,0.0,0
148.0,60.0,-42.0,0.0,0.0,0
148.0,60.0,-40.0,0.0,0.0,0
148.0,60.0,-38.0,0.0,0.0,0
148.0,62.0,-36.0,0.0,0.0,0
148.0,62.0,-34.0,0.0,0.0,0
148.0,62.0,-32.0,0.0,0.0,0
148.0,64.0,-36.0,0.0,0.0,0
148.0,64.0,-34.0,0.0,0.0,0
148.0,64.0,-32.0,0.0,0.0,0
148.0,66.0,-36.0,0.0,0.0,0
148.0,66.0,-34.0,0.0,0.0,0
148.0,66.0,-32.0,0.0,0.0,0
148.0,68.0,-36.0,0.0,0.0,0
148.0,68.0,-34.0,0.0,0.0,0
148.0,68.0,-32.0,0.0,0.0,0
148.0,70.0,-36.0,0.0,0.0,0
148.0,70.0,-34.0,0.0,0.0,0
148.0,70.0,-32.0,0.0,0.0,0
148.0,72.0,-36.0,0.0,0.0,0
148.0,72.0,-34.0,0.0,0.0,0
148.0,72.0,-32.0,0.0,0.0,0
150.0,58.0,-36.0,0.0,0.0,0
150.0,60.0,-34.0,0.0,0.0,0
150.0,60.0,-32.0,0.0,0.0,0
150.0,62.0,-34.0,0.0,0.0,0
150.0,62.0,-32.0,0.0,0.0,0
150.0,64.0,-34.0,0.0,0.0,0
150.0,64.0,-32.0,0.0,0.0,0
150.0,66.0,-34.0,0.0,0.0,0
150.0,66.0,-32.0,0.0,0.0,0
150.0,68.0,-34.0,0.0,0.0,0
150.0,68.0,-32.0,0.0,0.0,0
150.0,70.0,-36.0,0.0,0.0,0
150.0,70.0,-34.0,0.0,0.0,0
150.0,70.0,-32.0,0.0,0.0,0
150.0,72.0,-36.0,0.0,0.0,0
150.0,72.0,-34.0,0.0,0.0,0
150.0,72.0,-32.0,0.0,0.0,0
152.0,60.0,-32.0,0.0,0.0,0
152.0,62.0,-34.0,0.0,0.0,0
152.0,62.0,-32.0,0.0,0.0,0
152.0,64.0,-34.0,0.0,0.0,0
152.0,64.0,-32.0,0.0,0.0,0
152.0,66.0,-34.0,0.0,0.0,0
152.0,66.0,-32.0,0.0,0.0,0
152.0,68.0,-34.0,0.0,0.0,0
152.0,68.0,-32.0,0.0,0.0,0
152.0,70.0,-34.0,0.0,0.0,0
152.0,70.0,-32.0,0.0,0.0,0
152.0,72.0,-34.0,0.0,0.0,0
152.0,72.0,-32.0,0.0,0.0,0
140.0,66.0,-30.0,0.0,0.0,0
142.0,66.0,-30.0,0.0,0.0,0
144.0,64.0,-30.0,0.0,0.0,0
144.0,64.0,-28.0,0.0,0.0,0
144.0,66.0,-30.0,0.0,0.0,0
144.0,66.0,-28.0,0.0,0.0,0
144.0,68.0,-30.0,0.0,0.0,0
144.0,68.0,-28.0,0.0,0.0,0
144.0,70.0,-30.0,0.0,0.0,0
144.0,70.0,-28.0,0.0,0.0,0
144.0,72.0,-30.0,0.0,0.0,0
144.0,72.0,-28.0,0.0,0.0,0
144.0,74.0,-38.0,0.0,0.0,0
144.0,74.0,-36.0,0.0,0.0,0
144.0,74.0,-34.0,0.0,0.0,0
144.0,74.0,-32.0,0.0,0.0,0
144.0,74.0,-30.0,0.0,0.0,0
144.0,76.0,-38.0,0.0,0.0,0
144.0,76.0,-36.0,0.0,0.0,0
144.0,76.0,-34.0,0.0,0.0,0
144.0,76.0,-32.0,0.0,0.0,0
144.0,76.0,-30.0,0.0,0.0,0
144.0,78.0,-38.0,0.0,0.0,0
144.0,78.0,-36.0,0.0,0.0,0
144.0,78.0,-34.0,0.0,0.0,0
144.0,78.0,-32.0,0.0,0.0,0
144.0,78.0,-30.0,0.0,0.0,0
144.0,80.0,-38.0,0.0,0.0,0
144.0,80.0,-36.0,0.0,0.0,0
144.0,80.0,-34.0,0.0,0.0,0
144.0,80.0,-32.0,0.0,0.0,0
144.0,80.0,-30.0,0.0,0.0,0
144.0,82.0,-40.0,0.0,0.0,0
144.0,82.0,-38.0,0.0,0.0,0
144.0,82.0,-36.0,0.0,0.0,0
144.0,82.0,-34.0,0.0,0.0,0
144.0,82.0,-32.0,0.0,0.0,0
144.0,82.0,-30.0,0.0,0.0,0
146.0,62.0,-30.0,0.0,0.0,0
146.0,62.0,-28.0,0.0,0.0,0
146.0,62.0,-26.0,0.0,0.0,0
146.0,64.0,-30.0,0.0,0.0,0
146.0,64.0,-28.0,0.0,0.0,0
146.0,64.0,-26.0,0.0,0.0,0
146.0,66.0,-30.0,0.0,0.0,0
146.0,66.0,-28.0,0.0,0.0,0
146.0,66.0,-26.0,0.0,0.0,0
146.0,68.0,-30.0,0.0,0.0,0
146.0,68.0,-28.0,0.0,0.0,0
146.0,70.0,-30.0,0.0,0.0,0
146.0,70.0,-28.0,0.0,0.0,0
146.0,72.0,-30.0,0.0,0.0,0
146.0,72.0,-28.0,0.0,0.0,0
146.0,74.0,-38.0,0.0,0.0,0
146.0,74.0,-36.0,0.0,0.0,0
146.0,74.0,-34.0,0.0,0.0,0
146.0,74.0,-32.0,0.0,0.0,0
146.0,74.0,-30.0,0.0,0.0,0
146.0,74.0,-28.0,0.0,0.0,0
146.0,76.0,-38.0,0.0,0.0,0
146.0,76.0,-36.0,0.0,0.0,0
146.0,76.0,-34.0,0.0,0.0,0
146.0,76.0,-32.0,0.0,0.0,0
146.0,76.0,-30.0,0.0,0.0,0
146.0,76.0,-28.0,0.0,0.0,0
146.0,78.0,-38.0,0.0,0.0,0
146.0,78.0,-36.0,0.0,0.0,0
146.0,78.0,-34.0,0.0,0.0,0
146.0,78.0,-32.0,0.0,0.0,0
146.0,78.0,-30.0,0.0,0.0,0
146.0,78.0,-28.0,0.0,0.0,0
146.0,80.0,-38.0,0.0,0.0,0
146.0,80.0,-36.0,0.0,0.0,0
146.0,80.0,-34.0,0.0,0.0,0
146.0,80.0,-32.0,0.0,0.0,0
146.0,80.0,-30.0,0.0,0.0,0
146.0,82.0,-38.0,0.0,0.0,0
146.0,82.0,-36.0,0.0,0.0,0
146.0,82.0,-34.0,0.0,0.0,0
146.0,82.0,-32.0,0.0,0.0,0
146.0,82.0,-30.0,0.0,0.0,0
148.0,62.0,-30.0,0.0,0.0,0
148.0,62.0,-28.0,0.0,0.0,0
148.0,62.0,-26.0,0.0,0.0,0
148.0,64.0,-30.0,0.0,0.0,0
148.0,64.0,-28.0,0.0,0.0,0
148.0,64.0,-26.0,0.0,0.0,0
148.0,66.0,-30.0,0.0,0.0,0
148.0,66.0,-28.0,0.0,0.0,0
148.0,66.0,-26.0,0.0,0.0,0
148.0,68.0,-30.0,0.0,0.0,0
148.0,68.0,-28.0,0.0,0.0,0
148.0,68.0,-26.0,0.0,0.0,0
148.0,70.0,-30.0,0.0,0.0,0
148.0,70.0,-28.0,0.0,0.0,0
148.0,70.0,-26.0,0.0,0.0,0
148.0,72.0,-30.0,0.0,0.0,0
148.0,72.0,-28.0,0.0,0.0,0
148.0,72.0,-26.0,0.0,0.0,0
148.0,74.0,-36.0,0.0,0.0,0
148.0,74.0,-34.0,0.0,0.0,0
148.0,74.0,-32.0,0.0,0.0,0
148.0,74.0,-30.0,0.0,0.0,0
148.0,74.0,-28.0,0.0,0.0,0
148.0,74.0,-26.0,0.0,0.0,0
148.0,76.0,-36.0,0.0,0.0,0
148.0,76.0,-34.0,0.0,0.0,0
148.0,76.0,-32.0,0.0,0.0,0
148.0,76.0,-30.0,0.0,0.0,0
148.0,76.0,-28.0,0.0,0.0,0
148.0,78.0,-38.0,0.0,0.0,0
148.0,78.0,-36.0,0.0,0.0,0
148.0,78.0,-34.0,0.0,0.0,0
148.0,78.0,-32.0,0.0,0.0,0
148.0,78.0,-30.0,0.0,0.0,0
148.0,78.0,-28.0,0.0,0.0,0
148.0,80.0,-38.0,0.0,0.0,0
148.0,80.0,-36.0,0.0,0.0,0
148.0,80.0,-34.0,0.0,0.0,0
148.0,80.0,-32.0,0.0,0.0,0
148.0,80.0,-30.0,0.0,0.0,0
148.0,80.0,-28.0,0.0,0.0,0
148.0,82.0,-38.0,0.0,0.0,0
148.0,82.0,-36.0,0.0,0.0,0
148.0,82.0,-34.0,0.0,0.0,0
148.0,82.0,-32.0,0.0,0.0,0
148.0,82.0,-30.0,0.0,0.0,0
148.0,82.0,-28.0,0.0,0.0,0
150.0,60.0,-30.0,0.0,0.0,0
150.0,60.0,-28.0,0.0,0.0,0
150.0,60.0,-26.0,0.0,0.0,0
150.0,60.0,-24.0,0.0,0.0,0
150.0,62.0,-30.0,0.0,0.0,0
150.0,62.0,-28.0,0.0,0.0,0
150.0,62.0,-26.0,0.0,0.0,0
150.0,62.0,-24.0,0.0,0.0,0
150.0,64.0,-30.0,0.0,0.0,0
150.0,64.0,-28.0,0.0,0.0,0
150.0,64.0,-26.0,0.0,0.0,0
150.0,64.0,-24.0,0.0,0.0,0
150.0,66.0,-30.0,0.0,0.0,0
150.0,66.0,-28.0,0.0,0.0,0
150.0,66.0,-26.0,0.0,0.0,0
150.0,66.0,-24.0,0.0,0.0,0
150.0,68.0,-30.0,0.0,0.0,0
150.0,68.0,-28.0,0.0,0.0,0
150.0,68.0,-26.0,0.0,0.0,0
150.0,68.0,-24.0,0.0,0.0,0
150.0,70.0,-30.0,0.0,0.0,0
150.0,70.0,-28.0,0.0,0.0,0
150.0,70.0,-26.0,0.0,0.0,0
150.0,70.0,-24.0,0.0,0.0,0
150.0,72.0,-30.0,0.0,0.0,0
150.0,72.0,-28.0,0.0,0.0,0
150.0,72.0,-26.0,0.0,0.0,0
150.0,74.0,-36.0,0.0,0.0,0
150.0,74.0,-34.0,0.0,0.0,0
150.0,74.0,-32.0,0.0,0.0,0
150.0,74.0,-30.0,0.0,0.0,0
150.0,74.0,-28.0,0.0,0.0,0
150.0,74.0,-26.0,0.0,0.0,0
150.0,76.0,-36.0,0.0,0.0,0
150.0,76.0,-34.0,0.0,0.0,0
150.0,76.0,-32.0,0.0,0.0,0
150.0,76.0,-30.0,0.0,0.0,0
150.0,76.0,-28.0,0.0,0.0,0
150.0,76.0,-26.0,0.0,0.0,0
150.0,78.0,-36.0,0.0,0.0,0
150.0,78.0,-34.0,0.0,0.0,0
150.0,78.0,-32.0,0.0,0.0,0
150.0,78.0,-30.0,0.0,0.0,0
150.0,78.0,-28.0,0.0,0.0,0
150.0,78.0,-26.0,0.0,0.0,0
150.0,80.0,-36.0,0.0,0.0,0
150.0,80.0,-34.0,0.0,0.0,0
150.0,80.0,-32.0,0.0,0.0,0
150.0,80.0,-30.0,0.0,0.0,0
150.0,80.0,-28.0,0.0,0.0,0
150.0,80.0,-26.0,0.0,0.0,0
150.0,82.0,-36.0,0.0,0.0,0
150.0,82.0,-34.0,0.0,0.0,0
150.0,82.0,-32.0,0.0,0.0,0
150.0,82.0,-30.0,0.0,0.0,0
150.0,82.0,-28.0,0.0,0.0,0
152.0,60.0,-30.0,0.0,0.0,0
152.0,60.0,-28.0,0.0,0.0,0
152.0,60.0,-26.0,0.0,0.0,0
152.0,60.0,-24.0,0.0,0.0,0
152.0,60.0,-22.0,0.0,0.0,0
152.0,62.0,-30.0,0.0,0.0,0
152.0,62.0,-28.0,0.0,0.0,0
152.0,62.0,-26.0,0.0,0.0,0
152.0,62.0,-24.0,0.0,0.0,0
152.0,62.0,-22.0,0.0,0.0,0
152.0,64.0,-30.0,0.0,0.0,0
152.0,64.0,-28.0,0.0,0.0,0
152.0,64.0,-26.0,0.0,0.0,0
152.0,64.0,-24.0,0.0,0.0,0
152.0,64.0,-22.0,0.0,0.0,0
152.0,66.0,-30.0,0.0,0.0,0
152.0,66.0,-28.0,0.0,0.0,0
152.0,66.0,-26.0,0.0,0.0,0
152.0,66.0,-24.0,0.0,0.0,0
152.0,66.0,-22.0,0.0,0.0,0
152.0,68.0,-30.0,0.0,0.0,0
152.0,68.0,-28.0,0.0,0.0,0
152.0,68.0,-26.0,0.0,0.0,0
152.0,68.0,-24.0,0.0,0.0,0
152.0,70.0,-30.0,0.0,0.0,0
152.0,70.0,-28.0,0.0,0.0,0
152.0,70.0,-26.0,0.0,0.0,0
152.0,70.0,-24.0,0.0,0.0,0
152.0,72.0,-30.0,0.0,0.0,0
152.0,72.0,-28.0,0.0,0.0,0
152.0,72.0,-26.0,0.0,0.0,0
152.0,72.0,-24.0,0.0,0.0,0
152.0,74.0,-34.0,0.0,0.0,0
152.0,74.0,-32.0,0.0,0.0,0
152.0,74.0,-30.0,0.0,0.0,0
152.0,74.0,-28.0,0.0,0.0,0
152.0,74.0,-26.0,0.0,0.0,0
152.0,74.0,-24.0,0.0,0.0,0
152.0,76.0,-34.0,0.0,0.0,0
152.0,76.0,-32.0,0.0,0.0,0
152.0,76.0,-30.0,0.0,0.0,0
152.0,76.0,-28.0,0.0,0.0,0
152.0,76.0,-26.0,0.0,0.0,0
152.0,76.0,-24.0,0.0,0.0,0
152.0,78.0,-36.0,0.0,0.0,0
152.0,78.0,-34.0,0.0,0.0,0
152.0,78.0,-32.0,0.0,0.0,0
152.0,78.0,-30.0,0.0,0.0,0
152.0,78.0,-28.0,0.0,0.0,0
152.0,78.0,-26.0,0.0,0.0,0
152.0,78.0,-24.0,0.0,0.0,0
152.0,80.0,-36.0,0.0,0.0,0
152.0,80.0,-34.0,0.0,0.0,0
152.0,80.0,-32.0,0.0,0.0,0
152.0,80.0,-30.0,0.0,0.0,0
152.0,80.0,-28.0,0.0,0.0,0
152.0,80.0,-26.0,0.0,0.0,0
152.0,82.0,-36.0,0.0,0.0,0
152.0,82.0,-34.0,0.0,0.0,0
152.0,82.0,-32.0,0.0,0.0,0
152.0,82.0,-30.0,0.0,0.0,0
152.0,82.0,-28.0,0.0,0.0,0
152.0,82.0,-26.0,0.0,0.0,0
144.0,84.0,-40.0,0.0,0.0,0
144.0,84.0,-38.0,0.0,0.0,0
144.0,84.0,-36.0,0.0,0.0,0
144.0,84.0,-34.0,0.0,0.0,0
144.0,84.0,-32.0,0.0,0.0,0
144.0,86.0,-40.0,0.0,0.0,0
144.0,86.0,-38.0,0.0,0.0,0
144.0,86.0,-36.0,0.0,0.0,0
144.0,86.0,-34.0,0.0,0.0,0
144.0,86.0,-32.0,0.0,0.0,0
144.0,88.0,-40.0,0.0,0.0,0
144.0,88.0,-38.0,0.0,0.0,0
144.0,88.0,-36.0,0.0,0.0,0
144.0,88.0,-34.0,0.0,0.0,0
144.0,88.0,-32.0,0.0,0.0,0
144.0,90.0,-40.0,0.0,0.0,0
144.0,90.0,-38.0,0.0,0.0,0
144.0,90.0,-36.0,0.0,0.0,0
144.0,90.0,-34.0,0.0,0.0,0
146.0,84.0,-38.0,0.0,0.0,0
146.0,84.0,-36.0,0.0,0.0,0
146.0,84.0,-34.0,0.0,0.0,0
146.0,84.0,-32.0,0.0,0.0,0
146.0,84.0,-30.0,0.0,0.0,0
146.0,86.0,-40.0,0.0,0.0,0
146.0,86.0,-38.0,0.0,0.0,0
146.0,86.0,-36.0,0.0,0.0,0
146.0,86.0,-34.0,0.0,0.0,0
146.0,86.0,-32.0,0.0,0.0,0
146.0,86.0,-30.0,0.0,0.0,0
146.0,88.0,-40.0,0.0,0.0,0
146.0,88.0,-38.0,0.0,0.0,0
146.0,88.0,-36.0,0.0,0.0,0
146.0,88.0,-34.0,0.0,0.0,0
146.0,88.0,-32.0,0.0,0.0,0
146.0,90.0,-40.0,0.0,0.0,0
146.0,90.0,-38.0,0.0,0.0,0
146.0,90.0,-36.0,0.0,0.0,0
146.0,90.0,-34.0,0.0,0.0,0
146.0,90.0,-32.0,0.0,0.0,0
148.0,84.0,-38.0,0.0,0.0,0
148.0,84.0,-36.0,0.0,0.0,0
148.0,84.0,-34.0,0.0,0.0,0
148.0,84.0,-32.0,0.0,0.0,0
148.0,84.0,-30.0,0.0,0.0,0
148.0,84.0,-28.0,0.0,0.0,0
148.0,86.0,-38.0,0.0,0.0,0
148.0,86.0,-36.0,0.0,0.0,0
148.0,86.0,-34.0,0.0,0.0,0
148.0,86.0,-32.0,0.0,0.0,0
148.0,86.0,-30.0,0.0,0.0,0
148.0,88.0,-40.0,0.0,0.0,0
148.0,88.0,-38.0,0.0,0.0,0
148.0,88.0,-36.0,0.0,0.0,0
148.0,88.0,-34.0,0.0,0.0,0
148.0,88.0,-32.0,0.0,0.0,0
148.0,88.0,-30.0,0.0,0.0,0
148.0,90.0,-40.0,0.0,0.0,0
148.0,90.0,-38.0,0.0,0.0,0
148.0,90.0,-36.0,0.0,0.0,0
148.0,90.0,-34.0,0.0,0.0,0
148.0,90.0,-32.0,0.0,0.0,0
148.0,90.0,-30.0,0.0,0.0,0
150.0,84.0,-38.0,0.0,0.0,0
150.0,84.0,-36.0,0.0,0.0,0
150.0,84.0,-34.0,0.0,0.0,0
150.0,84.0,-32.0,0.0,0.0,0
150.0,84.0,-30.0,0.0,0.0,0
150.0,84.0,-28.0,0.0,0.0,0
150.0,86.0,-38.0,0.0,0.0,0
150.0,86.0,-36.0,0.0,0.0,0
150.0,86.0,-34.0,0.0,0.0,0
150.0,86.0,-32.0,0.0,0.0,0
150.0,86.0,-30.0,0.0,0.0,0
150.0,86.0,-28.0,0.0,0.0,0
150.0,88.0,-38.0,0.0,0.0,0
150.0,88.0,-36.0,0.0,0.0,0
150.0,88.0,-34.0,0.0,0.0,0
150.0,88.0,-32.0,0.0,0.0,0
150.0,88.0,-30.0,0.0,0.0,0
150.0,88.0,-28.0,0.0,0.0,0
150.0,90.0,-38.0,0.0,0.0,0
150.0,90.0,-36.0,0.0,0.0,0
150.0,90.0,-34.0,0.0,0.0,0
150.0,90.0,-32.0,0.0,0.0,0
150.0,90.0,-30.0,0.0,0.0,0
152.0,84.0,-36.0,0.0,0.0,0
152.0,84.0,-34.0,0.0,0.0,0
152.0,84.0,-32.0,0.0,0.0,0
152.0,84.0,-30.0,0.0,0.0,0
152.0,84.0,-28.0,0.0,0.0,0
152.0,84.0,-26.0,0.0,0.0,0
152.0,86.0,-38.0,0.0,0.0,0
152.0,86.0,-36.0,0.0,0.0,0
152.0,86.0,-34.0,0.0,0.0,0
152.0,86.0,-32.0,0.0,0.0,0
152.0,86.0,-30.0,0.0,0.0,0
152.0,86.0,-28.0,0.0,0.0,0
152.0,86.0,-26.0,0.0,0.0,0
152.0,88.0,-38.0,0.0,0.0,0
152.0,88.0,-36.0,0.0,0.0,0
152.0,88.0,-34.0,0.0,0.0,0
152.0,88.0,-32.0,0.0,0.0,0
152.0,88.0,-30.0,0.0,0.0,0
152.0,88.0,-28.0,0.0,0.0,0
152.0,90.0,-38.0,0.0,0.0,0
152.0,90.0,-36.0,0.0,0.0,0
152.0,90.0,-34.0,0.0,0.0,0
152.0,90.0,-32.0,0.0,0.0,0
152.0,90.0,-30.0,0.0,0.0,0
152.0,90.0,-28.0,0.0,0.0,0
154.0,64.0,-32.0,0.0,0.0,0
154.0,64.0,-30.0,0.0,0.0,0
154.0,64.0,-28.0,0.0,0.0,0
154.0,64.0,-26.0,0.0,0.0,0
154.0,64.0,-24.0,0.0,0.0,0
154.0,64.0,-22.0,0.0,0.0,0
154.0,66.0,-32.0,0.0,0.0,0
154.0,66.0,-30.0,0.0,0.0,0
154.0,66.0,-28.0,0.0,0.0,0
154.0,66.0,-26.0,0.0,0.0,0
154.0,66.0,-24.0,0.0,0.0,0
154.0,66.0,-22.0,0.0,0.0,0
154.0,68.0,-34.0,0.0,0.0,0
154.0,68.0,-32.0,0.0,0.0,0
154.0,68.0,-30.0,0.0,0.0,0
154.0,68.0,-28.0,0.0,0.0,0
154.0,68.0,-26.0,0.0,0.0,0
154.0,68.0,-24.0,0.0,0.0,0
154.0,68.0,-22.0,0.0,0.0,0
154.0,70.0,-34.0,0.0,0.0,0
154.0,70.0,-32.0,0.0,0.0,0
154.0,70.0,-30.0,0.0,0.0,0
154.0,70.0,-28.0,0.0,0.0,0
154.0,70.0,-26.0,0.0,0.0,0
154.0,70.0,-24.0,0.0,0.0,0
154.0,70.0,-22.0,0.0,0.0,0
154.0,72.0,-34.0,0.0,0.0,0
154.0,72.0,-32.0,0.0,0.0,0
154.0,72.0,-30.0,0.0,0.0,0
154.0,72.0,-28.0,0.0,0.0,0
154.0,72.0,-26.0,0.0,0.0,0
154.0,72.0,-24.0,0.0,0.0,0
154.0,72.0,-22.0,0.0,0.0,0
156.0,66.0,-32.0,0.0,0.0,0
156.0,66.0,-30.0,0.0,0.0,0
156.0,66.0,-28.0,0.0,0.0,0
156.0,68.0,-32.0,0.0,0.0,0
156.0,68.0,-30.0,0.0,0.0,0
156.0,68.0,-28.0,0.0,0.0,0
156.0,68.0,-26.0,0.0,0.0,0
156.0,68.0,-24.0,0.0,0.0,0
156.0,68.0,-22.0,0.0,0.0,0
156.0,68.0,-20.0,0.0,0.0,0
156.0,70.0,-32.0,0.0,0.0,0
156.0,70.0,-30.0,0.0,0.0,0
156.0,70.0,-28.0,0.0,0.0,0
156.0,70.0,-26.0,0.0,0.0,0
156.0,70.0,-24.0,0.0,0.0,0
156.0,70.0,-22.0,0.0,0.0,0
156.0,70.0,-20.0,0.0,0.0,0
156.0,72.0,-32.0,0.0,0.0,0
156.0,72.0,-30.0,0.0,0.0,0
156.0,72.0,-28.0,0.0,0.0,0
156.0,72.0,-26.0,0.0,0.0,0
156.0,72.0,-24.0,0.0,0.0,0
156.0,72.0,-22.0,0.0,0.0,0
158.0,70.0,-32.0,0.0,0.0,0
158.0,70.0,-30.0,0.0,0.0,0
158.0,70.0,-28.0,0.0,0.0,0
158.0,70.0,-26.0,0.0,0.0,0
158.0,72.0,-32.0,0.0,0.0,0
158.0,72.0,-30.0,0.0,0.0,0
158.0,72.0,-28.0,0.0,0.0,0
158.0,72.0,-26.0,0.0,0.0,0
158.0,72.0,-24.0,0.0,0.0,0
158.0,72.0,-22.0,0.0,0.0,0
160.0,72.0,-30.0,0.0,0.0,0
154.0,74.0,-34.0,0.0,0.0,0
154.0,74.0,-32.0,0.0,0.0,0
154.0,74.0,-30.0,0.0,0.0,0
154.0,74.0,-28.0,0.0,0.0,0
154.0,74.0,-26.0,0.0,0.0,0
154.0,74.0,-24.0,0.0,0.0,0
154.0,74.0,-22.0,0.0,0.0,0
154.0,76.0,-34.0,0.0,0.0,0
154.0,76.0,-32.0,0.0,0.0,0
154.0,76.0,-30.0,0.0,0.0,0
154.0,76.0,-28.0,0.0,0.0,0
154.0,76.0,-26.0,0.0,0.0,0
154.0,76.0,-24.0,0.0,0.0,0
154.0,78.0,-34.0,0.0,0.0,0
154.0,78.0,-32.0,0.0,0.0,0
154.0,78.0,-30.0,0.0,0.0,0
154.0,78.0,-28.0,0.0,0.0,0
154.0,78.0,-26.0,0.0,0.0,0
154.0,78.0,-24.0,0.0,0.0,0
154.0,80.0,-34.0,0.0,0.0,0
154.0,80.0,-32.0,0.0,0.0,0
154.0,80.0,-30.0,0.0,0.0,0
154.0,80.0,-28.0,0.0,0.0,0
154.0,80.0,-26.0,0.0,0.0,0
154.0,80.0,-24.0,0.0,0.0,0
154.0,82.0,-36.0,0.0,0.0,0
154.0,82.0,-34.0,0.0,0.0,0
154.0,82.0,-32.0,0.0,0.0,0
154.0,82.0,-30.0,0.0,0.0,0
154.0,82.0,-28.0,0.0,0.0,0
154.0,82.0,-26.0,0.0,0.0,0
154.0,82.0,-24.0,0.0,0.0,0
156.0,74.0,-32.0,0.0,0.0,0
156.0,74.0,-30.0,0.0,0.0,0
156.0,74.0,-28.0,0.0,0.0,0
156.0,74.0,-26.0,0.0,0.0,0
156.0,74.0,-24.0,0.0,0.0,0
156.0,74.0,-22.0,0.0,0.0,0
156.0,76.0,-34.0,0.0,0.0,0
156.0,76.0,-32.0,0.0,0.0,0
156.0,76.0,-30.0,0.0,0.0,0
156.0,76.0,-28.0,0.0,0.0,0
156.0,76.0,-26.0,0.0,0.0,0
156.0,76.0,-24.0,0.0,0.0,0
156.0,76.0,-22.0,0.0,0.0,0
156.0,78.0,-34.0,0.0,0.0,0
156.0,78.0,-32.0,0.0,0.0,0
156.0,78.0,-30.0,0.0,0.0,0
156.0,78.0,-28.0,0.0,0.0,0
156.0,78.0,-26.0,0.0,0.0,0
156.0,78.0,-24.0,0.0,0.0,0
156.0,78.0,-22.0,0.0,0.0,0
156.0,80.0,-34.0,0.0,0.0,0
156.0,80.0,-32.0,0.0,0.0,0
156.0,80.0,-30.0,0.0,0.0,0
156.0,80.0,-28.0,0.0,0.0,0
156.0,80.0,-26.0,0.0,0.0,0
156.0,80.0,-24.0,0.0,0.0,0
156.0,80.0,-22.0,0.0,0.0,0
156.0,82.0,-34.0,0.0,0.0,0
156.0,82.0,-32.0,0.0,0.0,0
156.0,82.0,-30.0,0.0,0.0,0
156.0,82.0,-28.0,0.0,0.0,0
156.0,82.0,-26.0,0.0,0.0,0
156.0,82.0,-24.0,0.0,0.0,0
156.0,82.0,-22.0,0.0,0.0,0
158.0,74.0,-32.0,0.0,0.0,0
158.0,74.0,-30.0,0.0,0.0,0
158.0,74.0,-28.0,0.0,0.0,0
158.0,74.0,-26.0,0.0,0.0,0
158.0,74.0,-24.0,0.0,0.0,0
158.0,74.0,-22.0,0.0,0.0,0
158.0,74.0,-20.0,0.0,0.0,0
158.0,76.0,-32.0,0.0,0.0,0
158.0,76.0,-30.0,0.0,0.0,0
158.0,76.0,-28.0,0.0,0.0,0
158.0,76.0,-26.0,0.0,0.0,0
158.0,76.0,-24.0,0.0,0.0,0
158.0,76.0,-22.0,0.0,0.0,0
158.0,76.0,-20.0,0.0,0.0,0
158.0,78.0,-32.0,0.0,0.0,0
158.0,78.0,-30.0,0.0,0.0,0
158.0,78.0,-28.0,0.0,0.0,0
158.0,78.0,-26.0,0.0,0.0,0
158.0,78.0,-24.0,0.0,0.0,0
158.0,78.0,-22.0,0.0,0.0,0
158.0,78.0,-20.0,0.0,0.0,0
158.0,80.0,-32.0,0.0,0.0,0
158.0,80.0,-30.0,0.0,0.0,0
158.0,80.0,-28.0,0.0,0.0,0
158.0,80.0,-26.0,0.0,0.0,0
158.0,80.0,-24.0,0.0,0.0,0
158.0,80.0,-22.0,0.0,0.0,0
158.0,82.0,-34.0,0.0,0.0,0
158.0,82.0,-32.0,0.0,0.0,0
158.0,82.0,-30.0,0.0,0.0,0
158.0,82.0,-28.0,0.0,0.0,0
158.0,82.0,-26.0,0.0,0.0,0
158.0,82.0,-24.0,0.0,0.0,0
158.0,82.0,-22.0,0.0,0.0,0
160.0,74.0,-30.0,0.0,0.0,0
160.0,74.0,-28.0,0.0,0.0,0
160.0,74.0,-26.0,0.0,0.0,0
160.0,76.0,-32.0,0.0,0.0,0
160.0,76.0,-30.0,0.0,0.0,0
160.0,76.0,-28.0,0.0,0.0,0
160.0,76.0,-26.0,0.0,0.0,0
160.0,76.0,-24.0,0.0,0.0,0
160.0,76.0,-22.0,0.0,0.0,0
160.0,78.0,-32.0,0.0,0.0,0
160.0,78.0,-30.0,0.0,0.0,0
160.0,78.0,-28.0,0.0,0.0,0
160.0,78.0,-26.0,0.0,0.0,0
160.0,78.0,-24.0,0.0,0.0,0
160.0,78.0,-22.0,0.0,0.0,0
160.0,78.0,-20.0,0.0,0.0,0
160.0,80.0,-32.0,0.0,0.0,0
160.0,80.0,-30.0,0.0,0.0,0
160.0,80.0,-28.0,0.0,0.0,0
160.0,80.0,-26.0,0.0,0.0,0
160.0,80.0,-24.0,0.0,0.0,0
160.0,80.0,-22.0,0.0,0.0,0
160.0,80.0,-20.0,0.0,0.0,0
160.0,82.0,-32.0,0.0,0.0,0
160.0,82.0,-30.0,0.0,0.0,0
160.0,82.0,-28.0,0.0,0.0,0
160.0,82.0,-26.0,0.0,0.0,0
160.0,82.0,-24.0,0.0,0.0,0
160.0,82.0,-22.0,0.0,0.0,0
160.0,82.0,-20.0,0.0,0.0,0
162.0,76.0,-30.0,0.0,0.0,0
162.0,76.0,-28.0,0.0,0.0,0
162.0,78.0,-30.0,0.0,0.0,0
162.0,78.0,-28.0,0.0,0.0,0
162.0,78.0,-26.0,0.0,0.0,0
162.0,80.0,-30.0,0.0,0.0,0
162.0,80.0,-28.0,0.0,0.0,0
162.0,80.0,-26.0,0.0,0.0,0
162.0,80.0,-24.0,0.0,0.0,0
162.0,82.0,-32.0,0.0,0.0,0
162.0,82.0,-30.0,0.0,0.0,0
162.0,82.0,-28.0,0.0,0.0,0
162.0,82.0,-26.0,0.0,0.0,0
162.0,82.0,-24.0,0.0,0.0,0
162.0,82.0,-22.0,0.0,0.0,0
154.0,84.0,-36.0,0.0,0.0,0
154.0,84.0,-34.0,0.0,0.0,0
154.0,84.0,-32.0,0.0,0.0,0
154.0,84.0,-30.0,0.0,0.0,0
154.0,84.0,-28.0,0.0,0.0,0
154.0,84.0,-26.0,0.0,0.0,0
154.0,84.0,-24.0,0.0,0.0,0
154.0,86.0,-36.0,0.0,0.0,0
154.0,86.0,-34.0,0.0,0.0,0
154.0,86.0,-32.0,0.0,0.0,0
154.0,86.0,-30.0,0.0,0.0,0
154.0,86.0,-28.0,0.0,0.0,0
154.0,86.0,-26.0,0.0,0.0,0
154.0,88.0,-36.0,0.0,0.0,0
154.0,88.0,-34.0,0.0,0.0,0
154.0,88.0,-32.0,0.0,0.0,0
154.0,88.0,-30.0,0.0,0.0,0
154.0,88.0,-28.0,0.0,0.0,0
154.0,88.0,-26.0,0.0,0.0,0
154.0,90.0,-38.0,0.0,0.0,0
154.0,90.0,-36.0,0.0,0.0,0
154.0,90.0,-34.0,0.0,0.0,0
154.0,90.0,-32.0,0.0,0.0,0
154.0,90.0,-30.0,0.0,0.0,0
154.0,90.0,-28.0,0.0,0.0,0
154.0,90.0,-26.0,0.0,0.0,0
156.0,84.0,-34.0,0.0,0.0,0
156.0,84.0,-32.0,0.0,0.0,0
156.0,84.0,-30.0,0.0,0.0,0
156.0,84.0,-28.0,0.0,0.0,0
156.0,84.0,-26.0,0.0,0.0,0
156.0,84.0,-24.0,0.0,0.0,0
156.0,86.0,-36.0,0.0,0.0,0
156.0,86.0,-34.0,0.0,0.0,0
156.0,86.0,-32.0,0.0,0.0,0
156.0,86.0,-30.0,0.0,0.0,0
156.0,86.0,-28.0,0.0,0.0,0
156.0,86.0,-26.0,0.0,0.0,0
156.0,86.0,-24.0,0.0,0.0,0
156.0,88.0,-36.0,0.0,0.0,0
156.0,88.0,-34.0,0.0,0.0,0
156.0,88.0,-32.0,0.0,0.0,0
156.0,88.0,-30.0,0.0,0.0,0
156.0,88.0,-28.0,0.0,0.0,0
156.0,88.0,-26.0,0.0,0.0,0
156.0,88.0,-24.0,0.0,0.0,0
156.0,90.0,-36.0,0.0,0.0,0
156.0,90.0,-34.0,0.0,0.0,0
156.0,90.0,-32.0,0.0,0.0,0
156.0,90.0,-30.0,0.0,0.0,0
156.0,90.0,-28.0,0.0,0.0,0
156.0,90.0,-26.0,0.0,0.0,0
158.0,84.0,-34.0,0.0,0.0,0
158.0,84.0,-32.0,0.0,0.0,0
158.0,84.0,-30.0,0.0,0.0,0
158.0,84.0,-28.0,0.0,0.0,0
158.0,84.0,-26.0,0.0,0.0,0
158.0,84.0,-24.0,0.0,0.0,0
158.0,84.0,-22.0,0.0,0.0,0
158.0,86.0,-34.0,0.0,0.0,0
158.0,86.0,-32.0,0.0,0.0,0
158.0,86.0,-30.0,0.0,0.0,0
158.0,86.0,-28.0,0.0,0.0,0
158.0,86.0,-26.0,0.0,0.0,0
158.0,86.0,-24.0,0.0,0.0,0
158.0,86.0,-22.0,0.0,0.0,0
158.0,88.0,-36.0,0.0,0.0,0
158.0,88.0,-34.0,0.0,0.0,0
158.0,88.0,-32.0,0.0,0.0,0
158.0,88.0,-30.0,0.0,0.0,0
158.0,88.0,-28.0,0.0,0.0,0
158.0,88.0,-26.0,0.0,0.0,0
158.0,88.0,-24.0,0.0,0.0,0
158.0,90.0,-36.0,0.0,0.0,0
158.0,90.0,-34.0,0.0,0.0,0
158.0,90.0,-32.0,0.0,0.0,0
158.0,90.0,-30.0,0.0,0.0,0
158.0,90.0,-28.0,0.0,0.0,0
158.0,90.0,-26.0,0.0,0.0,0
158.0,90.0,-24.0,0.0,0.0,0
160.0,84.0,-32.0,0.0,0.0,0
160.0,84.0,-30.0,0.0,0.0,0
160.0,84.0,-28.0,0.0,0.0,0
160.0,84.0,-26.0,0.0,0.0,0
160.0,84.0,-24.0,0.0,0.0,0
160.0,84.0,-22.0,0.0,0.0,0
160.0,84.0,-20.0,0.0,0.0,0
160.0,86.0,-34.0,0.0,0.0,0
160.0,86.0,-32.0,0.0,0.0,0
160.0,86.0,-30.0,0.0,0.0,0
160.0,86.0,-28.0,0.0,0.0,0
160.0,86.0,-26.0,0.0,0.0,0
160.0,86.0,-24.0,0.0,0.0,0
160.0,86.0,-22.0,0.0,0.0,0
160.0,86.0,-20.0,0.0,0.0,0
160.0,88.0,-34.0,0.0,0.0,0
160.0,88.0,-32.0,0.0,0.0,0
160.0,88.0,-30.0,0.0,0.0,0
160.0,88.0,-28.0,0.0,0.0,0
160.0,88.0,-26.0,0.0,0.0,0
160.0,88.0,-24.0,0.0,0.0,0
160.0,88.0,-22.0,0.0,0.0,0
160.0,90.0,-34.0,0.0,0.0,0
160.0,90.0,-32.0,0.0,0.0,0
160.0,90.0,-30.0,0.0,0.0,0
160.0,90.0,-28.0,0.0,0.0,0
160.0,90.0,-26.0,0.0,0.0,0
160.0,90.0,-24.0,0.0,0.0,0
160.0,90.0,-22.0,0.0,0.0,0
162.0,84.0,-32.0,0.0,0.0,0
162.0,84.0,-30.0,0.0,0.0,0
162.0,84.0,-28.0,0.0,0.0,0
162.0,84.0,-26.0,0.0,0.0,0
162.0,84.0,-24.0,0.0,0.0,0
162.0,84.0,-22.0,0.0,0.0,0
162.0,84.0,-20.0,0.0,0.0,0
162.0,86.0,-32.0,0.0,0.0,0
162.0,86.0,-30.0,0.0,0.0,0
162.0,86.0,-28.0,0.0,0.0,0
162.0,86.0,-26.0,0.0,0.0,0
162.0,86.0,-24.0,0.0,0.0,0
162.0,86.0,-22.0,0.0,0.0,0
162.0,86.0,-20.0,0.0,0.0,0
162.0,88.0,-34.0,0.0,0.0,0
162.0,88.0,-32.0,0.0,0.0,0
162.0,88.0,-30.0,0.0,0.0,0
162.0,88.0,-28.0,0.0,0.0,0
162.0,88.0,-26.0,0.0,0.0,0
162.0,88.0,-24.0,0.0,0.0,0
162.0,88.0,-22.0,0.0,0.0,0
162.0,88.0,-20.0,0.0,0.0,0
118.0,48.0,-68.0,0.09225809803317878,0.2,1
118.0,48.0,-66.0,0.09225809803317878,0.2,1
118.0,48.0,-64.0,0.09225809803317878,0.2,1
118.0,48.0,-62.0,0.09225809803317878,0.2,1
118.0,48.0,-60.0,0.09225809803317878,0.2,1
118.0,48.0,-58.0,0.09225809803317878,0.2,1
118.0,48.0,-56.0,0.09225809803317878,0.2,1
118.0,48.0,-54.0,0.09225809803317878,0.2,1
118.0,50.0,-66.0,0.09225809803317878,0.2,1
118.0,50.0,-64.0,0.09225809803317878,0.2,1
118.0,50.0,-62.0,0.09225809803317878,0.2,1
118.0,50.0,-60.0,0.09225809803317878,0.2,1
118.0,50.0,-58.0,0.09225809803317878,0.2,1
118.0,50.0,-56.0,0.09225809803317878,0.2,1
118.0,50.0,-54.0,0.09225809803317878,0.2,1
118.0,50.0,-52.0,0.09225809803317878,0.2,1
118.0,52.0,-64.0,0.09225809803317878,0.2,1
118.0,52.0,-62.0,0.09225809803317878,0.2,1
118.0,52.0,-60.0,0.09225809803317878,0.2,1
118.0,52.0,-58.0,0.09225809803317878,0.2,1
118.0,52.0,-56.0,0.09225809803317878,0.2,1
118.0,52.0,-54.0,0.09225809803317878,0.2,1
118.0,52.0,-52.0,0.09225809803317878,0.2,1
118.0,54.0,-62.0,0.09225809803317878,0.2,1
118.0,54.0,-60.0,0.09225809803317878,0.2,1
118.0,54.0,-58.0,0.09225809803317878,0.2,1
118.0,54.0,-56.0,0.09225809803317878,0.2,1
118.0,54.0,-54.0,0.09225809803317878,0.2,1
118.0,54.0,-52.0,0.09225809803317878,0.2,1
118.0,56.0,-60.0,0.09225809803317878,0.2,1
118.0,56.0,-58.0,0.09225809803317878,0.2,1
118.0,56.0,-56.0,0.09225809803317878,0.2,1
118.0,56.0,-54.0,0.09225809803317878,0.2,1
118.0,56.0,-52.0,0.09225809803317878,0.2,1
118.0,56.0,-50.0,0.09225809803317878,0.2,1
118.0,58.0,-56.0,0.09225809803317878,0.2,1
118.0,58.0,-54.0,0.09225809803317878,0.2,1
118.0,58.0,-52.0,0.09225809803317878,0.2,1
118.0,58.0,-50.0,0.09225809803317878,0.2,1
118.0,60.0,-54.0,0.09225809803317878,0.2,1
118.0,60.0,-52.0,0.09225809803317878,0.2,1
118.0,60.0,-50.0,0.09225809803317878,0.2,1
118.0,62.0,-52.0,0.09225809803317878,0.2,1
118.0,62.0,-50.0,0.09225809803317878,0.2,1
118.0,64.0,-52.0,0.09225809803317878,0.2,1
118.0,64.0,-50.0,0.09225809803317878,0.2,1
118.0,64.0,-48.0,0.09225809803317878,0.2,1
120.0,48.0,-68.0,0.09225809803317878,0.2,1
120.0,48.0,-66.0,0.09225809803317878,0.2,1
120.0,48.0,-64.0,0.09225809803317878,0.2,1
120.0,48.0,-62.0,0.09225809803317878,0.2,1
120.0,48.0,-60.0,0.09225809803317878,0.2,1
120.0,48.0,-58.0,0.09225809803317878,0.2,1
120.0,48.0,-56.0,0.09225809803317878,0.2,1
120.0,48.0,-54.0,0.09225809803317878,0.2,1
120.0,48.0,-52.0,0.09225809803317878,0.2,1
120.0,50.0,-66.0,0.09225809803317878,0.2,1
120.0,50.0,-64.0,0.09225809803317878,0.2,1
120.0,50.0,-62.0,0.09225809803317878,0.2,1
120.0,50.0,-60.0,0.09225809803317878,0.2,1
120.0,50.0,-58.0,0.09225809803317878,0.2,1
120.0,50.0,-56.0,0.09225809803317878,0.2,1
120.0,50.0,-54.0,0.09225809803317878,0.2,1
120.0,50.0,-52.0,0.09225809803317878,0.2,1
120.0,52.0,-64.0,0.09225809803317878,0.2,1
120.0,52.0,-62.0,0.09225809803317878,0.2,1
120.0,52.0,-60.0,0.09225809803317878,0.2,1
120.0,52.0,-58.0,0.09225809803317878,0.2,1
120.0,52.0,-56.0,0.09225809803317878,0.2,1
120.0,52.0,-54.0,0.09225809803317878,0.2,1
120.0,52.0,-52.0,0.09225809803317878,0.2,1
120.0,54.0,-62.0,0.09225809803317878,0.2,1
120.0,54.0,-60.0,0.09225809803317878,0.2,1
120.0,54.0,-58.0,0.09225809803317878,0.2,1
120.0,54.0,-56.0,0.09225809803317878,0.2,1
120.0,54.0,-54.0,0.09225809803317878,0.2,1
120.0,54.0,-52.0,0.09225809803317878,0.2,1
120.0,54.0,-50.0,0.09225809803317878,0.2,1
120.0,56.0,-58.0,0.09225809803317878,0.2,1
120.0,56.0,-56.0,0.09225809803317878,0.2,1
120.0,56.0,-54.0,0.09225809803317878,0.2,1
120.0,56.0,-52.0,0.09225809803317878,0.2,1
120.0,56.0,-50.0,0.09225809803317878,0.2,1
120.0,58.0,-56.0,0.09225809803317878,0.2,1
120.0,58.0,-54.0,0.09225809803317878,0.2,1
120.0,58.0,-52.0,0.09225809803317878,0.2,1
120.0,58.0,-50.0,0.09225809803317878,0.2,1
120.0,60.0,-54.0,0.09225809803317878,0.2,1
120.0,60.0,-52.0,0.09225809803317878,0.2,1
120.0,60.0,-50.0,0.09225809803317878,0.2,1
120.0,62.0,-54.0,0.09225809803317878,0.2,1
120.0,62.0,-52.0,0.09225809803317878,0.2,1
120.0,62.0,-50.0,0.09225809803317878,0.2,1
120.0,62.0,-48.0,0.09225809803317878,0.2,1
120.0,64.0,-52.0,0.09225809803317878,0.2,1
120.0,64.0,-50.0,0.09225809803317878,0.2,1
120.0,64.0,-48.0,0.09225809803317878,0.2,1
122.0,48.0,-68.0,0.09225809803317878,0.2,1
122.0,48.0,-66.0,0.09225809803317878,0.2,1
122.0,48.0,-64.0,0.09225809803317878,0.2,1
122.0,48.0,-62.0,0.09225809803317878,0.2,1
122.0,48.0,-60.0,0.09225809803317878,0.2,1
122.0,48.0,-58.0,0.09225809803317878,0.2,1
122.0,48.0,-56.0,0.09225809803317878,0.2,1
122.0,48.0,-54.0,0.09225809803317878,0.2,1
122.0,48.0,-52.0,0.09225809803317878,0.2,1
122.0,50.0,-66.0,0.09225809803317878,0.2,1
122.0,50.0,-64.0,0.09225809803317878,0.2,1
122.0,50.0,-62.0,0.09225809803317878,0.2,1
122.0,50.0,-60.0,0.09225809803317878,0.2,1
122.0,50.0,-58.0,0.09225809803317878,0.2,1
122.0,50.0,-56.0,0.09225809803317878,0.2,1
122.0,50.0,-54.0,0.09225809803317878,0.2,1
122.0,50.0,-52.0,0.09225809803317878,0.2,1
122.0,52.0,-64.0,0.09225809803317878,0.2,1
122.0,52.0,-62.0,0.09225809803317878,0.2,1
122.0,52.0,-60.0,0.09225809803317878,0.2,1
122.0,52.0,-58.0,0.09225809803317878,0.2,1
122.0,52.0,-56.0,0.09225809803317878,0.2,1
122.0,52.0,-54.0,0.09225809803317878,0.2,1
122.0,52.0,-52.0,0.09225809803317878,0.2,1
122.0,52.0,-50.0,0.09225809803317878,0.2,1
122.0,54.0,-60.0,0.09225809803317878,0.2,1
122.0,54.0,-58.0,0.09225809803317878,0.2,1
122.0,54.0,-56.0,0.09225809803317878,0.2,1
122.0,54.0,-54.0,0.09225809803317878,0.2,1
122.0,54.0,-52.0,0.09225809803317878,0.2,1
122.0,54.0,-50.0,0.09225809803317878,0.2,1
122.0,56.0,-58.0,0.09225809803317878,0.2,1
122.0,56.0,-56.0,0.09225809803317878,0.2,1
122.0,56.0,-54.0,0.09225809803317878,0.2,1
122.0,56.0,-52.0,0.09225809803317878,0.2,1
122.0,56.0,-50.0,0.09225809803317878,0.2,1
122.0,58.0,-56.0,0.09225809803317878,0.2,1
122.0,58.0,-54.0,0.09225809803317878,0.2,1
122.0,58.0,-52.0,0.09225809803317878,0.2,1
122.0,58.0,-50.0,0.09225809803317878,0.2,1
122.0,58.0,-48.0,0.09225809803317878,0.2,1
122.0,60.0,-56.0,0.09225809803317878,0.2,1
122.0,60.0,-54.0,0.09225809803317878,0.2,1
122.0,60.0,-52.0,0.09225809803317878,0.2,1
122.0,60.0,-50.0,0.09225809803317878,0.2,1
122.0,60.0,-48.0,0.09225809803317878,0.2,1
122.0,62.0,-54.0,0.09225809803317878,0.2,1
122.0,62.0,-52.0,0.09225809803317878,0.2,1
122.0,62.0,-50.0,0.09225809803317878,0.2,1
122.0,62.0,-48.0,0.09225809803317878,0.2,1
124.0,48.0,-68.0,0.09225809803317878,0.2,1
124.0,48.0,-66.0,0.09225809803317878,0.2,1
124.0,48.0,-64.0,0.09225809803317878,0.2,1
124.0,48.0,-62.0,0.09225809803317878,0.2,1
124.0,48.0,-60.0,0.09225809803317878,0.2,1
124.0,48.0,-58.0,0.09225809803317878,0.2,1
124.0,48.0,-56.0,0.09225809803317878,0.2,1
124.0,48.0,-54.0,0.09225809803317878,0.2,1
124.0,48.0,-52.0,0.09225809803317878,0.2,1
124.0,48.0,-50.0,0.09225809803317878,0.2,1
124.0,50.0,-64.0,0.09225809803317878,0.2,1
124.0,50.0,-62.0,0.09225809803317878,0.2,1
124.0,50.0,-60.0,0.09225809803317878,0.2,1
124.0,50.0,-58.0,0.09225809803317878,0.2,1
124.0,50.0,-56.0,0.09225809803317878,0.2,1
124.0,50.0,-54.0,0.09225809803317878,0.2,1
124.0,50.0,-52.0,0.09225809803317878,0.2,1
124.0,50.0,-50.0,0.09225809803317878,0.2,1
124.0,52.0,-62.0,0.09225809803317878,0.2,1
124.0,52.0,-60.0,0.09225809803317878,0.2,1
124.0,52.0,-58.0,0.09225809803317878,0.2,1
124.0,52.0,-56.0,0.09225809803317878,0.2,1
124.0,52.0,-54.0,0.09225809803317878,0.2,1
124.0,52.0,-52.0,0.09225809803317878,0.2,1
124.0,52.0,-50.0,0.09225809803317878,0.2,1
124.0,54.0,-60.0,0.09225809803317878,0.2,1
124.0,54.0,-58.0,0.09225809803317878,0.2,1
124.0,54.0,-56.0,0.09225809803317878,0.2,1
124.0,54.0,-54.0,0.09225809803317878,0.2,1
124.0,54.0,-52.0,0.09225809803317878,0.2,1
124.0,54.0,-50.0,0.09225809803317878,0.2,1
124.0,56.0,-58.0,0.09225809803317878,0.2,1
124.0,56.0,-56.0,0.09225809803317878,0.2,1
124.0,56.0,-54.0,0.09225809803317878,0.2,1
124.0,56.0,-52.0,0.09225809803317878,0.2,1
124.0,56.0,-50.0,0.09225809803317878,0.2,1
124.0,56.0,-48.0,0.09225809803317878,0.2,1
124.0,58.0,-56.0,0.09225809803317878,0.2,1
124.0,58.0,-54.0,0.09225809803317878,0.2,1
124.0,58.0,-52.0,0.09225809803317878,0.2,1
124.0,58.0,-50.0,0.09225809803317878,0.2,1
124.0,58.0,-48.0,0.09225809803317878,0.2,1
124.0,60.0,-56.0,0.09225809803317878,0.2,1
124.0,60.0,-54.0,0.09225809803317878,0.2,1
124.0,60.0,-52.0,0.09225809803317878,0.2,1
124.0,60.0,-50.0,0.09225809803317878,0.2,1
124.0,60.0,-48.0,0.09225809803317878,0.2,1
126.0,48.0,-66.0,0.09225809803317878,0.2,1
126.0,48.0,-64.0,0.09225809803317878,0.2,1
126.0,48.0,-62.0,0.09225809803317878,0.2,1
126.0,48.0,-60.0,0.09225809803317878,0.2,1
126.0,48.0,-58.0,0.09225809803317878,0.2,1
126.0,48.0,-56.0,0.09225809803317878,0.2,1
126.0,48.0,-54.0,0.09225809803317878,0.2,1
126.0,48.0,-52.0,0.09225809803317878,0.2,1
126.0,48.0,-50.0,0.09225809803317878,0.2,1
126.0,50.0,-64.0,0.09225809803317878,0.2,1
126.0,50.0,-62.0,0.09225809803317878,0.2,1
126.0,50.0,-60.0,0.09225809803317878,0.2,1
126.0,50.0,-58.0,0.09225809803317878,0.2,1
126.0,50.0,-56.0,0.09225809803317878,0.2,1
126.0,50.0,-54.0,0.09225809803317878,0.2,1
126.0,50.0,-52.0,0.09225809803317878,0.2,1
126.0,50.0,-50.0,0.09225809803317878,0.2,1
126.0,52.0,-62.0,0.09225809803317878,0.2,1
126.0,52.0,-60.0,0.09225809803317878,0.2,1
126.0,52.0,-58.0,0.09225809803317878,0.2,1
126.0,52.0,-56.0,0.09225809803317878,0.2,1
126.0,52.0,-54.0,0.09225809803317878,0.2,1
126.0,52.0,-52.0,0.09225809803317878,0.2,1
126.0,52.0,-50.0,0.09225809803317878,0.2,1
126.0,52.0,-48.0,0.09225809803317878,0.2,1
126.0,54.0,-60.0,0.09225809803317878,0.2,1
126.0,54.0,-58.0,0.09225809803317878,0.2,1
126.0,54.0,-56.0,0.09225809803317878,0.2,1
126.0,54.0,-54.0,0.09225809803317878,0.2,1
126.0,54.0,-52.0,0.09225809803317878,0.2,1
126.0,54.0,-50.0,0.09225809803317878,0.2,1
126.0,54.0,-48.0,0.09225809803317878,0.2,1
126.0,56.0,-58.0,0.09225809803317878,0.2,1
126.0,56.0,-56.0,0.09225809803317878,0.2,1
126.0,56.0,-54.0,0.09225809803317878,0.2,1
126.0,56.0,-52.0,0.09225809803317878,0.2,1
126.0,56.0,-50.0,0.09225809803317878,0.2,1
126.0,56.0,-48.0,0.09225809803317878,0.2,1
126.0,58.0,-56.0,0.09225809803317878,0.2,1
126.0,58.0,-54.0,0.09225809803317878,0.2,1
126.0,58.0,-52.0,0.09225809803317878,0.2,1
126.0,58.0,-50.0,0.09225809803317878,0.2,1
126.0,58.0,-48.0,0.09225809803317878,0.2,1
128.0,48.0,-62.0,0.09225809803317878,0.2,1
128.0,48.0,-60.0,0.09225809803317878,0.2,1
128.0,48.0,-58.0,0.09225809803317878,0.2,1
128.0,48.0,-56.0,0.09225809803317878,0.2,1
128.0,48.0,-54.0,0.09225809803317878,0.2,1
128.0,48.0,-52.0,0.09225809803317878,0.2,1
128.0,48.0,-50.0,0.09225809803317878,0.2,1
128.0,48.0,-48.0,0.09225809803317878,0.2,1
128.0,50.0,-64.0,0.09225809803317878,0.2,1
128.0,50.0,-62.0,0.09225809803317878,0.2,1
128.0,50.0,-60.0,0.09225809803317878,0.2,1
128.0,50.0,-58.0,0.09225809803317878,0.2,1
128.0,50.0,-56.0,0.09225809803317878,0.2,1
128.0,50.0,-54.0,0.09225809803317878,0.2,1
128.0,50.0,-52.0,0.09225809803317878,0.2,1
128.0,50.0,-50.0,0.09225809803317878,0.2,1
128.0,50.0,-48.0,0.09225809803317878,0.2,1
128.0,52.0,-62.0,0.09225809803317878,0.2,1
128.0,52.0,-60.0,0.09225809803317878,0.2,1
128.0,52.0,-58.0,0.09225809803317878,0.2,1
128.0,52.0,-56.0,0.09225809803317878,0.2,1
128.0,52.0,-54.0,0.09225809803317878,0.2,1
128.0,52.0,-52.0,0.09225809803317878,0.2,1
128.0,52.0,-50.0,0.09225809803317878,0.2,1
128.0,52.0,-48.0,0.09225809803317878,0.2,1
128.0,54.0,-60.0,0.09225809803317878,0.2,1
128.0,54.0,-58.0,0.09225809803317878,0.2,1
128.0,54.0,-56.0,0.09225809803317878,0.2,1
128.0,54.0,-54.0,0.09225809803317878,0.2,1
128.0,54.0,-52.0,0.09225809803317878,0.2,1
128.0,54.0,-50.0,0.09225809803317878,0.2,1
128.0,54.0,-48.0,0.09225809803317878,0.2,1
128.0,56.0,-58.0,0.09225809803317878,0.2,1
128.0,56.0,-56.0,0.09225809803317878,0.2,1
128.0,56.0,-54.0,0.09225809803317878,0.2,1
128.0,56.0,-52.0,0.09225809803317878,0.2,1
128.0,56.0,-50.0,0.09225809803317878,0.2,1
128.0,56.0,-48.0,0.09225809803317878,0.2,1
128.0,58.0,-56.0,0.09225809803317878,0.2,1
128.0,58.0,-54.0,0.09225809803317878,0.2,1
128.0,58.0,-52.0,0.09225809803317878,0.2,1
128.0,58.0,-50.0,0.09225809803317878,0.2,1
128.0,58.0,-48.0,0.09225809803317878,0.2,1
128.0,58.0,-46.0,0.09225809803317878,0.2,1
130.0,48.0,-60.0,0.09225809803317878,0.2,1
130.0,48.0,-58.0,0.09225809803317878,0.2,1
130.0,48.0,-56.0,0.09225809803317878,0.2,1
130.0,48.0,-54.0,0.09225809803317878,0.2,1
130.0,48.0,-52.0,0.09225809803317878,0.2,1
130.0,48.0,-50.0,0.09225809803317878,0.2,1
130.0,48.0,-48.0,0.09225809803317878,0.2,1
130.0,50.0,-64.0,0.09225809803317878,0.2,1
130.0,50.0,-62.0,0.09225809803317878,0.2,1
130.0,50.0,-60.0,0.09225809803317878,0.2,1
130.0,50.0,-58.0,0.09225809803317878,0.2,1
130.0,50.0,-56.0,0.09225809803317878,0.2,1
130.0,50.0,-54.0,0.09225809803317878,0.2,1
130.0,50.0,-52.0,0.09225809803317878,0.2,1
130.0,50.0,-50.0,0.09225809803317878,0.2,1
130.0,50.0,-48.0,0.09225809803317878,0.2,1
130.0,52.0,-62.0,0.09225809803317878,0.2,1
130.0,52.0,-60.0,0.09225809803317878,0.2,1
130.0,52.0,-58.0,0.09225809803317878,0.2,1
130.0,52.0,-56.0,0.09225809803317878,0.2,1
130.0,52.0,-54.0,0.09225809803317878,0.2,1
130.0,52.0,-52.0,0.09225809803317878,0.2,1
130.0,52.0,-50.0,0.09225809803317878,0.2,1
130.0,52.0,-48.0,0.09225809803317878,0.2,1
130.0,52.0,-46.0,0.09225809803317878,0.2,1
130.0,54.0,-60.0,0.09225809803317878,0.2,1
130.0,54.0,-58.0,0.09225809803317878,0.2,1
130.0,54.0,-56.0,0.09225809803317878,0.2,1
130.0,54.0,-54.0,0.09225809803317878,0.2,1
130.0,54.0,-52.0,0.09225809803317878,0.2,1
130.0,54.0,-50.0,0.09225809803317878,0.2,1
130.0,54.0,-48.0,0.09225809803317878,0.2,1
130.0,54.0,-46.0,0.09225809803317878,0.2,1
130.0,56.0,-58.0,0.09225809803317878,0.2,1
130.0,56.0,-56.0,0.09225809803317878,0.2,1
130.0,56.0,-54.0,0.09225809803317878,0.2,1
130.0,56.0,-52.0,0.09225809803317878,0.2,1
130.0,56.0,-50.0,0.09225809803317878,0.2,1
130.0,56.0,-48.0,0.09225809803317878,0.2,1
130.0,56.0,-46.0,0.09225809803317878,0.2,1
132.0,48.0,-56.0,0.09225809803317878,0.2,1
132.0,48.0,-54.0,0.09225809803317878,0.2,1
132.0,48.0,-52.0,0.09225809803317878,0.2,1
132.0,48.0,-50.0,0.09225809803317878,0.2,1
132.0,48.0,-48.0,0.09225809803317878,0.2,1
132.0,48.0,-46.0,0.09225809803317878,0.2,1
132.0,50.0,-60.0,0.09225809803317878,0.2,1
132.0,50.0,-58.0,0.09225809803317878,0.2,1
132.0,50.0,-56.0,0.09225809803317878,0.2,1
132.0,50.0,-54.0,0.09225809803317878,0.2,1
132.0,50.0,-52.0,0.09225809803317878,0.2,1
132.0,50.0,-50.0,0.09225809803317878,0.2,1
132.0,50.0,-48.0,0.09225809803317878,0.2,1
132.0,50.0,-46.0,0.09225809803317878,0.2,1
132.0,52.0,-60.0,0.09225809803317878,0.2,1
132.0,52.0,-58.0,0.09225809803317878,0.2,1
132.0,52.0,-56.0,0.09225809803317878,0.2,1
132.0,52.0,-54.0,0.09225809803317878,0.2,1
132.0,52.0,-52.0,0.09225809803317878,0.2,1
132.0,52.0,-50.0,0.09225809803317878,0.2,1
132.0,52.0,-48.0,0.09225809803317878,0.2,1
132.0,52.0,-46.0,0.09225809803317878,0.2,1
132.0,54.0,-60.0,0.09225809803317878,0.2,1
132.0,54.0,-58.0,0.09225809803317878,0.2,1
132.0,54.0,-56.0,0.09225809803317878,0.2,1
132.0,54.0,-54.0,0.09225809803317878,0.2,1
132.0,54.0,-52.0,0.09225809803317878,0.2,1
132.0,54.0,-50.0,0.09225809803317878,0.2,1
132.0,54.0,-48.0,0.09225809803317878,0.2,1
132.0,54.0,-46.0,0.09225809803317878,0.2,1
132.0,56.0,-58.0,0.09225809803317878,0.2,1
132.0,56.0,-56.0,0.09225809803317878,0.2,1
132.0,56.0,-54.0,0.09225809803317878,0.2,1
132.0,56.0,-52.0,0.09225809803317878,0.2,1
132.0,56.0,-50.0,0.09225809803317878,0.2,1
132.0,56.0,-48.0,0.09225809803317878,0.2,1
132.0,56.0,-46.0,0.09225809803317878,0.2,1
134.0,48.0,-54.0,0.09225809803317878,0.2,1
134.0,48.0,-52.0,0.09225809803317878,0.2,1
134.0,48.0,-50.0,0.09225809803317878,0.2,1
134.0,48.0,-48.0,0.09225809803317878,0.2,1
134.0,48.0,-46.0,0.09225809803317878,0.2,1
134.0,50.0,-58.0,0.09225809803317878,0.2,1
134.0,50.0,-56.0,0.09225809803317878,0.2,1
134.0,50.0,-54.0,0.09225809803317878,0.2,1
134.0,50.0,-52.0,0.09225809803317878,0.2,1
134.0,50.0,-50.0,0.09225809803317878,0.2,1
134.0,50.0,-48.0,0.09225809803317878,0.2,1
134.0,50.0,-46.0,0.09225809803317878,0.2,1
134.0,52.0,-60.0,0.09225809803317878,0.2,1
134.0,52.0,-58.0,0.09225809803317878,0.2,1
134.0,52.0,-56.0,0.09225809803317878,0.2,1
134.0,52.0,-54.0,0.09225809803317878,0.2,1
134.0,52.0,-52.0,0.09225809803317878,0.2,1
134.0,52.0,-50.0,0.09225809803317878,0.2,1
134.0,52.0,-48.0,0.09225809803317878,0.2,1
134.0,52.0,-46.0,0.09225809803317878,0.2,1
134.0,54.0,-58.0,0.09225809803317878,0.2,1
134.0,54.0,-56.0,0.09225809803317878,0.2,1
134.0,54.0,-54.0,0.09225809803317878,0.2,1
134.0,54.0,-52.0,0.09225809803317878,0.2,1
134.0,54.0,-50.0,0.09225809803317878,0.2,1
134.0,54.0,-48.0,0.09225809803317878,0.2,1
134.0,54.0,-46.0,0.09225809803317878,0.2,1
134.0,54.0,-44.0,0.09225809803317878,0.2,1
134.0,72.0,-32.0,0.09225809803317878,0.2,1
136.0,48.0,-50.0,0.09225809803317878,0.2,1
136.0,48.0,-48.0,0.09225809803317878,0.2,1
136.0,48.0,-46.0,0.09225809803317878,0.2,1
136.0,48.0,-44.0,0.09225809803317878,0.2,1
136.0,50.0,-54.0,0.09225809803317878,0.2,1
136.0,50.0,-52.0,0.09225809803317878,0.2,1
136.0,50.0,-50.0,0.09225809803317878,0.2,1
136.0,50.0,-48.0,0.09225809803317878,0.2,1
136.0,50.0,-46.0,0.09225809803317878,0.2,1
136.0,50.0,-44.0,0.09225809803317878,0.2,1
136.0,52.0,-58.0,0.09225809803317878,0.2,1
136.0,52.0,-56.0,0.09225809803317878,0.2,1
136.0,52.0,-54.0,0.09225809803317878,0.2,1
136.0,52.0,-52.0,0.09225809803317878,0.2,1
136.0,52.0,-50.0,0.09225809803317878,0.2,1
136.0,52.0,-48.0,0.09225809803317878,0.2,1
136.0,52.0,-46.0,0.09225809803317878,0.2,1
136.0,52.0,-44.0,0.09225809803317878,0.2,1
136.0,54.0,-58.0,0.09225809803317878,0.2,1
136.0,54.0,-56.0,0.09225809803317878,0.2,1
136.0,54.0,-54.0,0.09225809803317878,0.2,1
136.0,54.0,-52.0,0.09225809803317878,0.2,1
136.0,54.0,-50.0,0.09225809803317878,0.2,1
136.0,54.0,-48.0,0.09225809803317878,0.2,1
136.0,54.0,-46.0,0.09225809803317878,0.2,1
136.0,54.0,-44.0,0.09225809803317878,0.2,1
136.0,70.0,-32.0,0.09225809803317878,0.2,1
136.0,72.0,-32.0,0.09225809803317878,0.2,1
138.0,48.0,-46.0,0.09225809803317878,0.2,1
138.0,48.0,-44.0,0.09225809803317878,0.2,1
138.0,50.0,-50.0,0.09225809803317878,0.2,1
138.0,50.0,-48.0,0.09225809803317878,0.2,1
138.0,50.0,-46.0,0.09225809803317878,0.2,1
138.0,50.0,-44.0,0.09225809803317878,0.2,1
138.0,52.0,-54.0,0.09225809803317878,0.2,1
138.0,52.0,-52.0,0.09225809803317878,0.2,1
138.0,52.0,-50.0,0.09225809803317878,0.2,1
138.0,52.0,-48.0,0.09225809803317878,0.2,1
138.0,52.0,-46.0,0.09225809803317878,0.2,1
138.0,52.0,-44.0,0.09225809803317878,0.2,1
140.0,48.0,-42.0,0.09225809803317878,0.2,1
140.0,50.0,-46.0,0.09225809803317878,0.2,1
140.0,50.0,-44.0,0.09225809803317878,0.2,1
140.0,50.0,-42.0,0.09225809803317878,0.2,1
140.0,52.0,-50.0,0.09225809803317878,0.2,1
140.0,52.0,-48.0,0.09225809803317878,0.2,1
140.0,52.0,-46.0,0.09225809803317878,0.2,1
140.0,52.0,-44.0,0.09225809803317878,0.2,1
140.0,52.0,-42.0,0.09225809803317878,0.2,1
118.0,88.0,-38.0,0.09225809803317878,0.2,1
118.0,88.0,-36.0,0.09225809803317878,0.2,1
118.0,88.0,-34.0,0.09225809803317878,0.2,1
118.0,88.0,-32.0,0.09225809803317878,0.2,1
118.0,88.0,-30.0,0.09225809803317878,0.2,1
118.0,88.0,-28.0,0.09225809803317878,0.2,1
118.0,88.0,-26.0,0.09225809803317878,0.2,1
118.0,88.0,-24.0,0.09225809803317878,0.2,1
118.0,88.0,-22.0,0.09225809803317878,0.2,1
118.0,90.0,-36.0,0.09225809803317878,0.2,1
118.0,90.0,-34.0,0.09225809803317878,0.2,1
118.0,90.0,-32.0,0.09225809803317878,0.2,1
118.0,90.0,-30.0,0.09225809803317878,0.2,1
118.0,90.0,-28.0,0.09225809803317878,0.2,1
118.0,90.0,-26.0,0.09225809803317878,0.2,1
118.0,90.0,-24.0,0.09225809803317878,0.2,1
118.0,90.0,-22.0,0.09225809803317878,0.2,1
120.0,86.0,-38.0,0.09225809803317878,0.2,1
120.0,86.0,-36.0,0.09225809803317878,0.2,1
120.0,86.0,-34.0,0.09225809803317878,0.2,1
120.0,86.0,-32.0,0.09225809803317878,0.2,1
120.0,86.0,-30.0,0.09225809803317878,0.2,1
120.0,86.0,-28.0,0.09225809803317878,0.2,1
120.0,86.0,-26.0,0.09225809803317878,0.2,1
120.0,86.0,-24.0,0.09225809803317878,0.2,1
120.0,86.0,-22.0,0.09225809803317878,0.2,1
120.0,88.0,-38.0,0.09225809803317878,0.2,1
120.0,88.0,-36.0,0.09225809803317878,0.2,1
120.0,88.0,-34.0,0.09225809803317878,0.2,1
120.0,88.0,-32.0,0.09225809803317878,0.2,1
120.0,88.0,-30.0,0.09225809803317878,0.2,1
120.0,88.0,-28.0,0.09225809803317878,0.2,1
120.0,88.0,-26.0,0.09225809803317878,0.2,1
120.0,88.0,-24.0,0.09225809803317878,0.2,1
120.0,88.0,-22.0,0.09225809803317878,0.2,1
120.0,90.0,-38.0,0.09225809803317878,0.2,1
120.0,90.0,-36.0,0.09225809803317878,0.2,1
120.0,90.0,-34.0,0.09225809803317878,0.2,1
120.0,90.0,-32.0,0.09225809803317878,0.2,1
120.0,90.0,-30.0,0.09225809803317878,0.2,1
120.0,90.0,-28.0,0.09225809803317878,0.2,1
120.0,90.0,-26.0,0.09225809803317878,0.2,1
120.0,90.0,-24.0,0.09225809803317878,0.2,1
120.0,90.0,-22.0,0.09225809803317878,0.2,1
122.0,82.0,-40.0,0.09225809803317878,0.2,1
122.0,82.0,-38.0,0.09225809803317878,0.2,1
122.0,82.0,-36.0,0.09225809803317878,0.2,1
122.0,82.0,-34.0,0.09225809803317878,0.2,1
122.0,82.0,-32.0,0.09225809803317878,0.2,1
122.0,82.0,-30.0,0.09225809803317878,0.2,1
122.0,82.0,-28.0,0.09225809803317878,0.2,1
122.0,82.0,-26.0,0.09225809803317878,0.2,1
122.0,82.0,-24.0,0.09225809803317878,0.2,1
122.0,82.0,-22.0,0.09225809803317878,0.2,1
122.0,84.0,-40.0,0.09225809803317878,0.2,1
122.0,84.0,-38.0,0.09225809803317878,0.2,1
122.0,84.0,-36.0,0.09225809803317878,0.2,1
122.0,84.0,-34.0,0.09225809803317878,0.2,1
122.0,84.0,-32.0,0.09225809803317878,0.2,1
122.0,84.0,-30.0,0.09225809803317878,0.2,1
122.0,84.0,-28.0,0.09225809803317878,0.2,1
122.0,84.0,-26.0,0.09225809803317878,0.2,1
122.0,84.0,-24.0,0.09225809803317878,0.2,1
122.0,84.0,-22.0,0.09225809803317878,0.2,1
122.0,86.0,-40.0,0.09225809803317878,0.2,1
122.0,86.0,-38.0,0.09225809803317878,0.2,1
122.0,86.0,-36.0,0.09225809803317878,0.2,1
122.0,86.0,-34.0,0.09225809803317878,0.2,1
122.0,86.0,-32.0,0.09225809803317878,0.2,1
122.0,86.0,-30.0,0.09225809803317878,0.2,1
122.0,86.0,-28.0,0.09225809803317878,0.2,1
122.0,86.0,-26.0,0.09225809803317878,0.2,1
122.0,86.0,-24.0,0.09225809803317878,0.2,1
122.0,86.0,-22.0,0.09225809803317878,0.2,1
122.0,88.0,-38.0,0.09225809803317878,0.2,1
122.0,88.0,-36.0,0.09225809803317878,0.2,1
122.0,88.0,-34.0,0.09225809803317878,0.2,1
122.0,88.0,-32.0,0.09225809803317878,0.2,1
122.0,88.0,-30.0,0.09225809803317878,0.2,1
122.0,88.0,-28.0,0.09225809803317878,0.2,1
122.0,88.0,-26.0,0.09225809803317878,0.2,1
122.0,88.0,-24.0,0.09225809803317878,0.2,1
122.0,88.0,-22.0,0.09225809803317878,0.2,1
122.0,90.0,-38.0,0.09225809803317878,0.2,1
122.0,90.0,-36.0,0.09225809803317878,0.2,1
122.0,90.0,-34.0,0.09225809803317878,0.2,1
122.0,90.0,-32.0,0.09225809803317878,0.2,1
122.0,90.0,-30.0,0.09225809803317878,0.2,1
122.0,90.0,-28.0,0.09225809803317878,0.2,1
122.0,90.0,-26.0,0.09225809803317878,0.2,1
122.0,90.0,-24.0,0.09225809803317878,0.2,1
122.0,90.0,-22.0,0.09225809803317878,0.2,1
124.0,82.0,-38.0,0.09225809803317878,0.2,1
124.0,82.0,-36.0,0.09225809803317878,0.2,1
124.0,82.0,-34.0,0.09225809803317878,0.2,1
124.0,82.0,-32.0,0.09225809803317878,0.2,1
124.0,82.0,-30.0,0.09225809803317878,0.2,1
124.0,82.0,-28.0,0.09225809803317878,0.2,1
124.0,82.0,-26.0,0.09225809803317878,0.2,1
124.0,82.0,-24.0,0.09225809803317878,0.2,1
124.0,82.0,-22.0,0.09225809803317878,0.2,1
124.0,84.0,-38.0,0.09225809803317878,0.2,1
124.0,84.0,-36.0,0.09225809803317878,0.2,1
124.0,84.0,-34.0,0.09225809803317878,0.2,1
124.0,84.0,-32.0,0.09225809803317878,0.2,1
124.0,84.0,-30.0,0.09225809803317878,0.2,1
124.0,84.0,-28.0,0.09225809803317878,0.2,1
124.0,84.0,-26.0,0.09225809803317878,0.2,1
124.0,84.0,-24.0,0.09225809803317878,0.2,1
124.0,84.0,-22.0,0.09225809803317878,0.2,1
124.0,86.0,-40.0,0.09225809803317878,0.2,1
124.0,86.0,-38.0,0.09225809803317878,0.2,1
124.0,86.0,-36.0,0.09225809803317878,0.2,1
124.0,86.0,-34.0,0.09225809803317878,0.2,1
124.0,86.0,-32.0,0.09225809803317878,0.2,1
124.0,86.0,-30.0,0.09225809803317878,0.2,1
124.0,86.0,-28.0,0.09225809803317878,0.2,1
124.0,86.0,-26.0,0.09225809803317878,0.2,1
124.0,86.0,-24.0,0.09225809803317878,0.2,1
124.0,86.0,-22.0,0.09225809803317878,0.2,1
124.0,88.0,-40.0,0.09225809803317878,0.2,1
124.0,88.0,-38.0,0.09225809803317878,0.2,1
124.0,88.0,-36.0,0.09225809803317878,0.2,1
124.0,88.0,-34.0,0.09225809803317878,0.2,1
124.0,88.0,-32.0,0.09225809803317878,0.2,1
124.0,88.0,-30.0,0.09225809803317878,0.2,1
124.0,88.0,-28.0,0.09225809803317878,0.2,1
124.0,88.0,-26.0,0.09225809803317878,0.2,1
124.0,88.0,-24.0,0.09225809803317878,0.2,1
124.0,88.0,-22.0,0.09225809803317878,0.2,1
124.0,90.0,-38.0,0.09225809803317878,0.2,1
124.0,90.0,-36.0,0.09225809803317878,0.2,1
124.0,90.0,-34.0,0.09225809803317878,0.2,1
124.0,90.0,-32.0,0.09225809803317878,0.2,1
124.0,90.0,-30.0,0.09225809803317878,0.2,1
124.0,90.0,-28.0,0.09225809803317878,0.2,1
124.0,90.0,-26.0,0.09225809803317878,0.2,1
124.0,90.0,-24.0,0.09225809803317878,0.2,1
124.0,90.0,-22.0,0.09225809803317878,0.2,1
126.0,80.0,-38.0,0.09225809803317878,0.2,1
126.0,80.0,-36.0,0.09225809803317878,0.2,1
126.0,80.0,-34.0,0.09225809803317878,0.2,1
126.0,80.0,-32.0,0.09225809803317878,0.2,1
126.0,80.0,-30.0,0.09225809803317878,0.2,1
126.0,80.0,-28.0,0.09225809803317878,0.2,1
126.0,80.0,-26.0,0.09225809803317878,0.2,1
126.0,80.0,-24.0,0.09225809803317878,0.2,1
126.0,80.0,-22.0,0.09225809803317878,0.2,1
126.0,82.0,-38.0,0.09225809803317878,0.2,1
126.0,82.0,-36.0,0.09225809803317878,0.2,1
126.0,82.0,-34.0,0.09225809803317878,0.2,1
126.0,82.0,-32.0,0.09225809803317878,0.2,1
126.0,82.0,-30.0,0.09225809803317878,0.2,1
126.0,82.0,-28.0,0.09225809803317878,0.2,1
126.0,82.0,-26.0,0.09225809803317878,0.2,1
126.0,82.0,-24.0,0.09225809803317878,0.2,1
126.0,82.0,-22.0,0.09225809803317878,0.2,1
126.0,84.0,-38.0,0.09225809803317878,0.2,1
126.0,84.0,-36.0,0.09225809803317878,0.2,1
126.0,84.0,-34.0,0.09225809803317878,0.2,1
126.0,84.0,-32.0,0.09225809803317878,0.2,1
126.0,84.0,-30.0,0.09225809803317878,0.2,1
126.0,84.0,-28.0,0.09225809803317878,0.2,1
126.0,84.0,-26.0,0.09225809803317878,0.2,1
126.0,84.0,-24.0,0.09225809803317878,0.2,1
126.0,84.0,-22.0,0.09225809803317878,0.2,1
126.0,86.0,-38.0,0.09225809803317878,0.2,1
126.0,86.0,-36.0,0.09225809803317878,0.2,1
126.0,86.0,-34.0,0.09225809803317878,0.2,1
126.0,86.0,-32.0,0.09225809803317878,0.2,1
126.0,86.0,-30.0,0.09225809803317878,0.2,1
126.0,86.0,-28.0,0.09225809803317878,0.2,1
126.0,86.0,-26.0,0.09225809803317878,0.2,1
126.0,86.0,-24.0,0.09225809803317878,0.2,1
126.0,86.0,-22.0,0.09225809803317878,0.2,1
126.0,88.0,-38.0,0.09225809803317878,0.2,1
126.0,88.0,-36.0,0.09225809803317878,0.2,1
126.0,88.0,-34.0,0.09225809803317878,0.2,1
126.0,88.0,-32.0,0.09225809803317878,0.2,1
126.0,88.0,-30.0,0.09225809803317878,0.2,1
126.0,88.0,-28.0,0.09225809803317878,0.2,1
126.0,88.0,-26.0,0.09225809803317878,0.2,1
126.0,88.0,-24.0,0.09225809803317878,0.2,1
126.0,88.0,-22.0,0.09225809803317878,0.2,1
126.0,90.0,-40.0,0.09225809803317878,0.2,1
126.0,90.0,-38.0,0.09225809803317878,0.2,1
126.0,90.0,-36.0,0.09225809803317878,0.2,1
126.0,90.0,-34.0,0.09225809803317878,0.2,1
126.0,90.0,-32.0,0.09225809803317878,0.2,1
126.0,90.0,-30.0,0.09225809803317878,0.2,1
126.0,90.0,-28.0,0.09225809803317878,0.2,1
126.0,90.0,-26.0,0.09225809803317878,0.2,1
126.0,90.0,-24.0,0.09225809803317878,0.2,1
126.0,90.0,-22.0,0.09225809803317878,0.2,1
128.0,78.0,-36.0,0.09225809803317878,0.2,1
128.0,78.0,-34.0,0.09225809803317878,0.2,1
128.0,78.0,-32.0,0.09225809803317878,0.2,1
128.0,78.0,-30.0,0.09225809803317878,0.2,1
128.0,78.0,-28.0,0.09225809803317878,0.2,1
128.0,78.0,-26.0,0.09225809803317878,0.2,1
128.0,78.0,-24.0,0.09225809803317878,0.2,1
128.0,78.0,-22.0,0.09225809803317878,0.2,1
128.0,80.0,-36.0,0.09225809803317878,0.2,1
128.0,80.0,-34.0,0.09225809803317878,0.2,1
128.0,80.0,-32.0,0.09225809803317878,0.2,1
128.0,80.0,-30.0,0.09225809803317878,0.2,1
128.0,80.0,-28.0,0.09225809803317878,0.2,1
128.0,80.0,-26.0,0.09225809803317878,0.2,1
128.0,80.0,-24.0,0.09225809803317878,0.2,1
128.0,80.0,-22.0,0.09225809803317878,0.2,1
128.0,82.0,-36.0,0.09225809803317878,0.2,1
128.0,82.0,-34.0,0.09225809803317878,0.2,1
128.0,82.0,-32.0,0.09225809803317878,0.2,1
128.0,82.0,-30.0,0.09225809803317878,0.2,1
128.0,82.0,-28.0,0.09225809803317878,0.2,1
128.0,82.0,-26.0,0.09225809803317878,0.2,1
128.0,82.0,-24.0,0.09225809803317878,0.2,1
128.0,82.0,-22.0,0.09225809803317878,0.2,1
128.0,84.0,-38.0,0.09225809803317878,0.2,1
128.0,84.0,-36.0,0.09225809803317878,0.2,1
128.0,84.0,-34.0,0.09225809803317878,0.2,1
128.0,84.0,-32.0,0.09225809803317878,0.2,1
128.0,84.0,-30.0,0.09225809803317878,0.2,1
128.0,84.0,-28.0,0.09225809803317878,0.2,1
128.0,84.0,-26.0,0.09225809803317878,0.2,1
128.0,84.0,-24.0,0.09225809803317878,0.2,1
128.0,84.0,-22.0,0.09225809803317878,0.2,1
128.0,86.0,-38.0,0.09225809803317878,0.2,1
128.0,86.0,-36.0,0.09225809803317878,0.2,1
128.0,86.0,-34.0,0.09225809803317878,0.2,1
128.0,86.0,-32.0,0.09225809803317878,0.2,1
128.0,86.0,-30.0,0.09225809803317878,0.2,1
128.0,86.0,-28.0,0.09225809803317878,0.2,1
128.0,86.0,-26.0,0.09225809803317878,0.2,1
128.0,86.0,-24.0,0.09225809803317878,0.2,1
128.0,86.0,-22.0,0.09225809803317878,0.2,1
128.0,88.0,-38.0,0.09225809803317878,0.2,1
128.0,88.0,-36.0,0.09225809803317878,0.2,1
128.0,88.0,-34.0,0.09225809803317878,0.2,1
128.0,88.0,-32.0,0.09225809803317878,0.2,1
128.0,88.0,-30.0,0.09225809803317878,0.2,1
128.0,88.0,-28.0,0.09225809803317878,0.2,1
128.0,88.0,-26.0,0.09225809803317878,0.2,1
128.0,88.0,-24.0,0.09225809803317878,0.2,1
128.0,88.0,-22.0,0.09225809803317878,0.2,1
128.0,90.0,-38.0,0.09225809803317878,0.2,1
128.0,90.0,-36.0,0.09225809803317878,0.2,1
128.0,90.0,-34.0,0.09225809803317878,0.2,1
128.0,90.0,-32.0,0.09225809803317878,0.2,1
128.0,90.0,-30.0,0.09225809803317878,0.2,1
128.0,90.0,-28.0,0.09225809803317878,0.2,1
128.0,90.0,-26.0,0.09225809803317878,0.2,1
128.0,90.0,-24.0,0.09225809803317878,0.2,1
128.0,90.0,-22.0,0.09225809803317878,0.2,1
130.0,76.0,-34.0,0.09225809803317878,0.2,1
130.0,76.0,-32.0,0.09225809803317878,0.2,1
130.0,76.0,-30.0,0.09225809803317878,0.2,1
130.0,76.0,-28.0,0.09225809803317878,0.2,1
130.0,76.0,-26.0,0.09225809803317878,0.2,1
130.0,76.0,-24.0,0.09225809803317878,0.2,1
130.0,76.0,-22.0,0.09225809803317878,0.2,1
130.0,78.0,-36.0,0.09225809803317878,0.2,1
130.0,78.0,-34.0,0.09225809803317878,0.2,1
130.0,78.0,-32.0,0.09225809803317878,0.2,1
130.0,78.0,-30.0,0.09225809803317878,0.2,1
130.0,78.0,-28.0,0.09225809803317878,0.2,1
130.0,78.0,-26.0,0.09225809803317878,0.2,1
130.0,78.0,-24.0,0.09225809803317878,0.2,1
130.0,78.0,-22.0,0.09225809803317878,0.2,1
130.0,80.0,-36.0,0.09225809803317878,0.2,1
130.0,80.0,-34.0,0.09225809803317878,0.2,1
130.0,80.0,-32.0,0.09225809803317878,0.2,1
130.0,80.0,-30.0,0.09225809803317878,0.2,1
130.0,80.0,-28.0,0.09225809803317878,0.2,1
130.0,80.0,-26.0,0.09225809803317878,0.2,1
130.0,80.0,-24.0,0.09225809803317878,0.2,1
130.0,80.0,-22.0,0.09225809803317878,0.2,1
130.0,82.0,-36.0,0.09225809803317878,0.2,1
130.0,82.0,-34.0,0.09225809803317878,0.2,1
130.0,82.0,-32.0,0.09225809803317878,0.2,1
130.0,82.0,-30.0,0.09225809803317878,0.2,1
130.0,82.0,-28.0,0.09225809803317878,0.2,1
130.0,82.0,-26.0,0.09225809803317878,0.2,1
130.0,82.0,-24.0,0.09225809803317878,0.2,1
130.0,82.0,-22.0,0.09225809803317878,0.2,1
130.0,84.0,-36.0,0.09225809803317878,0.2,1
130.0,84.0,-34.0,0.09225809803317878,0.2,1
130.0,84.0,-32.0,0.09225809803317878,0.2,1
130.0,84.0,-30.0,0.09225809803317878,0.2,1
130.0,84.0,-28.0,0.09225809803317878,0.2,1
130.0,84.0,-26.0,0.09225809803317878,0.2,1
130.0,84.0,-24.0,0.09225809803317878,0.2,1
130.0,84.0,-22.0,0.09225809803317878,0.2,1
130.0,86.0,-36.0,0.09225809803317878,0.2,1
130.0,86.0,-34.0,0.09225809803317878,0.2,1
130.0,86.0,-32.0,0.09225809803317878,0.2,1
130.0,86.0,-30.0,0.09225809803317878,0.2,1
130.0,86.0,-28.0,0.09225809803317878,0.2,1
130.0,86.0,-26.0,0.09225809803317878,0.2,1
130.0,86.0,-24.0,0.09225809803317878,0.2,1
130.0,86.0,-22.0,0.09225809803317878,0.2,1
130.0,88.0,-38.0,0.09225809803317878,0.2,1
130.0,88.0,-36.0,0.09225809803317878,0.2,1
130.0,88.0,-34.0,0.09225809803317878,0.2,1
130.0,88.0,-32.0,0.09225809803317878,0.2,1
130.0,88.0,-30.0,0.09225809803317878,0.2,1
130.0,88.0,-28.0,0.09225809803317878,0.2,1
130.0,88.0,-26.0,0.09225809803317878,0.2,1
130.0,88.0,-24.0,0.09225809803317878,0.2,1
130.0,88.0,-22.0,0.09225809803317878,0.2,1
130.0,90.0,-38.0,0.09225809803317878,0.2,1
130.0,90.0,-36.0,0.09225809803317878,0.2,1
130.0,90.0,-34.0,0.09225809803317878,0.2,1
130.0,90.0,-32.0,0.09225809803317878,0.2,1
130.0,90.0,-30.0,0.09225809803317878,0.2,1
130.0,90.0,-28.0,0.09225809803317878,0.2,1
130.0,90.0,-26.0,0.09225809803317878,0.2,1
130.0,90.0,-24.0,0.09225809803317878,0.2,1
130.0,90.0,-22.0,0.09225809803317878,0.2,1
132.0,74.0,-34.0,0.09225809803317878,0.2,1
132.0,74.0,-32.0,0.09225809803317878,0.2,1
132.0,74.0,-30.0,0.09225809803317878,0.2,1
132.0,74.0,-28.0,0.09225809803317878,0.2,1
132.0,74.0,-26.0,0.09225809803317878,0.2,1
132.0,74.0,-24.0,0.09225809803317878,0.2,1
132.0,74.0,-22.0,0.09225809803317878,0.2,1
132.0,76.0,-34.0,0.09225809803317878,0.2,1
132.0,76.0,-32.0,0.09225809803317878,0.2,1
132.0,76.0,-30.0,0.09225809803317878,0.2,1
132.0,76.0,-28.0,0.09225809803317878,0.2,1
132.0,76.0,-26.0,0.09225809803317878,0.2,1
132.0,76.0,-24.0,0.09225809803317878,0.2,1
132.0,76.0,-22.0,0.09225809803317878,0.2,1
132.0,78.0,-34.0,0.09225809803317878,0.2,1
132.0,78.0,-32.0,0.09225809803317878,0.2,1
132.0,78.0,-30.0,0.09225809803317878,0.2,1
132.0,78.0,-28.0,0.09225809803317878,0.2,1
132.0,78.0,-26.0,0.09225809803317878,0.2,1
132.0,78.0,-24.0,0.09225809803317878,0.2,1
132.0,78.0,-22.0,0.09225809803317878,0.2,1
132.0,80.0,-34.0,0.09225809803317878,0.2,1
132.0,80.0,-32.0,0.09225809803317878,0.2,1
132.0,80.0,-30.0,0.09225809803317878,0.2,1
132.0,80.0,-28.0,0.09225809803317878,0.2,1
132.0,80.0,-26.0,0.09225809803317878,0.2,1
132.0,80.0,-24.0,0.09225809803317878,0.2,1
132.0,80.0,-22.0,0.09225809803317878,0.2,1
132.0,82.0,-36.0,0.09225809803317878,0.2,1
132.0,82.0,-34.0,0.09225809803317878,0.2,1
132.0,82.0,-32.0,0.09225809803317878,0.2,1
132.0,82.0,-30.0,0.09225809803317878,0.2,1
132.0,82.0,-28.0,0.09225809803317878,0.2,1
132.0,82.0,-26.0,0.09225809803317878,0.2,1
132.0,82.0,-24.0,0.09225809803317878,0.2,1
132.0,82.0,-22.0,0.09225809803317878,0.2,1
132.0,84.0,-36.0,0.09225809803317878,0.2,1
132.0,84.0,-34.0,0.09225809803317878,0.2,1
132.0,84.0,-32.0,0.09225809803317878,0.2,1
132.0,84.0,-30.0,0.09225809803317878,0.2,1
132.0,84.0,-28.0,0.09225809803317878,0.2,1
132.0,84.0,-26.0,0.09225809803317878,0.2,1
132.0,84.0,-24.0,0.09225809803317878,0.2,1
132.0,84.0,-22.0,0.09225809803317878,0.2,1
132.0,86.0,-36.0,0.09225809803317878,0.2,1
132.0,86.0,-34.0,0.09225809803317878,0.2,1
132.0,86.0,-32.0,0.09225809803317878,0.2,1
132.0,86.0,-30.0,0.09225809803317878,0.2,1
132.0,86.0,-28.0,0.09225809803317878,0.2,1
132.0,86.0,-26.0,0.09225809803317878,0.2,1
132.0,86.0,-24.0,0.09225809803317878,0.2,1
132.0,86.0,-22.0,0.09225809803317878,0.2,1
132.0,88.0,-36.0,0.09225809803317878,0.2,1
132.0,88.0,-34.0,0.09225809803317878,0.2,1
132.0,88.0,-32.0,0.09225809803317878,0.2,1
132.0,88.0,-30.0,0.09225809803317878,0.2,1
132.0,88.0,-28.0,0.09225809803317878,0.2,1
132.0,88.0,-26.0,0.09225809803317878,0.2,1
132.0,88.0,-24.0,0.09225809803317878,0.2,1
132.0,88.0,-22.0,0.09225809803317878,0.2,1
132.0,90.0,-38.0,0.09225809803317878,0.2,1
132.0,90.0,-36.0,0.09225809803317878,0.2,1
132.0,90.0,-34.0,0.09225809803317878,0.2,1
132.0,90.0,-32.0,0.09225809803317878,0.2,1
132.0,90.0,-30.0,0.09225809803317878,0.2,1
132.0,90.0,-28.0,0.09225809803317878,0.2,1
132.0,90.0,-26.0,0.09225809803317878,0.2,1
132.0,90.0,-24.0,0.09225809803317878,0.2,1
132.0,90.0,-22.0,0.09225809803317878,0.2,1
134.0,72.0,-30.0,0.09225809803317878,0.2,1
134.0,72.0,-28.0,0.09225809803317878,0.2,1
134.0,72.0,-26.0,0.09225809803317878,0.2,1
134.0,72.0,-24.0,0.09225809803317878,0.2,1
134.0,72.0,-22.0,0.09225809803317878,0.2,1
134.0,74.0,-32.0,0.09225809803317878,0.2,1
134.0,74.0,-30.0,0.09225809803317878,0.2,1
134.0,74.0,-28.0,0.09225809803317878,0.2,1
134.0,74.0,-26.0,0.09225809803317878,0.2,1
134.0,74.0,-24.0,0.09225809803317878,0.2,1
134.0,74.0,-22.0,0.09225809803317878,0.2,1
134.0,76.0,-32.0,0.09225809803317878,0.2,1
134.0,76.0,-30.0,0.09225809803317878,0.2,1
134.0,76.0,-28.0,0.09225809803317878,0.2,1
134.0,76.0,-26.0,0.09225809803317878,0.2,1
134.0,76.0,-24.0,0.09225809803317878,0.2,1
134.0,76.0,-22.0,0.09225809803317878,0.2,1
134.0,78.0,-34.0,0.09225809803317878,0.2,1
134.0,78.0,-32.0,0.09225809803317878,0.2,1
134.0,78.0,-30.0,0.09225809803317878,0.2,1
134.0,78.0,-28.0,0.09225809803317878,0.2,1
134.0,78.0,-26.0,0.09225809803317878,0.2,1
134.0,78.0,-24.0,0.09225809803317878,0.2,1
134.0,78.0,-22.0,0.09225809803317878,0.2,1
134.0,80.0,-34.0,0.09225809803317878,0.2,1
134.0,80.0,-32.0,0.09225809803317878,0.2,1
134.0,80.0,-30.0,0.09225809803317878,0.2,1
134.0,80.0,-28.0,0.09225809803317878,0.2,1
134.0,80.0,-26.0,0.09225809803317878,0.2,1
134.0,80.0,-24.0,0.09225809803317878,0.2,1
134.0,80.0,-22.0,0.09225809803317878,0.2,1
134.0,82.0,-34.0,0.09225809803317878,0.2,1
134.0,82.0,-32.0,0.09225809803317878,0.2,1
134.0,82.0,-30.0,0.09225809803317878,0.2,1
134.0,82.0,-28.0,0.09225809803317878,0.2,1
134.0,82.0,-26.0,0.09225809803317878,0.2,1
134.0,82.0,-24.0,0.09225809803317878,0.2,1
134.0,82.0,-22.0,0.09225809803317878,0.2,1
134.0,84.0,-34.0,0.09225809803317878,0.2,1
134.0,84.0,-32.0,0.09225809803317878,0.2,1
134.0,84.0,-30.0,0.09225809803317878,0.2,1
134.0,84.0,-28.0,0.09225809803317878,0.2,1
134.0,84.0,-26.0,0.09225809803317878,0.2,1
134.0,84.0,-24.0,0.09225809803317878,0.2,1
134.0,84.0,-22.0,0.09225809803317878,0.2,1
134.0,86.0,-36.0,0.09225809803317878,0.2,1
134.0,86.0,-34.0,0.09225809803317878,0.2,1
134.0,86.0,-32.0,0.09225809803317878,0.2,1
134.0,86.0,-30.0,0.09225809803317878,0.2,1
134.0,86.0,-28.0,0.09225809803317878,0.2,1
134.0,86.0,-26.0,0.09225809803317878,0.2,1
134.0,86.0,-24.0,0.09225809803317878,0.2,1
134.0,86.0,-22.0,0.09225809803317878,0.2,1
134.0,88.0,-36.0,0.09225809803317878,0.2,1
134.0,88.0,-34.0,0.09225809803317878,0.2,1
134.0,88.0,-32.0,0.09225809803317878,0.2,1
134.0,88.0,-30.0,0.09225809803317878,0.2,1
134.0,88.0,-28.0,0.09225809803317878,0.2,1
134.0,88.0,-26.0,0.09225809803317878,0.2,1
134.0,88.0,-24.0,0.09225809803317878,0.2,1
134.0,88.0,-22.0,0.09225809803317878,0.2,1
134.0,90.0,-36.0,0.09225809803317878,0.2,1
134.0,90.0,-34.0,0.09225809803317878,0.2,1
134.0,90.0,-32.0,0.09225809803317878,0.2,1
134.0,90.0,-30.0,0.09225809803317878,0.2,1
134.0,90.0,-28.0,0.09225809803317878,0.2,1
134.0,90.0,-26.0,0.09225809803317878,0.2,1
134.0,90.0,-24.0,0.09225809803317878,0.2,1
134.0,90.0,-22.0,0.09225809803317878,0.2,1
136.0,70.0,-30.0,0.09225809803317878,0.2,1
136.0,70.0,-28.0,0.09225809803317878,0.2,1
136.0,70.0,-26.0,0.09225809803317878,0.2,1
136.0,70.0,-24.0,0.09225809803317878,0.2,1
136.0,70.0,-22.0,0.09225809803317878,0.2,1
136.0,72.0,-30.0,0.09225809803317878,0.2,1
136.0,72.0,-28.0,0.09225809803317878,0.2,1
136.0,72.0,-26.0,0.09225809803317878,0.2,1
136.0,72.0,-24.0,0.09225809803317878,0.2,1
136.0,72.0,-22.0,0.09225809803317878,0.2,1
136.0,74.0,-32.0,0.09225809803317878,0.2,1
136.0,74.0,-30.0,0.09225809803317878,0.2,1
136.0,74.0,-28.0,0.09225809803317878,0.2,1
136.0,74.0,-26.0,0.09225809803317878,0.2,1
136.0,74.0,-24.0,0.09225809803317878,0.2,1
136.0,74.0,-22.0,0.09225809803317878,0.2,1
136.0,76.0,-32.0,0.09225809803317878,0.2,1
136.0,76.0,-30.0,0.09225809803317878,0.2,1
136.0,76.0,-28.0,0.09225809803317878,0.2,1
136.0,76.0,-26.0,0.09225809803317878,0.2,1
136.0,76.0,-24.0,0.09225809803317878,0.2,1
136.0,76.0,-22.0,0.09225809803317878,0.2,1
136.0,78.0,-32.0,0.09225809803317878,0.2,1
136.0,78.0,-30.0,0.09225809803317878,0.2,1
136.0,78.0,-28.0,0.09225809803317878,0.2,1
136.0,78.0,-26.0,0.09225809803317878,0.2,1
136.0,78.0,-24.0,0.09225809803317878,0.2,1
136.0,78.0,-22.0,0.09225809803317878,0.2,1
136.0,80.0,-32.0,0.09225809803317878,0.2,1
136.0,80.0,-30.0,0.09225809803317878,0.2,1
136.0,80.0,-28.0,0.09225809803317878,0.2,1
136.0,80.0,-26.0,0.09225809803317878,0.2,1
136.0,80.0,-24.0,0.09225809803317878,0.2,1
136.0,80.0,-22.0,0.09225809803317878,0.2,1
136.0,82.0,-34.0,0.09225809803317878,0.2,1
136.0,82.0,-32.0,0.09225809803317878,0.2,1
136.0,82.0,-30.0,0.09225809803317878,0.2,1
136.0,82.0,-28.0,0.09225809803317878,0.2,1
136.0,82.0,-26.0,0.09225809803317878,0.2,1
136.0,82.0,-24.0,0.09225809803317878,0.2,1
136.0,82.0,-22.0,0.09225809803317878,0.2,1
136.0,84.0,-34.0,0.09225809803317878,0.2,1
136.0,84.0,-32.0,0.09225809803317878,0.2,1
136.0,84.0,-30.0,0.09225809803317878,0.2,1
136.0,84.0,-28.0,0.09225809803317878,0.2,1
136.0,84.0,-26.0,0.09225809803317878,0.2,1
136.0,84.0,-24.0,0.09225809803317878,0.2,1
136.0,84.0,-22.0,0.09225809803317878,0.2,1
136.0,86.0,-34.0,0.09225809803317878,0.2,1
136.0,86.0,-32.0,0.09225809803317878,0.2,1
136.0,86.0,-30.0,0.09225809803317878,0.2,1
136.0,86.0,-28.0,0.09225809803317878,0.2,1
136.0,86.0,-26.0,0.09225809803317878,0.2,1
136.0,86.0,-24.0,0.09225809803317878,0.2,1
136.0,86.0,-22.0,0.09225809803317878,0.2,1
136.0,88.0,-34.0,0.09225809803317878,0.2,1
136.0,88.0,-32.0,0.09225809803317878,0.2,1
136.0,88.0,-30.0,0.09225809803317878,0.2,1
136.0,88.0,-28.0,0.09225809803317878,0.2,1
136.0,88.0,-26.0,0.09225809803317878,0.2,1
136.0,88.0,-24.0,0.09225809803317878,0.2,1
136.0,88.0,-22.0,0.09225809803317878,0.2,1
136.0,90.0,-36.0,0.09225809803317878,0.2,1
136.0,90.0,-34.0,0.09225809803317878,0.2,1
136.0,90.0,-32.0,0.09225809803317878,0.2,1
136.0,90.0,-30.0,0.09225809803317878,0.2,1
136.0,90.0,-28.0,0.09225809803317878,0.2,1
136.0,90.0,-26.0,0.09225809803317878,0.2,1
136.0,90.0,-24.0,0.09225809803317878,0.2,1
136.0,90.0,-22.0,0.09225809803317878,0.2,1
138.0,68.0,-30.0,0.09225809803317878,0.2,1
138.0,68.0,-28.0,0.09225809803317878,0.2,1
138.0,68.0,-26.0,0.09225809803317878,0.2,1
138.0,68.0,-24.0,0.09225809803317878,0.2,1
138.0,68.0,-22.0,0.09225809803317878,0.2,1
138.0,70.0,-30.0,0.09225809803317878,0.2,1
138.0,70.0,-28.0,0.09225809803317878,0.2,1
138.0,70.0,-26.0,0.09225809803317878,0.2,1
138.0,70.0,-24.0,0.09225809803317878,0.2,1
138.0,70.0,-22.0,0.09225809803317878,0.2,1
138.0,72.0,-30.0,0.09225809803317878,0.2,1
138.0,72.0,-28.0,0.09225809803317878,0.2,1
138.0,72.0,-26.0,0.09225809803317878,0.2,1
138.0,72.0,-24.0,0.09225809803317878,0.2,1
138.0,72.0,-22.0,0.09225809803317878,0.2,1
138.0,74.0,-30.0,0.09225809803317878,0.2,1
138.0,74.0,-28.0,0.09225809803317878,0.2,1
138.0,74.0,-26.0,0.09225809803317878,0.2,1
138.0,74.0,-24.0,0.09225809803317878,0.2,1
138.0,74.0,-22.0,0.09225809803317878,0.2,1
138.0,76.0,-30.0,0.09225809803317878,0.2,1
138.0,76.0,-28.0,0.09225809803317878,0.2,1
138.0,76.0,-26.0,0.09225809803317878,0.2,1
138.0,76.0,-24.0,0.09225809803317878,0.2,1
138.0,76.0,-22.0,0.09225809803317878,0.2,1
138.0,78.0,-32.0,0.09225809803317878,0.2,1
138.0,78.0,-30.0,0.09225809803317878,0.2,1
138.0,78.0,-28.0,0.09225809803317878,0.2,1
138.0,78.0,-26.0,0.09225809803317878,0.2,1
138.0,78.0,-24.0,0.09225809803317878,0.2,1
138.0,78.0,-22.0,0.09225809803317878,0.2,1
138.0,80.0,-32.0,0.09225809803317878,0.2,1
138.0,80.0,-30.0,0.09225809803317878,0.2,1
138.0,80.0,-28.0,0.09225809803317878,0.2,1
138.0,80.0,-26.0,0.09225809803317878,0.2,1
138.0,80.0,-24.0,0.09225809803317878,0.2,1
138.0,80.0,-22.0,0.09225809803317878,0.2,1
138.0,82.0,-32.0,0.09225809803317878,0.2,1
138.0,82.0,-30.0,0.09225809803317878,0.2,1
138.0,82.0,-28.0,0.09225809803317878,0.2,1
138.0,82.0,-26.0,0.09225809803317878,0.2,1
138.0,82.0,-24.0,0.09225809803317878,0.2,1
138.0,82.0,-22.0,0.09225809803317878,0.2,1
138.0,84.0,-32.0,0.09225809803317878,0.2,1
138.0,84.0,-30.0,0.09225809803317878,0.2,1
138.0,84.0,-28.0,0.09225809803317878,0.2,1
138.0,84.0,-26.0,0.09225809803317878,0.2,1
138.0,84.0,-24.0,0.09225809803317878,0.2,1
138.0,84.0,-22.0,0.09225809803317878,0.2,1
138.0,86.0,-34.0,0.09225809803317878,0.2,1
138.0,86.0,-32.0,0.09225809803317878,0.2,1
138.0,86.0,-30.0,0.09225809803317878,0.2,1
138.0,86.0,-28.0,0.09225809803317878,0.2,1
138.0,86.0,-26.0,0.09225809803317878,0.2,1
138.0,86.0,-24.0,0.09225809803317878,0.2,1
138.0,86.0,-22.0,0.09225809803317878,0.2,1
138.0,88.0,-34.0,0.09225809803317878,0.2,1
138.0,88.0,-32.0,0.09225809803317878,0.2,1
138.0,88.0,-30.0,0.09225809803317878,0.2,1
138.0,88.0,-28.0,0.09225809803317878,0.2,1
138.0,88.0,-26.0,0.09225809803317878,0.2,1
138.0,88.0,-24.0,0.09225809803317878,0.2,1
138.0,88.0,-22.0,0.09225809803317878,0.2,1
138.0,90.0,-34.0,0.09225809803317878,0.2,1
138.0,90.0,-32.0,0.09225809803317878,0.2,1
138.0,90.0,-30.0,0.09225809803317878,0.2,1
138.0,90.0,-28.0,0.09225809803317878,0.2,1
138.0,90.0,-26.0,0.09225809803317878,0.2,1
138.0,90.0,-24.0,0.09225809803317878,0.2,1
138.0,90.0,-22.0,0.09225809803317878,0.2,1
140.0,68.0,-28.0,0.09225809803317878,0.2,1
140.0,68.0,-26.0,0.09225809803317878,0.2,1
140.0,68.0,-24.0,0.09225809803317878,0.2,1
140.0,68.0,-22.0,0.09225809803317878,0.2,1
140.0,70.0,-28.0,0.09225809803317878,0.2,1
140.0,70.0,-26.0,0.09225809803317878,0.2,1
140.0,70.0,-24.0,0.09225809803317878,0.2,1
140.0,70.0,-22.0,0.09225809803317878,0.2,1
140.0,72.0,-30.0,0.09225809803317878,0.2,1
140.0,72.0,-28.0,0.09225809803317878,0.2,1
140.0,72.0,-26.0,0.09225809803317878,0.2,1
140.0,72.0,-24.0,0.09225809803317878,0.2,1
140.0,72.0,-22.0,0.09225809803317878,0.2,1
140.0,74.0,-30.0,0.09225809803317878,0.2,1
140.0,74.0,-28.0,0.09225809803317878,0.2,1
140.0,74.0,-26.0,0.09225809803317878,0.2,1
140.0,74.0,-24.0,0.09225809803317878,0.2,1
140.0,74.0,-22.0,0.09225809803317878,0.2,1
140.0,76.0,-30.0,0.09225809803317878,0.2,1
140.0,76.0,-28.0,0.09225809803317878,0.2,1
140.0,76.0,-26.0,0.09225809803317878,0.2,1
140.0,76.0,-24.0,0.09225809803317878,0.2,1
140.0,76.0,-22.0,0.09225809803317878,0.2,1
140.0,78.0,-30.0,0.09225809803317878,0.2,1
140.0,78.0,-28.0,0.09225809803317878,0.2,1
140.0,78.0,-26.0,0.09225809803317878,0.2,1
140.0,78.0,-24.0,0.09225809803317878,0.2,1
140.0,78.0,-22.0,0.09225809803317878,0.2,1
140.0,80.0,-30.0,0.09225809803317878,0.2,1
140.0,80.0,-28.0,0.09225809803317878,0.2,1
140.0,80.0,-26.0,0.09225809803317878,0.2,1
140.0,80.0,-24.0,0.09225809803317878,0.2,1
140.0,80.0,-22.0,0.09225809803317878,0.2,1
140.0,82.0,-32.0,0.09225809803317878,0.2,1
140.0,82.0,-30.0,0.09225809803317878,0.2,1
140.0,82.0,-28.0,0.09225809803317878,0.2,1
140.0,82.0,-26.0,0.09225809803317878,0.2,1
140.0,82.0,-24.0,0.09225809803317878,0.2,1
140.0,82.0,-22.0,0.09225809803317878,0.2,1
140.0,84.0,-32.0,0.09225809803317878,0.2,1
140.0,84.0,-30.0,0.09225809803317878,0.2,1
140.0,84.0,-28.0,0.09225809803317878,0.2,1
140.0,84.0,-26.0,0.09225809803317878,0.2,1
140.0,84.0,-24.0,0.09225809803317878,0.2,1
140.0,84.0,-22.0,0.09225809803317878,0.2,1
140.0,86.0,-32.0,0.09225809803317878,0.2,1
140.0,86.0,-30.0,0.09225809803317878,0.2,1
140.0,86.0,-28.0,0.09225809803317878,0.2,1
140.0,86.0,-26.0,0.09225809803317878,0.2,1
140.0,86.0,-24.0,0.09225809803317878,0.2,1
140.0,86.0,-22.0,0.09225809803317878,0.2,1
140.0,88.0,-32.0,0.09225809803317878,0.2,1
140.0,88.0,-30.0,0.09225809803317878,0.2,1
140.0,88.0,-28.0,0.09225809803317878,0.2,1
140.0,88.0,-26.0,0.09225809803317878,0.2,1
140.0,88.0,-24.0,0.09225809803317878,0.2,1
140.0,88.0,-22.0,0.09225809803317878,0.2,1
140.0,90.0,-34.0,0.09225809803317878,0.2,1
140.0,90.0,-32.0,0.09225809803317878,0.2,1
140.0,90.0,-30.0,0.09225809803317878,0.2,1
140.0,90.0,-28.0,0.09225809803317878,0.2,1
140.0,90.0,-26.0,0.09225809803317878,0.2,1
140.0,90.0,-24.0,0.09225809803317878,0.2,1
140.0,90.0,-22.0,0.09225809803317878,0.2,1
142.0,68.0,-28.0,0.09225809803317878,0.2,1
142.0,68.0,-26.0,0.09225809803317878,0.2,1
142.0,68.0,-24.0,0.09225809803317878,0.2,1
142.0,68.0,-22.0,0.09225809803317878,0.2,1
142.0,70.0,-28.0,0.09225809803317878,0.2,1
142.0,70.0,-26.0,0.09225809803317878,0.2,1
142.0,70.0,-24.0,0.09225809803317878,0.2,1
142.0,70.0,-22.0,0.09225809803317878,0.2,1
142.0,72.0,-28.0,0.09225809803317878,0.2,1
142.0,72.0,-26.0,0.09225809803317878,0.2,1
142.0,72.0,-24.0,0.09225809803317878,0.2,1
142.0,72.0,-22.0,0.09225809803317878,0.2,1
142.0,74.0,-28.0,0.09225809803317878,0.2,1
142.0,74.0,-26.0,0.09225809803317878,0.2,1
142.0,74.0,-24.0,0.09225809803317878,0.2,1
142.0,74.0,-22.0,0.09225809803317878,0.2,1
142.0,76.0,-28.0,0.09225809803317878,0.2,1
142.0,76.0,-26.0,0.09225809803317878,0.2,1
142.0,76.0,-24.0,0.09225809803317878,0.2,1
142.0,76.0,-22.0,0.09225809803317878,0.2,1
142.0,78.0,-30.0,0.09225809803317878,0.2,1
142.0,78.0,-28.0,0.09225809803317878,0.2,1
142.0,78.0,-26.0,0.09225809803317878,0.2,1
142.0,78.0,-24.0,0.09225809803317878,0.2,1
142.0,78.0,-22.0,0.09225809803317878,0.2,1
142.0,80.0,-30.0,0.09225809803317878,0.2,1
142.0,80.0,-28.0,0.09225809803317878,0.2,1
142.0,80.0,-26.0,0.09225809803317878,0.2,1
142.0,80.0,-24.0,0.09225809803317878,0.2,1
142.0,80.0,-22.0,0.09225809803317878,0.2,1
142.0,82.0,-30.0,0.09225809803317878,0.2,1
142.0,82.0,-28.0,0.09225809803317878,0.2,1
142.0,82.0,-26.0,0.09225809803317878,0.2,1
142.0,82.0,-24.0,0.09225809803317878,0.2,1
142.0,82.0,-22.0,0.09225809803317878,0.2,1
142.0,84.0,-30.0,0.09225809803317878,0.2,1
142.0,84.0,-28.0,0.09225809803317878,0.2,1
142.0,84.0,-26.0,0.09225809803317878,0.2,1
142.0,84.0,-24.0,0.09225809803317878,0.2,1
142.0,84.0,-22.0,0.09225809803317878,0.2,1
142.0,86.0,-32.0,0.09225809803317878,0.2,1
142.0,86.0,-30.0,0.09225809803317878,0.2,1
142.0,86.0,-28.0,0.09225809803317878,0.2,1
142.0,86.0,-26.0,0.09225809803317878,0.2,1
142.0,86.0,-24.0,0.09225809803317878,0.2,1
142.0,86.0,-22.0,0.09225809803317878,0.2,1
142.0,88.0,-32.0,0.09225809803317878,0.2,1
142.0,88.0,-30.0,0.09225809803317878,0.2,1
142.0,88.0,-28.0,0.09225809803317878,0.2,1
142.0,88.0,-26.0,0.09225809803317878,0.2,1
142.0,88.0,-24.0,0.09225809803317878,0.2,1
142.0,88.0,-22.0,0.09225809803317878,0.2,1
142.0,90.0,-32.0,0.09225809803317878,0.2,1
142.0,90.0,-30.0,0.09225809803317878,0.2,1
142.0,90.0,-28.0,0.09225809803317878,0.2,1
142.0,90.0,-26.0,0.09225809803317878,0.2,1
142.0,90.0,-24.0,0.09225809803317878,0.2,1
142.0,90.0,-22.0,0.09225809803317878,0.2,1
140.0,66.0,-28.0,0.09225809803317878,0.2,1
140.0,66.0,-26.0,0.09225809803317878,0.2,1
140.0,66.0,-24.0,0.09225809803317878,0.2,1
140.0,66.0,-22.0,0.09225809803317878,0.2,1
142.0,66.0,-28.0,0.09225809803317878,0.2,1
142.0,66.0,-26.0,0.09225809803317878,0.2,1
142.0,66.0,-24.0,0.09225809803317878,0.2,1
142.0,66.0,-22.0,0.09225809803317878,0.2,1
144.0,64.0,-26.0,0.09225809803317878,0.2,1
144.0,64.0,-24.0,0.09225809803317878,0.2,1
144.0,64.0,-22.0,0.09225809803317878,0.2,1
144.0,66.0,-26.0,0.09225809803317878,0.2,1
144.0,66.0,-24.0,0.09225809803317878,0.2,1
144.0,66.0,-22.0,0.09225809803317878,0.2,1
144.0,68.0,-26.0,0.09225809803317878,0.2,1
144.0,68.0,-24.0,0.09225809803317878,0.2,1
144.0,68.0,-22.0,0.09225809803317878,0.2,1
144.0,70.0,-26.0,0.09225809803317878,0.2,1
144.0,70.0,-24.0,0.09225809803317878,0.2,1
144.0,70.0,-22.0,0.09225809803317878,0.2,1
144.0,72.0,-26.0,0.09225809803317878,0.2,1
144.0,72.0,-24.0,0.09225809803317878,0.2,1
144.0,72.0,-22.0,0.09225809803317878,0.2,1
144.0,74.0,-28.0,0.09225809803317878,0.2,1
144.0,74.0,-26.0,0.09225809803317878,0.2,1
144.0,74.0,-24.0,0.09225809803317878,0.2,1
144.0,74.0,-22.0,0.09225809803317878,0.2,1
144.0,76.0,-28.0,0.09225809803317878,0.2,1
144.0,76.0,-26.0,0.09225809803317878,0.2,1
144.0,76.0,-24.0,0.09225809803317878,0.2,1
144.0,76.0,-22.0,0.09225809803317878,0.2,1
144.0,78.0,-28.0,0.09225809803317878,0.2,1
144.0,78.0,-26.0,0.09225809803317878,0.2,1
144.0,78.0,-24.0,0.09225809803317878,0.2,1
144.0,78.0,-22.0,0.09225809803317878,0.2,1
144.0,80.0,-28.0,0.09225809803317878,0.2,1
144.0,80.0,-26.0,0.09225809803317878,0.2,1
144.0,80.0,-24.0,0.09225809803317878,0.2,1
144.0,80.0,-22.0,0.09225809803317878,0.2,1
144.0,82.0,-28.0,0.09225809803317878,0.2,1
144.0,82.0,-26.0,0.09225809803317878,0.2,1
144.0,82.0,-24.0,0.09225809803317878,0.2,1
144.0,82.0,-22.0,0.09225809803317878,0.2,1
146.0,62.0,-24.0,0.09225809803317878,0.2,1
146.0,62.0,-22.0,0.09225809803317878,0.2,1
146.0,64.0,-24.0,0.09225809803317878,0.2,1
146.0,64.0,-22.0,0.09225809803317878,0.2,1
146.0,66.0,-24.0,0.09225809803317878,0.2,1
146.0,66.0,-22.0,0.09225809803317878,0.2,1
146.0,68.0,-26.0,0.09225809803317878,0.2,1
146.0,68.0,-24.0,0.09225809803317878,0.2,1
146.0,68.0,-22.0,0.09225809803317878,0.2,1
146.0,70.0,-26.0,0.09225809803317878,0.2,1
146.0,70.0,-24.0,0.09225809803317878,0.2,1
146.0,70.0,-22.0,0.09225809803317878,0.2,1
146.0,72.0,-26.0,0.09225809803317878,0.2,1
146.0,72.0,-24.0,0.09225809803317878,0.2,1
146.0,72.0,-22.0,0.09225809803317878,0.2,1
146.0,74.0,-26.0,0.09225809803317878,0.2,1
146.0,74.0,-24.0,0.09225809803317878,0.2,1
146.0,74.0,-22.0,0.09225809803317878,0.2,1
146.0,76.0,-26.0,0.09225809803317878,0.2,1
146.0,76.0,-24.0,0.09225809803317878,0.2,1
146.0,76.0,-22.0,0.09225809803317878,0.2,1
146.0,78.0,-26.0,0.09225809803317878,0.2,1
146.0,78.0,-24.0,0.09225809803317878,0.2,1
146.0,78.0,-22.0,0.09225809803317878,0.2,1
146.0,80.0,-28.0,0.09225809803317878,0.2,1
146.0,80.0,-26.0,0.09225809803317878,0.2,1
146.0,80.0,-24.0,0.09225809803317878,0.2,1
146.0,80.0,-22.0,0.09225809803317878,0.2,1
146.0,82.0,-28.0,0.09225809803317878,0.2,1
146.0,82.0,-26.0,0.09225809803317878,0.2,1
146.0,82.0,-24.0,0.09225809803317878,0.2,1
146.0,82.0,-22.0,0.09225809803317878,0.2,1
148.0,62.0,-24.0,0.09225809803317878,0.2,1
148.0,62.0,-22.0,0.09225809803317878,0.2,1
148.0,64.0,-24.0,0.09225809803317878,0.2,1
148.0,64.0,-22.0,0.09225809803317878,0.2,1
148.0,66.0,-24.0,0.09225809803317878,0.2,1
148.0,66.0,-22.0,0.09225809803317878,0.2,1
148.0,68.0,-24.0,0.09225809803317878,0.2,1
148.0,68.0,-22.0,0.09225809803317878,0.2,1
148.0,70.0,-24.0,0.09225809803317878,0.2,1
148.0,70.0,-22.0,0.09225809803317878,0.2,1
148.0,72.0,-24.0,0.09225809803317878,0.2,1
148.0,72.0,-22.0,0.09225809803317878,0.2,1
148.0,74.0,-24.0,0.09225809803317878,0.2,1
148.0,74.0,-22.0,0.09225809803317878,0.2,1
148.0,76.0,-26.0,0.09225809803317878,0.2,1
148.0,76.0,-24.0,0.09225809803317878,0.2,1
148.0,76.0,-22.0,0.09225809803317878,0.2,1
148.0,78.0,-26.0,0.09225809803317878,0.2,1
148.0,78.0,-24.0,0.09225809803317878,0.2,1
148.0,78.0,-22.0,0.09225809803317878,0.2,1
148.0,80.0,-26.0,0.09225809803317878,0.2,1
148.0,80.0,-24.0,0.09225809803317878,0.2,1
148.0,80.0,-22.0,0.09225809803317878,0.2,1
148.0,82.0,-26.0,0.09225809803317878,0.2,1
148.0,82.0,-24.0,0.09225809803317878,0.2,1
148.0,82.0,-22.0,0.09225809803317878,0.2,1
150.0,60.0,-22.0,0.09225809803317878,0.2,1
150.0,62.0,-22.0,0.09225809803317878,0.2,1
150.0,64.0,-22.0,0.09225809803317878,0.2,1
150.0,66.0,-22.0,0.09225809803317878,0.2,1
150.0,68.0,-22.0,0.09225809803317878,0.2,1
150.0,70.0,-22.0,0.09225809803317878,0.2,1
150.0,72.0,-24.0,0.09225809803317878,0.2,1
150.0,72.0,-22.0,0.09225809803317878,0.2,1
150.0,74.0,-24.0,0.09225809803317878,0.2,1
150.0,74.0,-22.0,0.09225809803317878,0.2,1
150.0,76.0,-24.0,0.09225809803317878,0.2,1
150.0,76.0,-22.0,0.09225809803317878,0.2,1
150.0,78.0,-24.0,0.09225809803317878,0.2,1
150.0,78.0,-22.0,0.09225809803317878,0.2,1
150.0,80.0,-24.0,0.09225809803317878,0.2,1
150.0,80.0,-22.0,0.09225809803317878,0.2,1
150.0,82.0,-26.0,0.09225809803317878,0.2,1
150.0,82.0,-24.0,0.09225809803317878,0.2,1
150.0,82.0,-22.0,0.09225809803317878,0.2,1
152.0,68.0,-22.0,0.09225809803317878,0.2,1
152.0,70.0,-22.0,0.09225809803317878,0.2,1
152.0,72.0,-22.0,0.09225809803317878,0.2,1
152.0,74.0,-22.0,0.09225809803317878,0.2,1
152.0,76.0,-22.0,0.09225809803317878,0.2,1
152.0,78.0,-22.0,0.09225809803317878,0.2,1
152.0,80.0,-24.0,0.09225809803317878,0.2,1
152.0,80.0,-22.0,0.09225809803317878,0.2,1
152.0,82.0,-24.0,0.09225809803317878,0.2,1
152.0,82.0,-22.0,0.09225809803317878,0.2,1
128.0,78.0,-20.0,0.09225809803317878,0.2,1
128.0,78.0,-18.0,0.09225809803317878,0.2,1
128.0,78.0,-16.0,0.09225809803317878,0.2,1
128.0,78.0,-14.0,0.09225809803317878,0.2,1
128.0,78.0,-12.0,0.09225809803317878,0.2,1
128.0,80.0,-20.0,0.09225809803317878,0.2,1
128.0,80.0,-18.0,0.09225809803317878,0.2,1
128.0,80.0,-16.0,0.09225809803317878,0.2,1
128.0,80.0,-14.0,0.09225809803317878,0.2,1
128.0,80.0,-12.0,0.09225809803317878,0.2,1
128.0,82.0,-20.0,0.09225809803317878,0.2,1
128.0,82.0,-18.0,0.09225809803317878,0.2,1
128.0,82.0,-16.0,0.09225809803317878,0.2,1
128.0,82.0,-14.0,0.09225809803317878,0.2,1
128.0,82.0,-12.0,0.09225809803317878,0.2,1
130.0,76.0,-20.0,0.09225809803317878,0.2,1
130.0,76.0,-18.0,0.09225809803317878,0.2,1
130.0,76.0,-16.0,0.09225809803317878,0.2,1
130.0,76.0,-14.0,0.09225809803317878,0.2,1
130.0,76.0,-12.0,0.09225809803317878,0.2,1
130.0,78.0,-20.0,0.09225809803317878,0.2,1
130.0,78.0,-18.0,0.09225809803317878,0.2,1
130.0,78.0,-16.0,0.09225809803317878,0.2,1
130.0,78.0,-14.0,0.09225809803317878,0.2,1
130.0,78.0,-12.0,0.09225809803317878,0.2,1
130.0,80.0,-20.0,0.09225809803317878,0.2,1
130.0,80.0,-18.0,0.09225809803317878,0.2,1
130.0,80.0,-16.0,0.09225809803317878,0.2,1
130.0,80.0,-14.0,0.09225809803317878,0.2,1
130.0,80.0,-12.0,0.09225809803317878,0.2,1
130.0,82.0,-20.0,0.09225809803317878,0.2,1
130.0,82.0,-18.0,0.09225809803317878,0.2,1
130.0,82.0,-16.0,0.09225809803317878,0.2,1
130.0,82.0,-14.0,0.09225809803317878,0.2,1
130.0,82.0,-12.0,0.09225809803317878,0.2,1
132.0,74.0,-20.0,0.09225809803317878,0.2,1
132.0,74.0,-18.0,0.09225809803317878,0.2,1
132.0,74.0,-16.0,0.09225809803317878,0.2,1
132.0,74.0,-14.0,0.09225809803317878,0.2,1
132.0,74.0,-12.0,0.09225809803317878,0.2,1
132.0,76.0,-20.0,0.09225809803317878,0.2,1
132.0,76.0,-18.0,0.09225809803317878,0.2,1
132.0,76.0,-16.0,0.09225809803317878,0.2,1
132.0,76.0,-14.0,0.09225809803317878,0.2,1
132.0,76.0,-12.0,0.09225809803317878,0.2,1
132.0,78.0,-20.0,0.09225809803317878,0.2,1
132.0,78.0,-18.0,0.09225809803317878,0.2,1
132.0,78.0,-16.0,0.09225809803317878,0.2,1
132.0,78.0,-14.0,0.09225809803317878,0.2,1
132.0,78.0,-12.0,0.09225809803317878,0.2,1
132.0,80.0,-20.0,0.09225809803317878,0.2,1
132.0,80.0,-18.0,0.09225809803317878,0.2,1
132.0,80.0,-16.0,0.09225809803317878,0.2,1
132.0,80.0,-14.0,0.09225809803317878,0.2,1
132.0,80.0,-12.0,0.09225809803317878,0.2,1
132.0,82.0,-20.0,0.09225809803317878,0.2,1
132.0,82.0,-18.0,0.09225809803317878,0.2,1
132.0,82.0,-16.0,0.09225809803317878,0.2,1
132.0,82.0,-14.0,0.09225809803317878,0.2,1
132.0,82.0,-12.0,0.09225809803317878,0.2,1
134.0,72.0,-20.0,0.09225809803317878,0.2,1
134.0,72.0,-18.0,0.09225809803317878,0.2,1
134.0,72.0,-16.0,0.09225809803317878,0.2,1
134.0,72.0,-14.0,0.09225809803317878,0.2,1
134.0,72.0,-12.0,0.09225809803317878,0.2,1
134.0,74.0,-20.0,0.09225809803317878,0.2,1
134.0,74.0,-18.0,0.09225809803317878,0.2,1
134.0,74.0,-16.0,0.09225809803317878,0.2,1
134.0,74.0,-14.0,0.09225809803317878,0.2,1
134.0,74.0,-12.0,0.09225809803317878,0.2,1
134.0,76.0,-20.0,0.09225809803317878,0.2,1
134.0,76.0,-18.0,0.09225809803317878,0.2,1
134.0,76.0,-16.0,0.09225809803317878,0.2,1
134.0,76.0,-14.0,0.09225809803317878,0.2,1
134.0,76.0,-12.0,0.09225809803317878,0.2,1
134.0,78.0,-20.0,0.09225809803317878,0.2,1
134.0,78.0,-18.0,0.09225809803317878,0.2,1
134.0,78.0,-16.0,0.09225809803317878,0.2,1
134.0,78.0,-14.0,0.09225809803317878,0.2,1
134.0,78.0,-12.0,0.09225809803317878,0.2,1
134.0,80.0,-20.0,0.09225809803317878,0.2,1
134.0,80.0,-18.0,0.09225809803317878,0.2,1
134.0,80.0,-16.0,0.09225809803317878,0.2,1
134.0,80.0,-14.0,0.09225809803317878,0.2,1
134.0,80.0,-12.0,0.09225809803317878,0.2,1
134.0,82.0,-20.0,0.09225809803317878,0.2,1
134.0,82.0,-18.0,0.09225809803317878,0.2,1
134.0,82.0,-16.0,0.09225809803317878,0.2,1
134.0,82.0,-14.0,0.09225809803317878,0.2,1
134.0,82.0,-12.0,0.09225809803317878,0.2,1
136.0,70.0,-20.0,0.09225809803317878,0.2,1
136.0,70.0,-18.0,0.09225809803317878,0.2,1
136.0,70.0,-16.0,0.09225809803317878,0.2,1
136.0,70.0,-14.0,0.09225809803317878,0.2,1
136.0,70.0,-12.0,0.09225809803317878,0.2,1
136.0,72.0,-20.0,0.09225809803317878,0.2,1
136.0,72.0,-18.0,0.09225809803317878,0.2,1
136.0,72.0,-16.0,0.09225809803317878,0.2,1
136.0,72.0,-14.0,0.09225809803317878,0.2,1
136.0,72.0,-12.0,0.09225809803317878,0.2,1
136.0,74.0,-20.0,0.09225809803317878,0.2,1
136.0,74.0,-18.0,0.09225809803317878,0.2,1
136.0,74.0,-16.0,0.09225809803317878,0.2,1
136.0,74.0,-14.0,0.09225809803317878,0.2,1
136.0,74.0,-12.0,0.09225809803317878,0.2,1
136.0,76.0,-20.0,0.09225809803317878,0.2,1
136.0,76.0,-18.0,0.09225809803317878,0.2,1
136.0,76.0,-16.0,0.09225809803317878,0.2,1
136.0,76.0,-14.0,0.09225809803317878,0.2,1
136.0,76.0,-12.0,0.09225809803317878,0.2,1
136.0,78.0,-20.0,0.09225809803317878,0.2,1
136.0,78.0,-18.0,0.09225809803317878,0.2,1
136.0,78.0,-16.0,0.09225809803317878,0.2,1
136.0,78.0,-14.0,0.09225809803317878,0.2,1
136.0,78.0,-12.0,0.09225809803317878,0.2,1
136.0,80.0,-20.0,0.09225809803317878,0.2,1
136.0,80.0,-18.0,0.09225809803317878,0.2,1
136.0,80.0,-16.0,0.09225809803317878,0.2,1
136.0,80.0,-14.0,0.09225809803317878,0.2,1
136.0,80.0,-12.0,0.09225809803317878,0.2,1
136.0,82.0,-20.0,0.09225809803317878,0.2,1
136.0,82.0,-18.0,0.09225809803317878,0.2,1
136.0,82.0,-16.0,0.09225809803317878,0.2,1
136.0,82.0,-14.0,0.09225809803317878,0.2,1
136.0,82.0,-12.0,0.09225809803317878,0.2,1
138.0,68.0,-20.0,0.09225809803317878,0.2,1
138.0,68.0,-18.0,0.09225809803317878,0.2,1
138.0,68.0,-16.0,0.09225809803317878,0.2,1
138.0,68.0,-14.0,0.09225809803317878,0.2,1
138.0,68.0,-12.0,0.09225809803317878,0.2,1
138.0,70.0,-20.0,0.09225809803317878,0.2,1
138.0,70.0,-18.0,0.09225809803317878,0.2,1
138.0,70.0,-16.0,0.09225809803317878,0.2,1
138.0,70.0,-14.0,0.09225809803317878,0.2,1
138.0,70.0,-12.0,0.09225809803317878,0.2,1
138.0,72.0,-20.0,0.09225809803317878,0.2,1
138.0,72.0,-18.0,0.09225809803317878,0.2,1
138.0,72.0,-16.0,0.09225809803317878,0.2,1
138.0,72.0,-14.0,0.09225809803317878,0.2,1
138.0,72.0,-12.0,0.09225809803317878,0.2,1
138.0,74.0,-20.0,0.09225809803317878,0.2,1
138.0,74.0,-18.0,0.09225809803317878,0.2,1
138.0,74.0,-16.0,0.09225809803317878,0.2,1
138.0,74.0,-14.0,0.09225809803317878,0.2,1
138.0,74.0,-12.0,0.09225809803317878,0.2,1
138.0,76.0,-20.0,0.09225809803317878,0.2,1
138.0,76.0,-18.0,0.09225809803317878,0.2,1
138.0,76.0,-16.0,0.09225809803317878,0.2,1
138.0,76.0,-14.0,0.09225809803317878,0.2,1
138.0,76.0,-12.0,0.09225809803317878,0.2,1
138.0,78.0,-20.0,0.09225809803317878,0.2,1
138.0,78.0,-18.0,0.09225809803317878,0.2,1
138.0,78.0,-16.0,0.09225809803317878,0.2,1
138.0,78.0,-14.0,0.09225809803317878,0.2,1
138.0,78.0,-12.0,0.09225809803317878,0.2,1
138.0,80.0,-20.0,0.09225809803317878,0.2,1
138.0,80.0,-18.0,0.09225809803317878,0.2,1
138.0,80.0,-16.0,0.09225809803317878,0.2,1
138.0,80.0,-14.0,0.09225809803317878,0.2,1
138.0,80.0,-12.0,0.09225809803317878,0.2,1
138.0,82.0,-20.0,0.09225809803317878,0.2,1
138.0,82.0,-18.0,0.09225809803317878,0.2,1
138.0,82.0,-16.0,0.09225809803317878,0.2,1
138.0,82.0,-14.0,0.09225809803317878,0.2,1
138.0,82.0,-12.0,0.09225809803317878,0.2,1
140.0,66.0,-20.0,0.09225809803317878,0.2,1
140.0,66.0,-18.0,0.09225809803317878,0.2,1
140.0,66.0,-16.0,0.09225809803317878,0.2,1
140.0,66.0,-14.0,0.09225809803317878,0.2,1
140.0,66.0,-12.0,0.09225809803317878,0.2,1
140.0,68.0,-20.0,0.09225809803317878,0.2,1
140.0,68.0,-18.0,0.09225809803317878,0.2,1
140.0,68.0,-16.0,0.09225809803317878,0.2,1
140.0,68.0,-14.0,0.09225809803317878,0.2,1
140.0,68.0,-12.0,0.09225809803317878,0.2,1
140.0,70.0,-20.0,0.09225809803317878,0.2,1
140.0,70.0,-18.0,0.09225809803317878,0.2,1
140.0,70.0,-16.0,0.09225809803317878,0.2,1
140.0,70.0,-14.0,0.09225809803317878,0.2,1
140.0,70.0,-12.0,0.09225809803317878,0.2,1
140.0,72.0,-20.0,0.09225809803317878,0.2,1
140.0,72.0,-18.0,0.09225809803317878,0.2,1
140.0,72.0,-16.0,0.09225809803317878,0.2,1
140.0,72.0,-14.0,0.09225809803317878,0.2,1
140.0,72.0,-12.0,0.09225809803317878,0.2,1
140.0,74.0,-20.0,0.09225809803317878,0.2,1
140.0,74.0,-18.0,0.09225809803317878,0.2,1
140.0,74.0,-16.0,0.09225809803317878,0.2,1
140.0,74.0,-14.0,0.09225809803317878,0.2,1
140.0,74.0,-12.0,0.09225809803317878,0.2,1
140.0,76.0,-20.0,0.09225809803317878,0.2,1
140.0,76.0,-18.0,0.09225809803317878,0.2,1
140.0,76.0,-16.0,0.09225809803317878,0.2,1
140.0,76.0,-14.0,0.09225809803317878,0.2,1
140.0,76.0,-12.0,0.09225809803317878,0.2,1
140.0,78.0,-20.0,0.09225809803317878,0.2,1
140.0,78.0,-18.0,0.09225809803317878,0.2,1
140.0,78.0,-16.0,0.09225809803317878,0.2,1
140.0,78.0,-14.0,0.09225809803317878,0.2,1
140.0,78.0,-12.0,0.09225809803317878,0.2,1
140.0,80.0,-20.0,0.09225809803317878,0.2,1
140.0,80.0,-18.0,0.09225809803317878,0.2,1
140.0,80.0,-16.0,0.09225809803317878,0.2,1
140.0,80.0,-14.0,0.09225809803317878,0.2,1
140.0,80.0,-12.0,0.09225809803317878,0.2,1
140.0,82.0,-20.0,0.09225809803317878,0.2,1
140.0,82.0,-18.0,0.09225809803317878,0.2,1
140.0,82.0,-16.0,0.09225809803317878,0.2,1
140.0,82.0,-14.0,0.09225809803317878,0.2,1
140.0,82.0,-12.0,0.09225809803317878,0.2,1
142.0,66.0,-20.0,0.09225809803317878,0.2,1
142.0,66.0,-18.0,0.09225809803317878,0.2,1
142.0,66.0,-16.0,0.09225809803317878,0.2,1
142.0,66.0,-14.0,0.09225809803317878,0.2,1
142.0,66.0,-12.0,0.09225809803317878,0.2,1
142.0,68.0,-20.0,0.09225809803317878,0.2,1
142.0,68.0,-18.0,0.09225809803317878,0.2,1
142.0,68.0,-16.0,0.09225809803317878,0.2,1
142.0,68.0,-14.0,0.09225809803317878,0.2,1
142.0,68.0,-12.0,0.09225809803317878,0.2,1
142.0,70.0,-20.0,0.09225809803317878,0.2,1
142.0,70.0,-18.0,0.09225809803317878,0.2,1
142.0,70.0,-16.0,0.09225809803317878,0.2,1
142.0,70.0,-14.0,0.09225809803317878,0.2,1
142.0,70.0,-12.0,0.09225809803317878,0.2,1
142.0,72.0,-20.0,0.09225809803317878,0.2,1
142.0,72.0,-18.0,0.09225809803317878,0.2,1
142.0,72.0,-16.0,0.09225809803317878,0.2,1
142.0,72.0,-14.0,0.09225809803317878,0.2,1
142.0,72.0,-12.0,0.09225809803317878,0.2,1
142.0,74.0,-20.0,0.09225809803317878,0.2,1
142.0,74.0,-18.0,0.09225809803317878,0.2,1
142.0,74.0,-16.0,0.09225809803317878,0.2,1
142.0,74.0,-14.0,0.09225809803317878,0.2,1
142.0,74.0,-12.0,0.09225809803317878,0.2,1
142.0,76.0,-20.0,0.09225809803317878,0.2,1
142.0,76.0,-18.0,0.09225809803317878,0.2,1
142.0,76.0,-16.0,0.09225809803317878,0.2,1
142.0,76.0,-14.0,0.09225809803317878,0.2,1
142.0,76.0,-12.0,0.09225809803317878,0.2,1
142.0,78.0,-20.0,0.09225809803317878,0.2,1
142.0,78.0,-18.0,0.09225809803317878,0.2,1
142.0,78.0,-16.0,0.09225809803317878,0.2,1
142.0,78.0,-14.0,0.09225809803317878,0.2,1
142.0,78.0,-12.0,0.09225809803317878,0.2,1
142.0,80.0,-20.0,0.09225809803317878,0.2,1
142.0,80.0,-18.0,0.09225809803317878,0.2,1
142.0,80.0,-16.0,0.09225809803317878,0.2,1
142.0,80.0,-14.0,0.09225809803317878,0.2,1
142.0,80.0,-12.0,0.09225809803317878,0.2,1
142.0,82.0,-20.0,0.09225809803317878,0.2,1
142.0,82.0,-18.0,0.09225809803317878,0.2,1
142.0,82.0,-16.0,0.09225809803317878,0.2,1
142.0,82.0,-14.0,0.09225809803317878,0.2,1
142.0,82.0,-12.0,0.09225809803317878,0.2,1
144.0,64.0,-20.0,0.09225809803317878,0.2,1
144.0,64.0,-18.0,0.09225809803317878,0.2,1
144.0,64.0,-16.0,0.09225809803317878,0.2,1
144.0,64.0,-14.0,0.09225809803317878,0.2,1
144.0,64.0,-12.0,0.09225809803317878,0.2,1
144.0,66.0,-20.0,0.09225809803317878,0.2,1
144.0,66.0,-18.0,0.09225809803317878,0.2,1
144.0,66.0,-16.0,0.09225809803317878,0.2,1
144.0,66.0,-14.0,0.09225809803317878,0.2,1
144.0,66.0,-12.0,0.09225809803317878,0.2,1
144.0,68.0,-20.0,0.09225809803317878,0.2,1
144.0,68.0,-18.0,0.09225809803317878,0.2,1
144.0,68.0,-16.0,0.09225809803317878,0.2,1
144.0,68.0,-14.0,0.09225809803317878,0.2,1
144.0,68.0,-12.0,0.09225809803317878,0.2,1
144.0,70.0,-20.0,0.09225809803317878,0.2,1
144.0,70.0,-18.0,0.09225809803317878,0.2,1
144.0,70.0,-16.0,0.09225809803317878,0.2,1
144.0,70.0,-14.0,0.09225809803317878,0.2,1
144.0,70.0,-12.0,0.09225809803317878,0.2,1
144.0,72.0,-20.0,0.09225809803317878,0.2,1
144.0,72.0,-18.0,0.09225809803317878,0.2,1
144.0,72.0,-16.0,0.09225809803317878,0.2,1
144.0,72.0,-14.0,0.09225809803317878,0.2,1
144.0,72.0,-12.0,0.09225809803317878,0.2,1
144.0,74.0,-20.0,0.09225809803317878,0.2,1
144.0,74.0,-18.0,0.09225809803317878,0.2,1
144.0,74.0,-16.0,0.09225809803317878,0.2,1
144.0,74.0,-14.0,0.09225809803317878,0.2,1
144.0,74.0,-12.0,0.09225809803317878,0.2,1
144.0,76.0,-20.0,0.09225809803317878,0.2,1
144.0,76.0,-18.0,0.09225809803317878,0.2,1
144.0,76.0,-16.0,0.09225809803317878,0.2,1
144.0,76.0,-14.0,0.09225809803317878,0.2,1
144.0,76.0,-12.0,0.09225809803317878,0.2,1
144.0,78.0,-20.0,0.09225809803317878,0.2,1
144.0,78.0,-18.0,0.09225809803317878,0.2,1
144.0,78.0,-16.0,0.09225809803317878,0.2,1
144.0,78.0,-14.0,0.09225809803317878,0.2,1
144.0,78.0,-12.0,0.09225809803317878,0.2,1
144.0,80.0,-20.0,0.09225809803317878,0.2,1
144.0,80.0,-18.0,0.09225809803317878,0.2,1
144.0,80.0,-16.0,0.09225809803317878,0.2,1
144.0,80.0,-14.0,0.09225809803317878,0.2,1
144.0,80.0,-12.0,0.09225809803317878,0.2,1
144.0,82.0,-20.0,0.09225809803317878,0.2,1
144.0,82.0,-18.0,0.09225809803317878,0.2,1
144.0,82.0,-16.0,0.09225809803317878,0.2,1
144.0,82.0,-14.0,0.09225809803317878,0.2,1
144.0,82.0,-12.0,0.09225809803317878,0.2,1
146.0,62.0,-20.0,0.09225809803317878,0.2,1
146.0,62.0,-18.0,0.09225809803317878,0.2,1
146.0,62.0,-16.0,0.09225809803317878,0.2,1
146.0,62.0,-14.0,0.09225809803317878,0.2,1
146.0,62.0,-12.0,0.09225809803317878,0.2,1
146.0,64.0,-20.0,0.09225809803317878,0.2,1
146.0,64.0,-18.0,0.09225809803317878,0.2,1
146.0,64.0,-16.0,0.09225809803317878,0.2,1
146.0,64.0,-14.0,0.09225809803317878,0.2,1
146.0,64.0,-12.0,0.09225809803317878,0.2,1
146.0,66.0,-20.0,0.09225809803317878,0.2,1
146.0,66.0,-18.0,0.09225809803317878,0.2,1
146.0,66.0,-16.0,0.09225809803317878,0.2,1
146.0,66.0,-14.0,0.09225809803317878,0.2,1
146.0,66.0,-12.0,0.09225809803317878,0.2,1
146.0,68.0,-20.0,0.09225809803317878,0.2,1
146.0,68.0,-18.0,0.09225809803317878,0.2,1
146.0,68.0,-16.0,0.09225809803317878,0.2,1
146.0,68.0,-14.0,0.09225809803317878,0.2,1
146.0,68.0,-12.0,0.09225809803317878,0.2,1
146.0,70.0,-20.0,0.09225809803317878,0.2,1
146.0,70.0,-18.0,0.09225809803317878,0.2,1
146.0,70.0,-16.0,0.09225809803317878,0.2,1
146.0,70.0,-14.0,0.09225809803317878,0.2,1
146.0,70.0,-12.0,0.09225809803317878,0.2,1
146.0,72.0,-20.0,0.09225809803317878,0.2,1
146.0,72.0,-18.0,0.09225809803317878,0.2,1
146.0,72.0,-16.0,0.09225809803317878,0.2,1
146.0,72.0,-14.0,0.09225809803317878,0.2,1
146.0,72.0,-12.0,0.09225809803317878,0.2,1
146.0,74.0,-20.0,0.09225809803317878,0.2,1
146.0,74.0,-18.0,0.09225809803317878,0.2,1
146.0,74.0,-16.0,0.09225809803317878,0.2,1
146.0,74.0,-14.0,0.09225809803317878,0.2,1
146.0,74.0,-12.0,0.09225809803317878,0.2,1
146.0,76.0,-20.0,0.09225809803317878,0.2,1
146.0,76.0,-18.0,0.09225809803317878,0.2,1
146.0,76.0,-16.0,0.09225809803317878,0.2,1
146.0,76.0,-14.0,0.09225809803317878,0.2,1
146.0,76.0,-12.0,0.09225809803317878,0.2,1
146.0,78.0,-20.0,0.09225809803317878,0.2,1
146.0,78.0,-18.0,0.09225809803317878,0.2,1
146.0,78.0,-16.0,0.09225809803317878,0.2,1
146.0,78.0,-14.0,0.09225809803317878,0.2,1
146.0,78.0,-12.0,0.09225809803317878,0.2,1
146.0,80.0,-20.0,0.09225809803317878,0.2,1
146.0,80.0,-18.0,0.09225809803317878,0.2,1
146.0,80.0,-16.0,0.09225809803317878,0.2,1
146.0,80.0,-14.0,0.09225809803317878,0.2,1
146.0,80.0,-12.0,0.09225809803317878,0.2,1
146.0,82.0,-20.0,0.09225809803317878,0.2,1
146.0,82.0,-18.0,0.09225809803317878,0.2,1
146.0,82.0,-16.0,0.09225809803317878,0.2,1
146.0,82.0,-14.0,0.09225809803317878,0.2,1
146.0,82.0,-12.0,0.09225809803317878,0.2,1
148.0,62.0,-20.0,0.09225809803317878,0.2,1
148.0,62.0,-18.0,0.09225809803317878,0.2,1
148.0,62.0,-16.0,0.09225809803317878,0.2,1
148.0,62.0,-14.0,0.09225809803317878,0.2,1
148.0,62.0,-12.0,0.09225809803317878,0.2,1
148.0,64.0,-20.0,0.09225809803317878,0.2,1
148.0,64.0,-18.0,0.09225809803317878,0.2,1
148.0,64.0,-16.0,0.09225809803317878,0.2,1
148.0,64.0,-14.0,0.09225809803317878,0.2,1
148.0,64.0,-12.0,0.09225809803317878,0.2,1
148.0,66.0,-20.0,0.09225809803317878,0.2,1
148.0,66.0,-18.0,0.09225809803317878,0.2,1
148.0,66.0,-16.0,0.09225809803317878,0.2,1
148.0,66.0,-14.0,0.09225809803317878,0.2,1
148.0,66.0,-12.0,0.09225809803317878,0.2,1
148.0,68.0,-20.0,0.09225809803317878,0.2,1
148.0,68.0,-18.0,0.09225809803317878,0.2,1
148.0,68.0,-16.0,0.09225809803317878,0.2,1
148.0,68.0,-14.0,0.09225809803317878,0.2,1
148.0,68.0,-12.0,0.09225809803317878,0.2,1
148.0,70.0,-20.0,0.09225809803317878,0.2,1
148.0,70.0,-18.0,0.09225809803317878,0.2,1
148.0,70.0,-16.0,0.09225809803317878,0.2,1
148.0,70.0,-14.0,0.09225809803317878,0.2,1
148.0,70.0,-12.0,0.09225809803317878,0.2,1
148.0,72.0,-20.0,0.09225809803317878,0.2,1
148.0,72.0,-18.0,0.09225809803317878,0.2,1
148.0,72.0,-16.0,0.09225809803317878,0.2,1
148.0,72.0,-14.0,0.09225809803317878,0.2,1
148.0,72.0,-12.0,0.09225809803317878,0.2,1
148.0,74.0,-20.0,0.09225809803317878,0.2,1
148.0,74.0,-18.0,0.09225809803317878,0.2,1
148.0,74.0,-16.0,0.09225809803317878,0.2,1
148.0,74.0,-14.0,0.09225809803317878,0.2,1
148.0,74.0,-12.0,0.09225809803317878,0.2,1
148.0,76.0,-20.0,0.09225809803317878,0.2,1
148.0,76.0,-18.0,0.09225809803317878,0.2,1
148.0,76.0,-16.0,0.09225809803317878,0.2,1
148.0,76.0,-14.0,0.09225809803317878,0.2,1
148.0,76.0,-12.0,0.09225809803317878,0.2,1
148.0,78.0,-20.0,0.09225809803317878,0.2,1
148.0,78.0,-18.0,0.09225809803317878,0.2,1
148.0,78.0,-16.0,0.09225809803317878,0.2,1
148.0,78.0,-14.0,0.09225809803317878,0.2,1
148.0,78.0,-12.0,0.09225809803317878,0.2,1
148.0,80.0,-20.0,0.09225809803317878,0.2,1
148.0,80.0,-18.0,0.09225809803317878,0.2,1
148.0,80.0,-16.0,0.09225809803317878,0.2,1
148.0,80.0,-14.0,0.09225809803317878,0.2,1
148.0,80.0,-12.0,0.09225809803317878,0.2,1
148.0,82.0,-20.0,0.09225809803317878,0.2,1
148.0,82.0,-18.0,0.09225809803317878,0.2,1
148.0,82.0,-16.0,0.09225809803317878,0.2,1
148.0,82.0,-14.0,0.09225809803317878,0.2,1
148.0,82.0,-12.0,0.09225809803317878,0.2,1
150.0,60.0,-20.0,0.09225809803317878,0.2,1
150.0,60.0,-18.0,0.09225809803317878,0.2,1
150.0,60.0,-16.0,0.09225809803317878,0.2,1
150.0,60.0,-14.0,0.09225809803317878,0.2,1
150.0,60.0,-12.0,0.09225809803317878,0.2,1
150.0,62.0,-20.0,0.09225809803317878,0.2,1
150.0,62.0,-18.0,0.09225809803317878,0.2,1
150.0,62.0,-16.0,0.09225809803317878,0.2,1
150.0,62.0,-14.0,0.09225809803317878,0.2,1
150.0,62.0,-12.0,0.09225809803317878,0.2,1
150.0,64.0,-20.0,0.09225809803317878,0.2,1
150.0,64.0,-18.0,0.09225809803317878,0.2,1
150.0,64.0,-16.0,0.09225809803317878,0.2,1
150.0,64.0,-14.0,0.09225809803317878,0.2,1
150.0,64.0,-12.0,0.09225809803317878,0.2,1
150.0,66.0,-20.0,0.09225809803317878,0.2,1
150.0,66.0,-18.0,0.09225809803317878,0.2,1
150.0,66.0,-16.0,0.09225809803317878,0.2,1
150.0,66.0,-14.0,0.09225809803317878,0.2,1
150.0,66.0,-12.0,0.09225809803317878,0.2,1
150.0,68.0,-20.0,0.09225809803317878,0.2,1
150.0,68.0,-18.0,0.09225809803317878,0.2,1
150.0,68.0,-16.0,0.09225809803317878,0.2,1
150.0,68.0,-14.0,0.09225809803317878,0.2,1
150.0,68.0,-12.0,0.09225809803317878,0.2,1
150.0,70.0,-20.0,0.09225809803317878,0.2,1
150.0,70.0,-18.0,0.09225809803317878,0.2,1
150.0,70.0,-16.0,0.09225809803317878,0.2,1
150.0,70.0,-14.0,0.09225809803317878,0.2,1
150.0,70.0,-12.0,0.09225809803317878,0.2,1
150.0,72.0,-20.0,0.09225809803317878,0.2,1
150.0,72.0,-18.0,0.09225809803317878,0.2,1
150.0,72.0,-16.0,0.09225809803317878,0.2,1
150.0,72.0,-14.0,0.09225809803317878,0.2,1
150.0,72.0,-12.0,0.09225809803317878,0.2,1
150.0,74.0,-20.0,0.09225809803317878,0.2,1
150.0,74.0,-18.0,0.09225809803317878,0.2,1
150.0,74.0,-16.0,0.09225809803317878,0.2,1
150.0,74.0,-14.0,0.09225809803317878,0.2,1
150.0,74.0,-12.0,0.09225809803317878,0.2,1
150.0,76.0,-20.0,0.09225809803317878,0.2,1
150.0,76.0,-18.0,0.09225809803317878,0.2,1
150.0,76.0,-16.0,0.09225809803317878,0.2,1
150.0,76.0,-14.0,0.09225809803317878,0.2,1
150.0,76.0,-12.0,0.09225809803317878,0.2,1
150.0,78.0,-20.0,0.09225809803317878,0.2,1
150.0,78.0,-18.0,0.09225809803317878,0.2,1
150.0,78.0,-16.0,0.09225809803317878,0.2,1
150.0,78.0,-14.0,0.09225809803317878,0.2,1
150.0,78.0,-12.0,0.09225809803317878,0.2,1
150.0,80.0,-20.0,0.09225809803317878,0.2,1
150.0,80.0,-18.0,0.09225809803317878,0.2,1
150.0,80.0,-16.0,0.09225809803317878,0.2,1
150.0,80.0,-14.0,0.09225809803317878,0.2,1
150.0,80.0,-12.0,0.09225809803317878,0.2,1
150.0,82.0,-20.0,0.09225809803317878,0.2,1
150.0,82.0,-18.0,0.09225809803317878,0.2,1
150.0,82.0,-16.0,0.09225809803317878,0.2,1
150.0,82.0,-14.0,0.09225809803317878,0.2,1
150.0,82.0,-12.0,0.09225809803317878,0.2,1
152.0,58.0,-20.0,0.09225809803317878,0.2,1
152.0,58.0,-18.0,0.09225809803317878,0.2,1
152.0,58.0,-16.0,0.09225809803317878,0.2,1
152.0,58.0,-14.0,0.09225809803317878,0.2,1
152.0,58.0,-12.0,0.09225809803317878,0.2,1
152.0,60.0,-20.0,0.09225809803317878,0.2,1
152.0,60.0,-18.0,0.09225809803317878,0.2,1
152.0,60.0,-16.0,0.09225809803317878,0.2,1
152.0,60.0,-14.0,0.09225809803317878,0.2,1
152.0,60.0,-12.0,0.09225809803317878,0.2,1
152.0,62.0,-20.0,0.09225809803317878,0.2,1
152.0,62.0,-18.0,0.09225809803317878,0.2,1
152.0,62.0,-16.0,0.09225809803317878,0.2,1
152.0,62.0,-14.0,0.09225809803317878,0.2,1
152.0,62.0,-12.0,0.09225809803317878,0.2,1
152.0,64.0,-20.0,0.09225809803317878,0.2,1
152.0,64.0,-18.0,0.09225809803317878,0.2,1
152.0,64.0,-16.0,0.09225809803317878,0.2,1
152.0,64.0,-14.0,0.09225809803317878,0.2,1
152.0,64.0,-12.0,0.09225809803317878,0.2,1
152.0,66.0,-20.0,0.09225809803317878,0.2,1
152.0,66.0,-18.0,0.09225809803317878,0.2,1
152.0,66.0,-16.0,0.09225809803317878,0.2,1
152.0,66.0,-14.0,0.09225809803317878,0.2,1
152.0,66.0,-12.0,0.09225809803317878,0.2,1
152.0,68.0,-20.0,0.09225809803317878,0.2,1
152.0,68.0,-18.0,0.09225809803317878,0.2,1
152.0,68.0,-16.0,0.09225809803317878,0.2,1
152.0,68.0,-14.0,0.09225809803317878,0.2,1
152.0,68.0,-12.0,0.09225809803317878,0.2,1
152.0,70.0,-20.0,0.09225809803317878,0.2,1
152.0,70.0,-18.0,0.09225809803317878,0.2,1
152.0,70.0,-16.0,0.09225809803317878,0.2,1
152.0,70.0,-14.0,0.09225809803317878,0.2,1
152.0,70.0,-12.0,0.09225809803317878,0.2,1
152.0,72.0,-20.0,0.09225809803317878,0.2,1
152.0,72.0,-18.0,0.09225809803317878,0.2,1
152.0,72.0,-16.0,0.09225809803317878,0.2,1
152.0,72.0,-14.0,0.09225809803317878,0.2,1
152.0,72.0,-12.0,0.09225809803317878,0.2,1
152.0,74.0,-20.0,0.09225809803317878,0.2,1
152.0,74.0,-18.0,0.09225809803317878,0.2,1
152.0,74.0,-16.0,0.09225809803317878,0.2,1
152.0,74.0,-14.0,0.09225809803317878,0.2,1
152.0,74.0,-12.0,0.09225809803317878,0.2,1
152.0,76.0,-20.0,0.09225809803317878,0.2,1
152.0,76.0,-18.0,0.09225809803317878,0.2,1
152.0,76.0,-16.0,0.09225809803317878,0.2,1
152.0,76.0,-14.0,0.09225809803317878,0.2,1
152.0,76.0,-12.0,0.09225809803317878,0.2,1
152.0,78.0,-20.0,0.09225809803317878,0.2,1
152.0,78.0,-18.0,0.09225809803317878,0.2,1
152.0,78.0,-16.0,0.09225809803317878,0.2,1
152.0,78.0,-14.0,0.09225809803317878,0.2,1
152.0,78.0,-12.0,0.09225809803317878,0.2,1
152.0,80.0,-20.0,0.09225809803317878,0.2,1
152.0,80.0,-18.0,0.09225809803317878,0.2,1
152.0,80.0,-16.0,0.09225809803317878,0.2,1
152.0,80.0,-14.0,0.09225809803317878,0.2,1
152.0,80.0,-12.0,0.09225809803317878,0.2,1
152.0,82.0,-20.0,0.09225809803317878,0.2,1
152.0,82.0,-18.0,0.09225809803317878,0.2,1
152.0,82.0,-16.0,0.09225809803317878,0.2,1
152.0,82.0,-14.0,0.09225809803317878,0.2,1
152.0,82.0,-12.0,0.09225809803317878,0.2,1
144.0,84.0,-30.0,0.09225809803317878,0.2,1
144.0,84.0,-28.0,0.09225809803317878,0.2,1
144.0,84.0,-26.0,0.09225809803317878,0.2,1
144.0,84.0,-24.0,0.09225809803317878,0.2,1
144.0,84.0,-22.0,0.09225809803317878,0.2,1
144.0,86.0,-30.0,0.09225809803317878,0.2,1
144.0,86.0,-28.0,0.09225809803317878,0.2,1
144.0,86.0,-26.0,0.09225809803317878,0.2,1
144.0,86.0,-24.0,0.09225809803317878,0.2,1
144.0,86.0,-22.0,0.09225809803317878,0.2,1
144.0,88.0,-30.0,0.09225809803317878,0.2,1
144.0,88.0,-28.0,0.09225809803317878,0.2,1
144.0,88.0,-26.0,0.09225809803317878,0.2,1
144.0,88.0,-24.0,0.09225809803317878,0.2,1
144.0,88.0,-22.0,0.09225809803317878,0.2,1
144.0,90.0,-32.0,0.09225809803317878,0.2,1
144.0,90.0,-30.0,0.09225809803317878,0.2,1
144.0,90.0,-28.0,0.09225809803317878,0.2,1
144.0,90.0,-26.0,0.09225809803317878,0.2,1
144.0,90.0,-24.0,0.09225809803317878,0.2,1
144.0,90.0,-22.0,0.09225809803317878,0.2,1
146.0,84.0,-28.0,0.09225809803317878,0.2,1
146.0,84.0,-26.0,0.09225809803317878,0.2,1
146.0,84.0,-24.0,0.09225809803317878,0.2,1
146.0,84.0,-22.0,0.09225809803317878,0.2,1
146.0,86.0,-28.0,0.09225809803317878,0.2,1
146.0,86.0,-26.0,0.09225809803317878,0.2,1
146.0,86.0,-24.0,0.09225809803317878,0.2,1
146.0,86.0,-22.0,0.09225809803317878,0.2,1
146.0,88.0,-30.0,0.09225809803317878,0.2,1
146.0,88.0,-28.0,0.09225809803317878,0.2,1
146.0,88.0,-26.0,0.09225809803317878,0.2,1
146.0,88.0,-24.0,0.09225809803317878,0.2,1
146.0,88.0,-22.0,0.09225809803317878,0.2,1
146.0,90.0,-30.0,0.09225809803317878,0.2,1
146.0,90.0,-28.0,0.09225809803317878,0.2,1
146.0,90.0,-26.0,0.09225809803317878,0.2,1
146.0,90.0,-24.0,0.09225809803317878,0.2,1
146.0,90.0,-22.0,0.09225809803317878,0.2,1
148.0,84.0,-26.0,0.09225809803317878,0.2,1
148.0,84.0,-24.0,0.09225809803317878,0.2,1
148.0,84.0,-22.0,0.09225809803317878,0.2,1
148.0,86.0,-28.0,0.09225809803317878,0.2,1
148.0,86.0,-26.0,0.09225809803317878,0.2,1
148.0,86.0,-24.0,0.09225809803317878,0.2,1
148.0,86.0,-22.0,0.09225809803317878,0.2,1
148.0,88.0,-28.0,0.09225809803317878,0.2,1
148.0,88.0,-26.0,0.09225809803317878,0.2,1
148.0,88.0,-24.0,0.09225809803317878,0.2,1
148.0,88.0,-22.0,0.09225809803317878,0.2,1
148.0,90.0,-28.0,0.09225809803317878,0.2,1
148.0,90.0,-26.0,0.09225809803317878,0.2,1
148.0,90.0,-24.0,0.09225809803317878,0.2,1
148.0,90.0,-22.0,0.09225809803317878,0.2,1
150.0,84.0,-26.0,0.09225809803317878,0.2,1
150.0,84.0,-24.0,0.09225809803317878,0.2,1
150.0,84.0,-22.0,0.09225809803317878,0.2,1
150.0,86.0,-26.0,0.09225809803317878,0.2,1
150.0,86.0,-24.0,0.09225809803317878,0.2,1
150.0,86.0,-22.0,0.09225809803317878,0.2,1
150.0,88.0,-26.0,0.09225809803317878,0.2,1
150.0,88.0,-24.0,0.09225809803317878,0.2,1
150.0,88.0,-22.0,0.09225809803317878,0.2,1
150.0,90.0,-28.0,0.09225809803317878,0.2,1
150.0,90.0,-26.0,0.09225809803317878,0.2,1
150.0,90.0,-24.0,0.09225809803317878,0.2,1
150.0,90.0,-22.0,0.09225809803317878,0.2,1
152.0,84.0,-24.0,0.09225809803317878,0.2,1
152.0,84.0,-22.0,0.09225809803317878,0.2,1
152.0,86.0,-24.0,0.09225809803317878,0.2,1
152.0,86.0,-22.0,0.09225809803317878,0.2,1
152.0,88.0,-26.0,0.09225809803317878,0.2,1
152.0,88.0,-24.0,0.09225809803317878,0.2,1
152.0,88.0,-22.0,0.09225809803317878,0.2,1
152.0,90.0,-26.0,0.09225809803317878,0.2,1
152.0,90.0,-24.0,0.09225809803317878,0.2,1
152.0,90.0,-22.0,0.09225809803317878,0.2,1
154.0,64.0,-20.0,0.09225809803317878,0.2,1
154.0,64.0,-18.0,0.09225809803317878,0.2,1
154.0,64.0,-16.0,0.09225809803317878,0.2,1
154.0,64.0,-14.0,0.09225809803317878,0.2,1
154.0,64.0,-12.0,0.09225809803317878,0.2,1
154.0,66.0,-20.0,0.09225809803317878,0.2,1
154.0,66.0,-18.0,0.09225809803317878,0.2,1
154.0,66.0,-16.0,0.09225809803317878,0.2,1
154.0,66.0,-14.0,0.09225809803317878,0.2,1
154.0,66.0,-12.0,0.09225809803317878,0.2,1
154.0,68.0,-20.0,0.09225809803317878,0.2,1
154.0,68.0,-18.0,0.09225809803317878,0.2,1
154.0,68.0,-16.0,0.09225809803317878,0.2,1
154.0,68.0,-14.0,0.09225809803317878,0.2,1
154.0,68.0,-12.0,0.09225809803317878,0.2,1
154.0,70.0,-20.0,0.09225809803317878,0.2,1
154.0,70.0,-18.0,0.09225809803317878,0.2,1
154.0,70.0,-16.0,0.09225809803317878,0.2,1
154.0,70.0,-14.0,0.09225809803317878,0.2,1
154.0,70.0,-12.0,0.09225809803317878,0.2,1
154.0,72.0,-20.0,0.09225809803317878,0.2,1
154.0,72.0,-18.0,0.09225809803317878,0.2,1
154.0,72.0,-16.0,0.09225809803317878,0.2,1
154.0,72.0,-14.0,0.09225809803317878,0.2,1
154.0,72.0,-12.0,0.09225809803317878,0.2,1
156.0,68.0,-18.0,0.09225809803317878,0.2,1
156.0,70.0,-18.0,0.09225809803317878,0.2,1
156.0,70.0,-16.0,0.09225809803317878,0.2,1
156.0,70.0,-14.0,0.09225809803317878,0.2,1
156.0,72.0,-20.0,0.09225809803317878,0.2,1
156.0,72.0,-18.0,0.09225809803317878,0.2,1
156.0,72.0,-16.0,0.09225809803317878,0.2,1
156.0,72.0,-14.0,0.09225809803317878,0.2,1
156.0,72.0,-12.0,0.09225809803317878,0.2,1
154.0,74.0,-20.0,0.09225809803317878,0.2,1
154.0,74.0,-18.0,0.09225809803317878,0.2,1
154.0,74.0,-16.0,0.09225809803317878,0.2,1
154.0,74.0,-14.0,0.09225809803317878,0.2,1
154.0,74.0,-12.0,0.09225809803317878,0.2,1
154.0,76.0,-22.0,0.09225809803317878,0.2,1
154.0,76.0,-20.0,0.09225809803317878,0.2,1
154.0,76.0,-18.0,0.09225809803317878,0.2,1
154.0,76.0,-16.0,0.09225809803317878,0.2,1
154.0,76.0,-14.0,0.09225809803317878,0.2,1
154.0,76.0,-12.0,0.09225809803317878,0.2,1
154.0,78.0,-22.0,0.09225809803317878,0.2,1
154.0,78.0,-20.0,0.09225809803317878,0.2,1
154.0,78.0,-18.0,0.09225809803317878,0.2,1
154.0,78.0,-16.0,0.09225809803317878,0.2,1
154.0,78.0,-14.0,0.09225809803317878,0.2,1
154.0,78.0,-12.0,0.09225809803317878,0.2,1
154.0,80.0,-22.0,0.09225809803317878,0.2,1
154.0,80.0,-20.0,0.09225809803317878,0.2,1
154.0,80.0,-18.0,0.09225809803317878,0.2,1
154.0,80.0,-16.0,0.09225809803317878,0.2,1
154.0,80.0,-14.0,0.09225809803317878,0.2,1
154.0,80.0,-12.0,0.09225809803317878,0.2,1
154.0,82.0,-22.0,0.09225809803317878,0.2,1
154.0,82.0,-20.0,0.09225809803317878,0.2,1
154.0,82.0,-18.0,0.09225809803317878,0.2,1
154.0,82.0,-16.0,0.09225809803317878,0.2,1
154.0,82.0,-14.0,0.09225809803317878,0.2,1
154.0,82.0,-12.0,0.09225809803317878,0.2,1
156.0,74.0,-20.0,0.09225809803317878,0.2,1
156.0,74.0,-18.0,0.09225809803317878,0.2,1
156.0,74.0,-16.0,0.09225809803317878,0.2,1
156.0,74.0,-14.0,0.09225809803317878,0.2,1
156.0,74.0,-12.0,0.09225809803317878,0.2,1
156.0,76.0,-20.0,0.09225809803317878,0.2,1
156.0,76.0,-18.0,0.09225809803317878,0.2,1
156.0,76.0,-16.0,0.09225809803317878,0.2,1
156.0,76.0,-14.0,0.09225809803317878,0.2,1
156.0,76.0,-12.0,0.09225809803317878,0.2,1
156.0,78.0,-20.0,0.09225809803317878,0.2,1
156.0,78.0,-18.0,0.09225809803317878,0.2,1
156.0,78.0,-16.0,0.09225809803317878,0.2,1
156.0,78.0,-14.0,0.09225809803317878,0.2,1
156.0,78.0,-12.0,0.09225809803317878,0.2,1
156.0,80.0,-20.0,0.09225809803317878,0.2,1
156.0,80.0,-18.0,0.09225809803317878,0.2,1
156.0,80.0,-16.0,0.09225809803317878,0.2,1
156.0,80.0,-14.0,0.09225809803317878,0.2,1
156.0,80.0,-12.0,0.09225809803317878,0.2,1
156.0,82.0,-20.0,0.09225809803317878,0.2,1
156.0,82.0,-18.0,0.09225809803317878,0.2,1
156.0,82.0,-16.0,0.09225809803317878,0.2,1
156.0,82.0,-14.0,0.09225809803317878,0.2,1
156.0,82.0,-12.0,0.09225809803317878,0.2,1
158.0,74.0,-18.0,0.09225809803317878,0.2,1
158.0,76.0,-18.0,0.09225809803317878,0.2,1
158.0,76.0,-16.0,0.09225809803317878,0.2,1
158.0,78.0,-18.0,0.09225809803317878,0.2,1
158.0,78.0,-16.0,0.09225809803317878,0.2,1
158.0,78.0,-14.0,0.09225809803317878,0.2,1
158.0,80.0,-20.0,0.09225809803317878,0.2,1
158.0,80.0,-18.0,0.09225809803317878,0.2,1
158.0,80.0,-16.0,0.09225809803317878,0.2,1
158.0,80.0,-14.0,0.09225809803317878,0.2,1
158.0,80.0,-12.0,0.09225809803317878,0.2,1
158.0,82.0,-20.0,0.09225809803317878,0.2,1
158.0,82.0,-18.0,0.09225809803317878,0.2,1
158.0,82.0,-16.0,0.09225809803317878,0.2,1
158.0,82.0,-14.0,0.09225809803317878,0.2,1
158.0,82.0,-12.0,0.09225809803317878,0.2,1
160.0,80.0,-18.0,0.09225809803317878,0.2,1
160.0,82.0,-18.0,0.09225809803317878,0.2,1
160.0,82.0,-16.0,0.09225809803317878,0.2,1
138.0,84.0,-20.0,0.09225809803317878,0.2,1
138.0,84.0,-18.0,0.09225809803317878,0.2,1
138.0,84.0,-16.0,0.09225809803317878,0.2,1
138.0,84.0,-14.0,0.09225809803317878,0.2,1
138.0,84.0,-12.0,0.09225809803317878,0.2,1
138.0,86.0,-20.0,0.09225809803317878,0.2,1
138.0,86.0,-18.0,0.09225809803317878,0.2,1
138.0,86.0,-16.0,0.09225809803317878,0.2,1
138.0,86.0,-14.0,0.09225809803317878,0.2,1
138.0,86.0,-12.0,0.09225809803317878,0.2,1
138.0,88.0,-20.0,0.09225809803317878,0.2,1
138.0,88.0,-18.0,0.09225809803317878,0.2,1
138.0,88.0,-16.0,0.09225809803317878,0.2,1
138.0,88.0,-14.0,0.09225809803317878,0.2,1
138.0,88.0,-12.0,0.09225809803317878,0.2,1
138.0,90.0,-20.0,0.09225809803317878,0.2,1
138.0,90.0,-18.0,0.09225809803317878,0.2,1
138.0,90.0,-16.0,0.09225809803317878,0.2,1
138.0,90.0,-14.0,0.09225809803317878,0.2,1
138.0,90.0,-12.0,0.09225809803317878,0.2,1
140.0,84.0,-20.0,0.09225809803317878,0.2,1
140.0,84.0,-18.0,0.09225809803317878,0.2,1
140.0,84.0,-16.0,0.09225809803317878,0.2,1
140.0,84.0,-14.0,0.09225809803317878,0.2,1
140.0,84.0,-12.0,0.09225809803317878,0.2,1
140.0,86.0,-20.0,0.09225809803317878,0.2,1
140.0,86.0,-18.0,0.09225809803317878,0.2,1
140.0,86.0,-16.0,0.09225809803317878,0.2,1
140.0,86.0,-14.0,0.09225809803317878,0.2,1
140.0,86.0,-12.0,0.09225809803317878,0.2,1
140.0,88.0,-20.0,0.09225809803317878,0.2,1
140.0,88.0,-18.0,0.09225809803317878,0.2,1
140.0,88.0,-16.0,0.09225809803317878,0.2,1
140.0,88.0,-14.0,0.09225809803317878,0.2,1
140.0,88.0,-12.0,0.09225809803317878,0.2,1
140.0,90.0,-20.0,0.09225809803317878,0.2,1
140.0,90.0,-18.0,0.09225809803317878,0.2,1
140.0,90.0,-16.0,0.09225809803317878,0.2,1
140.0,90.0,-14.0,0.09225809803317878,0.2,1
140.0,90.0,-12.0,0.09225809803317878,0.2,1
142.0,84.0,-20.0,0.09225809803317878,0.2,1
142.0,84.0,-18.0,0.09225809803317878,0.2,1
142.0,84.0,-16.0,0.09225809803317878,0.2,1
142.0,84.0,-14.0,0.09225809803317878,0.2,1
142.0,84.0,-12.0,0.09225809803317878,0.2,1
142.0,86.0,-20.0,0.09225809803317878,0.2,1
142.0,86.0,-18.0,0.09225809803317878,0.2,1
142.0,86.0,-16.0,0.09225809803317878,0.2,1
142.0,86.0,-14.0,0.09225809803317878,0.2,1
142.0,86.0,-12.0,0.09225809803317878,0.2,1
142.0,88.0,-20.0,0.09225809803317878,0.2,1
142.0,88.0,-18.0,0.09225809803317878,0.2,1
142.0,88.0,-16.0,0.09225809803317878,0.2,1
142.0,88.0,-14.0,0.09225809803317878,0.2,1
142.0,88.0,-12.0,0.09225809803317878,0.2,1
142.0,90.0,-20.0,0.09225809803317878,0.2,1
142.0,90.0,-18.0,0.09225809803317878,0.2,1
142.0,90.0,-16.0,0.09225809803317878,0.2,1
142.0,90.0,-14.0,0.09225809803317878,0.2,1
142.0,90.0,-12.0,0.09225809803317878,0.2,1
144.0,84.0,-20.0,0.09225809803317878,0.2,1
144.0,84.0,-18.0,0.09225809803317878,0.2,1
144.0,84.0,-16.0,0.09225809803317878,0.2,1
144.0,84.0,-14.0,0.09225809803317878,0.2,1
144.0,84.0,-12.0,0.09225809803317878,0.2,1
144.0,86.0,-20.0,0.09225809803317878,0.2,1
144.0,86.0,-18.0,0.09225809803317878,0.2,1
144.0,86.0,-16.0,0.09225809803317878,0.2,1
144.0,86.0,-14.0,0.09225809803317878,0.2,1
144.0,86.0,-12.0,0.09225809803317878,0.2,1
144.0,88.0,-20.0,0.09225809803317878,0.2,1
144.0,88.0,-18.0,0.09225809803317878,0.2,1
144.0,88.0,-16.0,0.09225809803317878,0.2,1
144.0,88.0,-14.0,0.09225809803317878,0.2,1
144.0,88.0,-12.0,0.09225809803317878,0.2,1
144.0,90.0,-20.0,0.09225809803317878,0.2,1
144.0,90.0,-18.0,0.09225809803317878,0.2,1
144.0,90.0,-16.0,0.09225809803317878,0.2,1
144.0,90.0,-14.0,0.09225809803317878,0.2,1
144.0,90.0,-12.0,0.09225809803317878,0.2,1
146.0,84.0,-20.0,0.09225809803317878,0.2,1
146.0,84.0,-18.0,0.09225809803317878,0.2,1
146.0,84.0,-16.0,0.09225809803317878,0.2,1
146.0,84.0,-14.0,0.09225809803317878,0.2,1
146.0,84.0,-12.0,0.09225809803317878,0.2,1
146.0,86.0,-20.0,0.09225809803317878,0.2,1
146.0,86.0,-18.0,0.09225809803317878,0.2,1
146.0,86.0,-16.0,0.09225809803317878,0.2,1
146.0,86.0,-14.0,0.09225809803317878,0.2,1
146.0,86.0,-12.0,0.09225809803317878,0.2,1
146.0,88.0,-20.0,0.09225809803317878,0.2,1
146.0,88.0,-18.0,0.09225809803317878,0.2,1
146.0,88.0,-16.0,0.09225809803317878,0.2,1
146.0,88.0,-14.0,0.09225809803317878,0.2,1
146.0,88.0,-12.0,0.09225809803317878,0.2,1
146.0,90.0,-20.0,0.09225809803317878,0.2,1
146.0,90.0,-18.0,0.09225809803317878,0.2,1
146.0,90.0,-16.0,0.09225809803317878,0.2,1
146.0,90.0,-14.0,0.09225809803317878,0.2,1
146.0,90.0,-12.0,0.09225809803317878,0.2,1
148.0,84.0,-20.0,0.09225809803317878,0.2,1
148.0,84.0,-18.0,0.09225809803317878,0.2,1
148.0,84.0,-16.0,0.09225809803317878,0.2,1
148.0,84.0,-14.0,0.09225809803317878,0.2,1
148.0,84.0,-12.0,0.09225809803317878,0.2,1
148.0,86.0,-20.0,0.09225809803317878,0.2,1
148.0,86.0,-18.0,0.09225809803317878,0.2,1
148.0,86.0,-16.0,0.09225809803317878,0.2,1
148.0,86.0,-14.0,0.09225809803317878,0.2,1
148.0,86.0,-12.0,0.09225809803317878,0.2,1
148.0,88.0,-20.0,0.09225809803317878,0.2,1
148.0,88.0,-18.0,0.09225809803317878,0.2,1
148.0,88.0,-16.0,0.09225809803317878,0.2,1
148.0,88.0,-14.0,0.09225809803317878,0.2,1
148.0,88.0,-12.0,0.09225809803317878,0.2,1
148.0,90.0,-20.0,0.09225809803317878,0.2,1
148.0,90.0,-18.0,0.09225809803317878,0.2,1
148.0,90.0,-16.0,0.09225809803317878,0.2,1
148.0,90.0,-14.0,0.09225809803317878,0.2,1
148.0,90.0,-12.0,0.09225809803317878,0.2,1
150.0,84.0,-20.0,0.09225809803317878,0.2,1
150.0,84.0,-18.0,0.09225809803317878,0.2,1
150.0,84.0,-16.0,0.09225809803317878,0.2,1
150.0,84.0,-14.0,0.09225809803317878,0.2,1
150.0,84.0,-12.0,0.09225809803317878,0.2,1
150.0,86.0,-20.0,0.09225809803317878,0.2,1
150.0,86.0,-18.0,0.09225809803317878,0.2,1
150.0,86.0,-16.0,0.09225809803317878,0.2,1
150.0,86.0,-14.0,0.09225809803317878,0.2,1
150.0,86.0,-12.0,0.09225809803317878,0.2,1
150.0,88.0,-20.0,0.09225809803317878,0.2,1
150.0,88.0,-18.0,0.09225809803317878,0.2,1
150.0,88.0,-16.0,0.09225809803317878,0.2,1
150.0,88.0,-14.0,0.09225809803317878,0.2,1
150.0,88.0,-12.0,0.09225809803317878,0.2,1
150.0,90.0,-20.0,0.09225809803317878,0.2,1
150.0,90.0,-18.0,0.09225809803317878,0.2,1
150.0,90.0,-16.0,0.09225809803317878,0.2,1
150.0,90.0,-14.0,0.09225809803317878,0.2,1
150.0,90.0,-12.0,0.09225809803317878,0.2,1
152.0,84.0,-20.0,0.09225809803317878,0.2,1
152.0,84.0,-18.0,0.09225809803317878,0.2,1
152.0,84.0,-16.0,0.09225809803317878,0.2,1
152.0,84.0,-14.0,0.09225809803317878,0.2,1
152.0,84.0,-12.0,0.09225809803317878,0.2,1
152.0,86.0,-20.0,0.09225809803317878,0.2,1
152.0,86.0,-18.0,0.09225809803317878,0.2,1
152.0,86.0,-16.0,0.09225809803317878,0.2,1
152.0,86.0,-14.0,0.09225809803317878,0.2,1
152.0,86.0,-12.0,0.09225809803317878,0.2,1
152.0,88.0,-20.0,0.09225809803317878,0.2,1
152.0,88.0,-18.0,0.09225809803317878,0.2,1
152.0,88.0,-16.0,0.09225809803317878,0.2,1
152.0,88.0,-14.0,0.09225809803317878,0.2,1
152.0,88.0,-12.0,0.09225809803317878,0.2,1
152.0,90.0,-20.0,0.09225809803317878,0.2,1
152.0,90.0,-18.0,0.09225809803317878,0.2,1
152.0,90.0,-16.0,0.09225809803317878,0.2,1
152.0,90.0,-14.0,0.09225809803317878,0.2,1
152.0,90.0,-12.0,0.09225809803317878,0.2,1
154.0,84.0,-22.0,0.09225809803317878,0.2,1
154.0,84.0,-20.0,0.09225809803317878,0.2,1
154.0,84.0,-18.0,0.09225809803317878,0.2,1
154.0,84.0,-16.0,0.09225809803317878,0.2,1
154.0,84.0,-14.0,0.09225809803317878,0.2,1
154.0,84.0,-12.0,0.09225809803317878,0.2,1
154.0,86.0,-24.0,0.09225809803317878,0.2,1
154.0,86.0,-22.0,0.09225809803317878,0.2,1
154.0,86.0,-20.0,0.09225809803317878,0.2,1
154.0,86.0,-18.0,0.09225809803317878,0.2,1
154.0,86.0,-16.0,0.09225809803317878,0.2,1
154.0,86.0,-14.0,0.09225809803317878,0.2,1
154.0,86.0,-12.0,0.09225809803317878,0.2,1
154.0,88.0,-24.0,0.09225809803317878,0.2,1
154.0,88.0,-22.0,0.09225809803317878,0.2,1
154.0,88.0,-20.0,0.09225809803317878,0.2,1
154.0,88.0,-18.0,0.09225809803317878,0.2,1
154.0,88.0,-16.0,0.09225809803317878,0.2,1
154.0,88.0,-14.0,0.09225809803317878,0.2,1
154.0,88.0,-12.0,0.09225809803317878,0.2,1
154.0,90.0,-24.0,0.09225809803317878,0.2,1
154.0,90.0,-22.0,0.09225809803317878,0.2,1
154.0,90.0,-20.0,0.09225809803317878,0.2,1
154.0,90.0,-18.0,0.09225809803317878,0.2,1
154.0,90.0,-16.0,0.09225809803317878,0.2,1
154.0,90.0,-14.0,0.09225809803317878,0.2,1
154.0,90.0,-12.0,0.09225809803317878,0.2,1
156.0,84.0,-22.0,0.09225809803317878,0.2,1
156.0,84.0,-20.0,0.09225809803317878,0.2,1
156.0,84.0,-18.0,0.09225809803317878,0.2,1
156.0,84.0,-16.0,0.09225809803317878,0.2,1
156.0,84.0,-14.0,0.09225809803317878,0.2,1
156.0,84.0,-12.0,0.09225809803317878,0.2,1
156.0,86.0,-22.0,0.09225809803317878,0.2,1
156.0,86.0,-20.0,0.09225809803317878,0.2,1
156.0,86.0,-18.0,0.09225809803317878,0.2,1
156.0,86.0,-16.0,0.09225809803317878,0.2,1
156.0,86.0,-14.0,0.09225809803317878,0.2,1
156.0,86.0,-12.0,0.09225809803317878,0.2,1
156.0,88.0,-22.0,0.09225809803317878,0.2,1
156.0,88.0,-20.0,0.09225809803317878,0.2,1
156.0,88.0,-18.0,0.09225809803317878,0.2,1
156.0,88.0,-16.0,0.09225809803317878,0.2,1
156.0,88.0,-14.0,0.09225809803317878,0.2,1
156.0,88.0,-12.0,0.09225809803317878,0.2,1
156.0,90.0,-24.0,0.09225809803317878,0.2,1
156.0,90.0,-22.0,0.09225809803317878,0.2,1
156.0,90.0,-20.0,0.09225809803317878,0.2,1
156.0,90.0,-18.0,0.09225809803317878,0.2,1
156.0,90.0,-16.0,0.09225809803317878,0.2,1
156.0,90.0,-14.0,0.09225809803317878,0.2,1
156.0,90.0,-12.0,0.09225809803317878,0.2,1
158.0,84.0,-20.0,0.09225809803317878,0.2,1
158.0,84.0,-18.0,0.09225809803317878,0.2,1
158.0,84.0,-16.0,0.09225809803317878,0.2,1
158.0,84.0,-14.0,0.09225809803317878,0.2,1
158.0,84.0,-12.0,0.09225809803317878,0.2,1
158.0,86.0,-20.0,0.09225809803317878,0.2,1
158.0,86.0,-18.0,0.09225809803317878,0.2,1
158.0,86.0,-16.0,0.09225809803317878,0.2,1
158.0,86.0,-14.0,0.09225809803317878,0.2,1
158.0,86.0,-12.0,0.09225809803317878,0.2,1
158.0,88.0,-22.0,0.09225809803317878,0.2,1
158.0,88.0,-20.0,0.09225809803317878,0.2,1
158.0,88.0,-18.0,0.09225809803317878,0.2,1
158.0,88.0,-16.0,0.09225809803317878,0.2,1
158.0,88.0,-14.0,0.09225809803317878,0.2,1
158.0,88.0,-12.0,0.09225809803317878,0.2,1
158.0,90.0,-22.0,0.09225809803317878,0.2,1
158.0,90.0,-20.0,0.09225809803317878,0.2,1
158.0,90.0,-18.0,0.09225809803317878,0.2,1
158.0,90.0,-16.0,0.09225809803317878,0.2,1
158.0,90.0,-14.0,0.09225809803317878,0.2,1
158.0,90.0,-12.0,0.09225809803317878,0.2,1
160.0,84.0,-18.0,0.09225809803317878,0.2,1
160.0,84.0,-16.0,0.09225809803317878,0.2,1
160.0,84.0,-14.0,0.09225809803317878,0.2,1
160.0,86.0,-18.0,0.09225809803317878,0.2,1
160.0,86.0,-16.0,0.09225809803317878,0.2,1
160.0,86.0,-14.0,0.09225809803317878,0.2,1
160.0,88.0,-20.0,0.09225809803317878,0.2,1
160.0,88.0,-18.0,0.09225809803317878,0.2,1
160.0,88.0,-16.0,0.09225809803317878,0.2,1
160.0,88.0,-14.0,0.09225809803317878,0.2,1
160.0,88.0,-12.0,0.09225809803317878,0.2,1
160.0,90.0,-20.0,0.09225809803317878,0.2,1
160.0,90.0,-18.0,0.09225809803317878,0.2,1
160.0,90.0,-16.0,0.09225809803317878,0.2,1
160.0,90.0,-14.0,0.09225809803317878,0.2,1
160.0,90.0,-12.0,0.09225809803317878,0.2,1
162.0,86.0,-18.0,0.09225809803317878,0.2,1
162.0,88.0,-18.0,0.09225809803317878,0.2,1
162.0,88.0,-16.0,0.09225809803317878,0.2,1
118.0,48.0,-40.0,0.09919124579122414,0.2,1
118.0,48.0,-38.0,0.09919124579122414,0.2,1
118.0,48.0,-36.0,0.09919124579122414,0.2,1
118.0,48.0,-34.0,0.09919124579122414,0.2,1
118.0,48.0,-32.0,0.09919124579122414,0.2,1
118.0,50.0,-40.0,0.09919124579122414,0.2,1
118.0,50.0,-38.0,0.09919124579122414,0.2,1
118.0,50.0,-36.0,0.09919124579122414,0.2,1
118.0,50.0,-34.0,0.09919124579122414,0.2,1
118.0,50.0,-32.0,0.09919124579122414,0.2,1
118.0,52.0,-40.0,0.09919124579122414,0.2,1
118.0,52.0,-38.0,0.09919124579122414,0.2,1
118.0,52.0,-36.0,0.09919124579122414,0.2,1
118.0,52.0,-34.0,0.09919124579122414,0.2,1
118.0,52.0,-32.0,0.09919124579122414,0.2,1
118.0,54.0,-40.0,0.09919124579122414,0.2,1
118.0,54.0,-38.0,0.09919124579122414,0.2,1
118.0,54.0,-36.0,0.09919124579122414,0.2,1
118.0,54.0,-34.0,0.09919124579122414,0.2,1
118.0,54.0,-32.0,0.09919124579122414,0.2,1
118.0,56.0,-40.0,0.09919124579122414,0.2,1
118.0,56.0,-38.0,0.09919124579122414,0.2,1
118.0,56.0,-36.0,0.09919124579122414,0.2,1
118.0,56.0,-34.0,0.09919124579122414,0.2,1
118.0,56.0,-32.0,0.09919124579122414,0.2,1
118.0,58.0,-40.0,0.09919124579122414,0.2,1
118.0,58.0,-38.0,0.09919124579122414,0.2,1
118.0,58.0,-36.0,0.09919124579122414,0.2,1
118.0,58.0,-34.0,0.09919124579122414,0.2,1
118.0,58.0,-32.0,0.09919124579122414,0.2,1
118.0,60.0,-40.0,0.09919124579122414,0.2,1
118.0,60.0,-38.0,0.09919124579122414,0.2,1
118.0,60.0,-36.0,0.09919124579122414,0.2,1
118.0,60.0,-34.0,0.09919124579122414,0.2,1
118.0,60.0,-32.0,0.09919124579122414,0.2,1
118.0,62.0,-40.0,0.09919124579122414,0.2,1
118.0,62.0,-38.0,0.09919124579122414,0.2,1
118.0,62.0,-36.0,0.09919124579122414,0.2,1
118.0,62.0,-34.0,0.09919124579122414,0.2,1
118.0,62.0,-32.0,0.09919124579122414,0.2,1
118.0,64.0,-40.0,0.09919124579122414,0.2,1
118.0,64.0,-38.0,0.09919124579122414,0.2,1
118.0,64.0,-36.0,0.09919124579122414,0.2,1
118.0,64.0,-34.0,0.09919124579122414,0.2,1
118.0,64.0,-32.0,0.09919124579122414,0.2,1
118.0,66.0,-46.0,0.09919124579122414,0.2,1
118.0,66.0,-44.0,0.09919124579122414,0.2,1
118.0,66.0,-42.0,0.09919124579122414,0.2,1
118.0,68.0,-46.0,0.09919124579122414,0.2,1
118.0,68.0,-44.0,0.09919124579122414,0.2,1
118.0,68.0,-42.0,0.09919124579122414,0.2,1
118.0,70.0,-46.0,0.09919124579122414,0.2,1
118.0,70.0,-44.0,0.09919124579122414,0.2,1
118.0,70.0,-42.0,0.09919124579122414,0.2,1
118.0,72.0,-46.0,0.09919124579122414,0.2,1
118.0,72.0,-44.0,0.09919124579122414,0.2,1
118.0,72.0,-42.0,0.09919124579122414,0.2,1
120.0,48.0,-40.0,0.09919124579122414,0.2,1
120.0,48.0,-38.0,0.09919124579122414,0.2,1
120.0,48.0,-36.0,0.09919124579122414,0.2,1
120.0,48.0,-34.0,0.09919124579122414,0.2,1
120.0,48.0,-32.0,0.09919124579122414,0.2,1
120.0,50.0,-40.0,0.09919124579122414,0.2,1
120.0,50.0,-38.0,0.09919124579122414,0.2,1
120.0,50.0,-36.0,0.09919124579122414,0.2,1
120.0,50.0,-34.0,0.09919124579122414,0.2,1
120.0,50.0,-32.0,0.09919124579122414,0.2,1
120.0,52.0,-38.0,0.09919124579122414,0.2,1
120.0,52.0,-36.0,0.09919124579122414,0.2,1
120.0,52.0,-34.0,0.09919124579122414,0.2,1
120.0,52.0,-32.0,0.09919124579122414,0.2,1
120.0,54.0,-38.0,0.09919124579122414,0.2,1
120.0,54.0,-36.0,0.09919124579122414,0.2,1
120.0,54.0,-34.0,0.09919124579122414,0.2,1
120.0,54.0,-32.0,0.09919124579122414,0.2,1
120.0,56.0,-38.0,0.09919124579122414,0.2,1
120.0,56.0,-36.0,0.09919124579122414,0.2,1
120.0,56.0,-34.0,0.09919124579122414,0.2,1
120.0,56.0,-32.0,0.09919124579122414,0.2,1
120.0,58.0,-38.0,0.09919124579122414,0.2,1
120.0,58.0,-36.0,0.09919124579122414,0.2,1
120.0,58.0,-34.0,0.09919124579122414,0.2,1
120.0,58.0,-32.0,0.09919124579122414,0.2,1
120.0,60.0,-38.0,0.09919124579122414,0.2,1
120.0,60.0,-36.0,0.09919124579122414,0.2,1
120.0,60.0,-34.0,0.09919124579122414,0.2,1
120.0,60.0,-32.0,0.09919124579122414,0.2,1
120.0,62.0,-38.0,0.09919124579122414,0.2,1
120.0,62.0,-36.0,0.09919124579122414,0.2,1
120.0,62.0,-34.0,0.09919124579122414,0.2,1
120.0,62.0,-32.0,0.09919124579122414,0.2,1
120.0,64.0,-38.0,0.09919124579122414,0.2,1
120.0,64.0,-36.0,0.09919124579122414,0.2,1
120.0,64.0,-34.0,0.09919124579122414,0.2,1
120.0,64.0,-32.0,0.09919124579122414,0.2,1
120.0,66.0,-46.0,0.09919124579122414,0.2,1
120.0,66.0,-44.0,0.09919124579122414,0.2,1
120.0,66.0,-42.0,0.09919124579122414,0.2,1
120.0,66.0,-40.0,0.09919124579122414,0.2,1
120.0,68.0,-46.0,0.09919124579122414,0.2,1
120.0,68.0,-44.0,0.09919124579122414,0.2,1
120.0,68.0,-42.0,0.09919124579122414,0.2,1
120.0,68.0,-40.0,0.09919124579122414,0.2,1
120.0,70.0,-46.0,0.09919124579122414,0.2,1
120.0,70.0,-44.0,0.09919124579122414,0.2,1
120.0,70.0,-42.0,0.09919124579122414,0.2,1
120.0,70.0,-40.0,0.09919124579122414,0.2,1
120.0,72.0,-46.0,0.09919124579122414,0.2,1
120.0,72.0,-44.0,0.09919124579122414,0.2,1
120.0,72.0,-42.0,0.09919124579122414,0.2,1
120.0,72.0,-40.0,0.09919124579122414,0.2,1
122.0,48.0,-38.0,0.09919124579122414,0.2,1
122.0,48.0,-36.0,0.09919124579122414,0.2,1
122.0,48.0,-34.0,0.09919124579122414,0.2,1
122.0,48.0,-32.0,0.09919124579122414,0.2,1
122.0,50.0,-38.0,0.09919124579122414,0.2,1
122.0,50.0,-36.0,0.09919124579122414,0.2,1
122.0,50.0,-34.0,0.09919124579122414,0.2,1
122.0,50.0,-32.0,0.09919124579122414,0.2,1
122.0,52.0,-38.0,0.09919124579122414,0.2,1
122.0,52.0,-36.0,0.09919124579122414,0.2,1
122.0,52.0,-34.0,0.09919124579122414,0.2,1
122.0,52.0,-32.0,0.09919124579122414,0.2,1
122.0,54.0,-38.0,0.09919124579122414,0.2,1
122.0,54.0,-36.0,0.09919124579122414,0.2,1
122.0,54.0,-34.0,0.09919124579122414,0.2,1
122.0,54.0,-32.0,0.09919124579122414,0.2,1
122.0,56.0,-38.0,0.09919124579122414,0.2,1
122.0,56.0,-36.0,0.09919124579122414,0.2,1
122.0,56.0,-34.0,0.09919124579122414,0.2,1
122.0,56.0,-32.0,0.09919124579122414,0.2,1
122.0,58.0,-38.0,0.09919124579122414,0.2,1
122.0,58.0,-36.0,0.09919124579122414,0.2,1
122.0,58.0,-34.0,0.09919124579122414,0.2,1
122.0,58.0,-32.0,0.09919124579122414,0.2,1
122.0,60.0,-38.0,0.09919124579122414,0.2,1
122.0,60.0,-36.0,0.09919124579122414,0.2,1
122.0,60.0,-34.0,0.09919124579122414,0.2,1
122.0,60.0,-32.0,0.09919124579122414,0.2,1
122.0,62.0,-38.0,0.09919124579122414,0.2,1
122.0,62.0,-36.0,0.09919124579122414,0.2,1
122.0,62.0,-34.0,0.09919124579122414,0.2,1
122.0,62.0,-32.0,0.09919124579122414,0.2,1
122.0,64.0,-46.0,0.09919124579122414,0.2,1
122.0,64.0,-44.0,0.09919124579122414,0.2,1
122.0,64.0,-42.0,0.09919124579122414,0.2,1
122.0,64.0,-40.0,0.09919124579122414,0.2,1
122.0,66.0,-46.0,0.09919124579122414,0.2,1
122.0,66.0,-44.0,0.09919124579122414,0.2,1
122.0,66.0,-42.0,0.09919124579122414,0.2,1
122.0,66.0,-40.0,0.09919124579122414,0.2,1
122.0,68.0,-46.0,0.09919124579122414,0.2,1
122.0,68.0,-44.0,0.09919124579122414,0.2,1
122.0,68.0,-42.0,0.09919124579122414,0.2,1
122.0,68.0,-40.0,0.09919124579122414,0.2,1
122.0,70.0,-46.0,0.09919124579122414,0.2,1
122.0,70.0,-44.0,0.09919124579122414,0.2,1
122.0,70.0,-42.0,0.09919124579122414,0.2,1
122.0,70.0,-40.0,0.09919124579122414,0.2,1
122.0,72.0,-44.0,0.09919124579122414,0.2,1
122.0,72.0,-42.0,0.09919124579122414,0.2,1
122.0,72.0,-40.0,0.09919124579122414,0.2,1
124.0,48.0,-38.0,0.09919124579122414,0.2,1
124.0,48.0,-36.0,0.09919124579122414,0.2,1
124.0,48.0,-34.0,0.09919124579122414,0.2,1
124.0,48.0,-32.0,0.09919124579122414,0.2,1
124.0,50.0,-38.0,0.09919124579122414,0.2,1
124.0,50.0,-36.0,0.09919124579122414,0.2,1
124.0,50.0,-34.0,0.09919124579122414,0.2,1
124.0,50.0,-32.0,0.09919124579122414,0.2,1
124.0,52.0,-36.0,0.09919124579122414,0.2,1
124.0,52.0,-34.0,0.09919124579122414,0.2,1
124.0,52.0,-32.0,0.09919124579122414,0.2,1
124.0,54.0,-36.0,0.09919124579122414,0.2,1
124.0,54.0,-34.0,0.09919124579122414,0.2,1
124.0,54.0,-32.0,0.09919124579122414,0.2,1
124.0,56.0,-36.0,0.09919124579122414,0.2,1
124.0,56.0,-34.0,0.09919124579122414,0.2,1
124.0,56.0,-32.0,0.09919124579122414,0.2,1
124.0,58.0,-36.0,0.09919124579122414,0.2,1
124.0,58.0,-34.0,0.09919124579122414,0.2,1
124.0,58.0,-32.0,0.09919124579122414,0.2,1
124.0,60.0,-36.0,0.09919124579122414,0.2,1
124.0,60.0,-34.0,0.09919124579122414,0.2,1
124.0,60.0,-32.0,0.09919124579122414,0.2,1
124.0,62.0,-46.0,0.09919124579122414,0.2,1
124.0,62.0,-44.0,0.09919124579122414,0.2,1
124.0,62.0,-42.0,0.09919124579122414,0.2,1
124.0,62.0,-40.0,0.09919124579122414,0.2,1
124.0,62.0,-38.0,0.09919124579122414,0.2,1
124.0,64.0,-46.0,0.09919124579122414,0.2,1
124.0,64.0,-44.0,0.09919124579122414,0.2,1
124.0,64.0,-42.0,0.09919124579122414,0.2,1
124.0,64.0,-40.0,0.09919124579122414,0.2,1
124.0,64.0,-38.0,0.09919124579122414,0.2,1
124.0,66.0,-44.0,0.09919124579122414,0.2,1
124.0,66.0,-42.0,0.09919124579122414,0.2,1
124.0,66.0,-40.0,0.09919124579122414,0.2,1
124.0,66.0,-38.0,0.09919124579122414,0.2,1
124.0,68.0,-44.0,0.09919124579122414,0.2,1
124.0,68.0,-42.0,0.09919124579122414,0.2,1
124.0,68.0,-40.0,0.09919124579122414,0.2,1
124.0,68.0,-38.0,0.09919124579122414,0.2,1
124.0,70.0,-44.0,0.09919124579122414,0.2,1
124.0,70.0,-42.0,0.09919124579122414,0.2,1
124.0,70.0,-40.0,0.09919124579122414,0.2,1
124.0,70.0,-38.0,0.09919124579122414,0.2,1
124.0,72.0,-44.0,0.09919124579122414,0.2,1
124.0,72.0,-42.0,0.09919124579122414,0.2,1
124.0,72.0,-40.0,0.09919124579122414,0.2,1
124.0,72.0,-38.0,0.09919124579122414,0.2,1
126.0,48.0,-36.0,0.09919124579122414,0.2,1
126.0,48.0,-34.0,0.09919124579122414,0.2,1
126.0,48.0,-32.0,0.09919124579122414,0.2,1
126.0,50.0,-36.0,0.09919124579122414,0.2,1
126.0,50.0,-34.0,0.09919124579122414,0.2,1
126.0,50.0,-32.0,0.09919124579122414,0.2,1
126.0,52.0,-36.0,0.09919124579122414,0.2,1
126.0,52.0,-34.0,0.09919124579122414,0.2,1
126.0,52.0,-32.0,0.09919124579122414,0.2,1
126.0,54.0,-36.0,0.09919124579122414,0.2,1
126.0,54.0,-34.0,0.09919124579122414,0.2,1
126.0,54.0,-32.0,0.09919124579122414,0.2,1
126.0,56.0,-36.0,0.09919124579122414,0.2,1
126.0,56.0,-34.0,0.09919124579122414,0.2,1
126.0,56.0,-32.0,0.09919124579122414,0.2,1
126.0,58.0,-36.0,0.09919124579122414,0.2,1
126.0,58.0,-34.0,0.09919124579122414,0.2,1
126.0,58.0,-32.0,0.09919124579122414,0.2,1
126.0,60.0,-46.0,0.09919124579122414,0.2,1
126.0,60.0,-44.0,0.09919124579122414,0.2,1
126.0,60.0,-42.0,0.09919124579122414,0.2,1
126.0,60.0,-40.0,0.09919124579122414,0.2,1
126.0,60.0,-38.0,0.09919124579122414,0.2,1
126.0,62.0,-44.0,0.09919124579122414,0.2,1
126.0,62.0,-42.0,0.09919124579122414,0.2,1
126.0,62.0,-40.0,0.09919124579122414,0.2,1
126.0,62.0,-38.0,0.09919124579122414,0.2,1
126.0,64.0,-44.0,0.09919124579122414,0.2,1
126.0,64.0,-42.0,0.09919124579122414,0.2,1
126.0,64.0,-40.0,0.09919124579122414,0.2,1
126.0,64.0,-38.0,0.09919124579122414,0.2,1
126.0,66.0,-44.0,0.09919124579122414,0.2,1
126.0,66.0,-42.0,0.09919124579122414,0.2,1
126.0,66.0,-40.0,0.09919124579122414,0.2,1
126.0,66.0,-38.0,0.09919124579122414,0.2,1
126.0,68.0,-44.0,0.09919124579122414,0.2,1
126.0,68.0,-42.0,0.09919124579122414,0.2,1
126.0,68.0,-40.0,0.09919124579122414,0.2,1
126.0,68.0,-38.0,0.09919124579122414,0.2,1
126.0,70.0,-44.0,0.09919124579122414,0.2,1
126.0,70.0,-42.0,0.09919124579122414,0.2,1
126.0,70.0,-40.0,0.09919124579122414,0.2,1
126.0,70.0,-38.0,0.09919124579122414,0.2,1
126.0,72.0,-44.0,0.09919124579122414,0.2,1
126.0,72.0,-42.0,0.09919124579122414,0.2,1
126.0,72.0,-40.0,0.09919124579122414,0.2,1
126.0,72.0,-38.0,0.09919124579122414,0.2,1
128.0,48.0,-34.0,0.09919124579122414,0.2,1
128.0,48.0,-32.0,0.09919124579122414,0.2,1
128.0,50.0,-34.0,0.09919124579122414,0.2,1
128.0,50.0,-32.0,0.09919124579122414,0.2,1
128.0,52.0,-34.0,0.09919124579122414,0.2,1
128.0,52.0,-32.0,0.09919124579122414,0.2,1
128.0,54.0,-34.0,0.09919124579122414,0.2,1
128.0,54.0,-32.0,0.09919124579122414,0.2,1
128.0,56.0,-34.0,0.09919124579122414,0.2,1
128.0,56.0,-32.0,0.09919124579122414,0.2,1
128.0,58.0,-34.0,0.09919124579122414,0.2,1
128.0,58.0,-32.0,0.09919124579122414,0.2,1
128.0,60.0,-44.0,0.09919124579122414,0.2,1
128.0,60.0,-42.0,0.09919124579122414,0.2,1
128.0,60.0,-40.0,0.09919124579122414,0.2,1
128.0,60.0,-38.0,0.09919124579122414,0.2,1
128.0,60.0,-36.0,0.09919124579122414,0.2,1
128.0,62.0,-44.0,0.09919124579122414,0.2,1
128.0,62.0,-42.0,0.09919124579122414,0.2,1
128.0,62.0,-40.0,0.09919124579122414,0.2,1
128.0,62.0,-38.0,0.09919124579122414,0.2,1
128.0,62.0,-36.0,0.09919124579122414,0.2,1
128.0,64.0,-44.0,0.09919124579122414,0.2,1
128.0,64.0,-42.0,0.09919124579122414,0.2,1
128.0,64.0,-40.0,0.09919124579122414,0.2,1
128.0,64.0,-38.0,0.09919124579122414,0.2,1
128.0,64.0,-36.0,0.09919124579122414,0.2,1
128.0,66.0,-44.0,0.09919124579122414,0.2,1
128.0,66.0,-42.0,0.09919124579122414,0.2,1
128.0,66.0,-40.0,0.09919124579122414,0.2,1
128.0,66.0,-38.0,0.09919124579122414,0.2,1
128.0,66.0,-36.0,0.09919124579122414,0.2,1
128.0,68.0,-44.0,0.09919124579122414,0.2,1
128.0,68.0,-42.0,0.09919124579122414,0.2,1
128.0,68.0,-40.0,0.09919124579122414,0.2,1
128.0,68.0,-38.0,0.09919124579122414,0.2,1
128.0,68.0,-36.0,0.09919124579122414,0.2,1
128.0,70.0,-44.0,0.09919124579122414,0.2,1
128.0,70.0,-42.0,0.09919124579122414,0.2,1
128.0,70.0,-40.0,0.09919124579122414,0.2,1
128.0,70.0,-38.0,0.09919124579122414,0.2,1
128.0,72.0,-44.0,0.09919124579122414,0.2,1
128.0,72.0,-42.0,0.09919124579122414,0.2,1
128.0,72.0,-40.0,0.09919124579122414,0.2,1
128.0,72.0,-38.0,0.09919124579122414,0.2,1
130.0,48.0,-34.0,0.09919124579122414,0.2,1
130.0,48.0,-32.0,0.09919124579122414,0.2,1
130.0,50.0,-34.0,0.09919124579122414,0.2,1
130.0,50.0,-32.0,0.09919124579122414,0.2,1
130.0,52.0,-34.0,0.09919124579122414,0.2,1
130.0,52.0,-32.0,0.09919124579122414,0.2,1
130.0,54.0,-34.0,0.09919124579122414,0.2,1
130.0,54.0,-32.0,0.09919124579122414,0.2,1
130.0,56.0,-34.0,0.09919124579122414,0.2,1
130.0,56.0,-32.0,0.09919124579122414,0.2,1
130.0,58.0,-44.0,0.09919124579122414,0.2,1
130.0,58.0,-42.0,0.09919124579122414,0.2,1
130.0,58.0,-40.0,0.09919124579122414,0.2,1
130.0,58.0,-38.0,0.09919124579122414,0.2,1
130.0,58.0,-36.0,0.09919124579122414,0.2,1
130.0,60.0,-44.0,0.09919124579122414,0.2,1
130.0,60.0,-42.0,0.09919124579122414,0.2,1
130.0,60.0,-40.0,0.09919124579122414,0.2,1
130.0,60.0,-38.0,0.09919124579122414,0.2,1
130.0,60.0,-36.0,0.09919124579122414,0.2,1
130.0,62.0,-44.0,0.09919124579122414,0.2,1
130.0,62.0,-42.0,0.09919124579122414,0.2,1
130.0,62.0,-40.0,0.09919124579122414,0.2,1
130.0,62.0,-38.0,0.09919124579122414,0.2,1
130.0,62.0,-36.0,0.09919124579122414,0.2,1
130.0,64.0,-44.0,0.09919124579122414,0.2,1
130.0,64.0,-42.0,0.09919124579122414,0.2,1
130.0,64.0,-40.0,0.09919124579122414,0.2,1
130.0,64.0,-38.0,0.09919124579122414,0.2,1
130.0,64.0,-36.0,0.09919124579122414,0.2,1
130.0,66.0,-44.0,0.09919124579122414,0.2,1
130.0,66.0,-42.0,0.09919124579122414,0.2,1
130.0,66.0,-40.0,0.09919124579122414,0.2,1
130.0,66.0,-38.0,0.09919124579122414,0.2,1
130.0,66.0,-36.0,0.09919124579122414,0.2,1
130.0,68.0,-42.0,0.09919124579122414,0.2,1
130.0,68.0,-40.0,0.09919124579122414,0.2,1
130.0,68.0,-38.0,0.09919124579122414,0.2,1
130.0,68.0,-36.0,0.09919124579122414,0.2,1
130.0,70.0,-42.0,0.09919124579122414,0.2,1
130.0,70.0,-40.0,0.09919124579122414,0.2,1
130.0,70.0,-38.0,0.09919124579122414,0.2,1
130.0,70.0,-36.0,0.09919124579122414,0.2,1
130.0,72.0,-42.0,0.09919124579122414,0.2,1
130.0,72.0,-40.0,0.09919124579122414,0.2,1
130.0,72.0,-38.0,0.09919124579122414,0.2,1
130.0,72.0,-36.0,0.09919124579122414,0.2,1
132.0,48.0,-32.0,0.09919124579122414,0.2,1
132.0,50.0,-32.0,0.09919124579122414,0.2,1
132.0,52.0,-32.0,0.09919124579122414,0.2,1
132.0,54.0,-32.0,0.09919124579122414,0.2,1
132.0,56.0,-32.0,0.09919124579122414,0.2,1
132.0,58.0,-44.0,0.09919124579122414,0.2,1
132.0,58.0,-42.0,0.09919124579122414,0.2,1
132.0,58.0,-40.0,0.09919124579122414,0.2,1
132.0,58.0,-38.0,0.09919124579122414,0.2,1
132.0,58.0,-36.0,0.09919124579122414,0.2,1
132.0,58.0,-34.0,0.09919124579122414,0.2,1
132.0,60.0,-42.0,0.09919124579122414,0.2,1
132.0,60.0,-40.0,0.09919124579122414,0.2,1
132.0,60.0,-38.0,0.09919124579122414,0.2,1
132.0,60.0,-36.0,0.09919124579122414,0.2,1
132.0,60.0,-34.0,0.09919124579122414,0.2,1
132.0,62.0,-42.0,0.09919124579122414,0.2,1
132.0,62.0,-40.0,0.09919124579122414,0.2,1
132.0,62.0,-38.0,0.09919124579122414,0.2,1
132.0,62.0,-36.0,0.09919124579122414,0.2,1
132.0,62.0,-34.0,0.09919124579122414,0.2,1
132.0,64.0,-42.0,0.09919124579122414,0.2,1
132.0,64.0,-40.0,0.09919124579122414,0.2,1
132.0,64.0,-38.0,0.09919124579122414,0.2,1
132.0,64.0,-36.0,0.09919124579122414,0.2,1
132.0,64.0,-34.0,0.09919124579122414,0.2,1
132.0,66.0,-42.0,0.09919124579122414,0.2,1
132.0,66.0,-40.0,0.09919124579122414,0.2,1
132.0,66.0,-38.0,0.09919124579122414,0.2,1
132.0,66.0,-36.0,0.09919124579122414,0.2,1
132.0,66.0,-34.0,0.09919124579122414,0.2,1
132.0,68.0,-42.0,0.09919124579122414,0.2,1
132.0,68.0,-40.0,0.09919124579122414,0.2,1
132.0,68.0,-38.0,0.09919124579122414,0.2,1
132.0,68.0,-36.0,0.09919124579122414,0.2,1
132.0,68.0,-34.0,0.09919124579122414,0.2,1
132.0,70.0,-42.0,0.09919124579122414,0.2,1
132.0,70.0,-40.0,0.09919124579122414,0.2,1
132.0,70.0,-38.0,0.09919124579122414,0.2,1
132.0,70.0,-36.0,0.09919124579122414,0.2,1
132.0,72.0,-42.0,0.09919124579122414,0.2,1
132.0,72.0,-40.0,0.09919124579122414,0.2,1
132.0,72.0,-38.0,0.09919124579122414,0.2,1
132.0,72.0,-36.0,0.09919124579122414,0.2,1
134.0,48.0,-32.0,0.09919124579122414,0.2,1
134.0,50.0,-32.0,0.09919124579122414,0.2,1
134.0,52.0,-32.0,0.09919124579122414,0.2,1
134.0,54.0,-32.0,0.09919124579122414,0.2,1
134.0,56.0,-42.0,0.09919124579122414,0.2,1
134.0,56.0,-40.0,0.09919124579122414,0.2,1
134.0,56.0,-38.0,0.09919124579122414,0.2,1
134.0,56.0,-36.0,0.09919124579122414,0.2,1
134.0,56.0,-34.0,0.09919124579122414,0.2,1
134.0,58.0,-42.0,0.09919124579122414,0.2,1
134.0,58.0,-40.0,0.09919124579122414,0.2,1
134.0,58.0,-38.0,0.09919124579122414,0.2,1
134.0,58.0,-36.0,0.09919124579122414,0.2,1
134.0,58.0,-34.0,0.09919124579122414,0.2,1
134.0,60.0,-42.0,0.09919124579122414,0.2,1
134.0,60.0,-40.0,0.09919124579122414,0.2,1
134.0,60.0,-38.0,0.09919124579122414,0.2,1
134.0,60.0,-36.0,0.09919124579122414,0.2,1
134.0,60.0,-34.0,0.09919124579122414,0.2,1
134.0,62.0,-42.0,0.09919124579122414,0.2,1
134.0,62.0,-40.0,0.09919124579122414,0.2,1
134.0,62.0,-38.0,0.09919124579122414,0.2,1
134.0,62.0,-36.0,0.09919124579122414,0.2,1
134.0,62.0,-34.0,0.09919124579122414,0.2,1
134.0,64.0,-42.0,0.09919124579122414,0.2,1
134.0,64.0,-40.0,0.09919124579122414,0.2,1
134.0,64.0,-38.0,0.09919124579122414,0.2,1
134.0,64.0,-36.0,0.09919124579122414,0.2,1
134.0,64.0,-34.0,0.09919124579122414,0.2,1
134.0,66.0,-42.0,0.09919124579122414,0.2,1
134.0,66.0,-40.0,0.09919124579122414,0.2,1
134.0,66.0,-38.0,0.09919124579122414,0.2,1
134.0,66.0,-36.0,0.09919124579122414,0.2,1
134.0,66.0,-34.0,0.09919124579122414,0.2,1
134.0,68.0,-42.0,0.09919124579122414,0.2,1
134.0,68.0,-40.0,0.09919124579122414,0.2,1
134.0,68.0,-38.0,0.09919124579122414,0.2,1
134.0,68.0,-36.0,0.09919124579122414,0.2,1
134.0,68.0,-34.0,0.09919124579122414,0.2,1
134.0,70.0,-42.0,0.09919124579122414,0.2,1
134.0,70.0,-40.0,0.09919124579122414,0.2,1
134.0,70.0,-38.0,0.09919124579122414,0.2,1
134.0,70.0,-36.0,0.09919124579122414,0.2,1
134.0,70.0,-34.0,0.09919124579122414,0.2,1
134.0,72.0,-48.0,0.09919124579122414,0.2,1
134.0,72.0,-46.0,0.09919124579122414,0.2,1
134.0,72.0,-44.0,0.09919124579122414,0.2,1
136.0,56.0,-42.0,0.09919124579122414,0.2,1
136.0,56.0,-40.0,0.09919124579122414,0.2,1
136.0,56.0,-38.0,0.09919124579122414,0.2,1
136.0,56.0,-36.0,0.09919124579122414,0.2,1
136.0,56.0,-34.0,0.09919124579122414,0.2,1
136.0,56.0,-32.0,0.09919124579122414,0.2,1
136.0,58.0,-42.0,0.09919124579122414,0.2,1
136.0,58.0,-40.0,0.09919124579122414,0.2,1
136.0,58.0,-38.0,0.09919124579122414,0.2,1
136.0,58.0,-36.0,0.09919124579122414,0.2,1
136.0,58.0,-34.0,0.09919124579122414,0.2,1
136.0,58.0,-32.0,0.09919124579122414,0.2,1
136.0,60.0,-42.0,0.09919124579122414,0.2,1
136.0,60.0,-40.0,0.09919124579122414,0.2,1
136.0,60.0,-38.0,0.09919124579122414,0.2,1
136.0,60.0,-36.0,0.09919124579122414,0.2,1
136.0,60.0,-34.0,0.09919124579122414,0.2,1
136.0,60.0,-32.0,0.09919124579122414,0.2,1
136.0,62.0,-42.0,0.09919124579122414,0.2,1
136.0,62.0,-40.0,0.09919124579122414,0.2,1
136.0,62.0,-38.0,0.09919124579122414,0.2,1
136.0,62.0,-36.0,0.09919124579122414,0.2,1
136.0,62.0,-34.0,0.09919124579122414,0.2,1
136.0,62.0,-32.0,0.09919124579122414,0.2,1
136.0,64.0,-40.0,0.09919124579122414,0.2,1
136.0,64.0,-38.0,0.09919124579122414,0.2,1
136.0,64.0,-36.0,0.09919124579122414,0.2,1
136.0,64.0,-34.0,0.09919124579122414,0.2,1
136.0,64.0,-32.0,0.09919124579122414,0.2,1
136.0,66.0,-40.0,0.09919124579122414,0.2,1
136.0,66.0,-38.0,0.09919124579122414,0.2,1
136.0,66.0,-36.0,0.09919124579122414,0.2,1
136.0,66.0,-34.0,0.09919124579122414,0.2,1
136.0,66.0,-32.0,0.09919124579122414,0.2,1
136.0,68.0,-40.0,0.09919124579122414,0.2,1
136.0,68.0,-38.0,0.09919124579122414,0.2,1
136.0,68.0,-36.0,0.09919124579122414,0.2,1
136.0,68.0,-34.0,0.09919124579122414,0.2,1
136.0,68.0,-32.0,0.09919124579122414,0.2,1
136.0,70.0,-48.0,0.09919124579122414,0.2,1
136.0,70.0,-46.0,0.09919124579122414,0.2,1
136.0,70.0,-44.0,0.09919124579122414,0.2,1
136.0,70.0,-42.0,0.09919124579122414,0.2,1
136.0,72.0,-48.0,0.09919124579122414,0.2,1
136.0,72.0,-46.0,0.09919124579122414,0.2,1
136.0,72.0,-44.0,0.09919124579122414,0.2,1
136.0,72.0,-42.0,0.09919124579122414,0.2,1
138.0,54.0,-40.0,0.09919124579122414,0.2,1
138.0,54.0,-38.0,0.09919124579122414,0.2,1
138.0,54.0,-36.0,0.09919124579122414,0.2,1
138.0,54.0,-34.0,0.09919124579122414,0.2,1
138.0,54.0,-32.0,0.09919124579122414,0.2,1
138.0,56.0,-40.0,0.09919124579122414,0.2,1
138.0,56.0,-38.0,0.09919124579122414,0.2,1
138.0,56.0,-36.0,0.09919124579122414,0.2,1
138.0,56.0,-34.0,0.09919124579122414,0.2,1
138.0,56.0,-32.0,0.09919124579122414,0.2,1
138.0,58.0,-40.0,0.09919124579122414,0.2,1
138.0,58.0,-38.0,0.09919124579122414,0.2,1
138.0,58.0,-36.0,0.09919124579122414,0.2,1
138.0,58.0,-34.0,0.09919124579122414,0.2,1
138.0,58.0,-32.0,0.09919124579122414,0.2,1
138.0,60.0,-40.0,0.09919124579122414,0.2,1
138.0,60.0,-38.0,0.09919124579122414,0.2,1
138.0,60.0,-36.0,0.09919124579122414,0.2,1
138.0,60.0,-34.0,0.09919124579122414,0.2,1
138.0,60.0,-32.0,0.09919124579122414,0.2,1
138.0,62.0,-40.0,0.09919124579122414,0.2,1
138.0,62.0,-38.0,0.09919124579122414,0.2,1
138.0,62.0,-36.0,0.09919124579122414,0.2,1
138.0,62.0,-34.0,0.09919124579122414,0.2,1
138.0,62.0,-32.0,0.09919124579122414,0.2,1
138.0,64.0,-40.0,0.09919124579122414,0.2,1
138.0,64.0,-38.0,0.09919124579122414,0.2,1
138.0,64.0,-36.0,0.09919124579122414,0.2,1
138.0,64.0,-34.0,0.09919124579122414,0.2,1
138.0,64.0,-32.0,0.09919124579122414,0.2,1
138.0,66.0,-40.0,0.09919124579122414,0.2,1
138.0,66.0,-38.0,0.09919124579122414,0.2,1
138.0,66.0,-36.0,0.09919124579122414,0.2,1
138.0,66.0,-34.0,0.09919124579122414,0.2,1
138.0,66.0,-32.0,0.09919124579122414,0.2,1
138.0,68.0,-50.0,0.09919124579122414,0.2,1
138.0,68.0,-48.0,0.09919124579122414,0.2,1
138.0,68.0,-46.0,0.09919124579122414,0.2,1
138.0,68.0,-44.0,0.09919124579122414,0.2,1
138.0,68.0,-42.0,0.09919124579122414,0.2,1
138.0,70.0,-48.0,0.09919124579122414,0.2,1
138.0,70.0,-46.0,0.09919124579122414,0.2,1
138.0,70.0,-44.0,0.09919124579122414,0.2,1
138.0,70.0,-42.0,0.09919124579122414,0.2,1
138.0,72.0,-48.0,0.09919124579122414,0.2,1
138.0,72.0,-46.0,0.09919124579122414,0.2,1
138.0,72.0,-44.0,0.09919124579122414,0.2,1
138.0,72.0,-42.0,0.09919124579122414,0.2,1
140.0,54.0,-40.0,0.09919124579122414,0.2,1
140.0,54.0,-38.0,0.09919124579122414,0.2,1
140.0,54.0,-36.0,0.09919124579122414,0.2,1
140.0,54.0,-34.0,0.09919124579122414,0.2,1
140.0,54.0,-32.0,0.09919124579122414,0.2,1
140.0,56.0,-40.0,0.09919124579122414,0.2,1
140.0,56.0,-38.0,0.09919124579122414,0.2,1
140.0,56.0,-36.0,0.09919124579122414,0.2,1
140.0,56.0,-34.0,0.09919124579122414,0.2,1
140.0,56.0,-32.0,0.09919124579122414,0.2,1
140.0,58.0,-40.0,0.09919124579122414,0.2,1
140.0,58.0,-38.0,0.09919124579122414,0.2,1
140.0,58.0,-36.0,0.09919124579122414,0.2,1
140.0,58.0,-34.0,0.09919124579122414,0.2,1
140.0,58.0,-32.0,0.09919124579122414,0.2,1
140.0,60.0,-40.0,0.09919124579122414,0.2,1
140.0,60.0,-38.0,0.09919124579122414,0.2,1
140.0,60.0,-36.0,0.09919124579122414,0.2,1
140.0,60.0,-34.0,0.09919124579122414,0.2,1
140.0,60.0,-32.0,0.09919124579122414,0.2,1
140.0,62.0,-40.0,0.09919124579122414,0.2,1
140.0,62.0,-38.0,0.09919124579122414,0.2,1
140.0,62.0,-36.0,0.09919124579122414,0.2,1
140.0,62.0,-34.0,0.09919124579122414,0.2,1
140.0,62.0,-32.0,0.09919124579122414,0.2,1
140.0,64.0,-40.0,0.09919124579122414,0.2,1
140.0,64.0,-38.0,0.09919124579122414,0.2,1
140.0,64.0,-36.0,0.09919124579122414,0.2,1
140.0,64.0,-34.0,0.09919124579122414,0.2,1
140.0,64.0,-32.0,0.09919124579122414,0.2,1
140.0,66.0,-50.0,0.09919124579122414,0.2,1
140.0,66.0,-48.0,0.09919124579122414,0.2,1
140.0,66.0,-46.0,0.09919124579122414,0.2,1
140.0,66.0,-44.0,0.09919124579122414,0.2,1
140.0,66.0,-42.0,0.09919124579122414,0.2,1
140.0,68.0,-50.0,0.09919124579122414,0.2,1
140.0,68.0,-48.0,0.09919124579122414,0.2,1
140.0,68.0,-46.0,0.09919124579122414,0.2,1
140.0,68.0,-44.0,0.09919124579122414,0.2,1
140.0,68.0,-42.0,0.09919124579122414,0.2,1
140.0,70.0,-48.0,0.09919124579122414,0.2,1
140.0,70.0,-46.0,0.09919124579122414,0.2,1
140.0,70.0,-44.0,0.09919124579122414,0.2,1
140.0,70.0,-42.0,0.09919124579122414,0.2,1
140.0,72.0,-48.0,0.09919124579122414,0.2,1
140.0,72.0,-46.0,0.09919124579122414,0.2,1
140.0,72.0,-44.0,0.09919124579122414,0.2,1
140.0,72.0,-42.0,0.09919124579122414,0.2,1
142.0,52.0,-40.0,0.09919124579122414,0.2,1
142.0,52.0,-38.0,0.09919124579122414,0.2,1
142.0,52.0,-36.0,0.09919124579122414,0.2,1
142.0,52.0,-34.0,0.09919124579122414,0.2,1
142.0,52.0,-32.0,0.09919124579122414,0.2,1
142.0,54.0,-38.0,0.09919124579122414,0.2,1
142.0,54.0,-36.0,0.09919124579122414,0.2,1
142.0,54.0,-34.0,0.09919124579122414,0.2,1
142.0,54.0,-32.0,0.09919124579122414,0.2,1
142.0,56.0,-38.0,0.09919124579122414,0.2,1
142.0,56.0,-36.0,0.09919124579122414,0.2,1
142.0,56.0,-34.0,0.09919124579122414,0.2,1
142.0,56.0,-32.0,0.09919124579122414,0.2,1
142.0,58.0,-38.0,0.09919124579122414,0.2,1
142.0,58.0,-36.0,0.09919124579122414,0.2,1
142.0,58.0,-34.0,0.09919124579122414,0.2,1
142.0,58.0,-32.0,0.09919124579122414,0.2,1
142.0,60.0,-38.0,0.09919124579122414,0.2,1
142.0,60.0,-36.0,0.09919124579122414,0.2,1
142.0,60.0,-34.0,0.09919124579122414,0.2,1
142.0,60.0,-32.0,0.09919124579122414,0.2,1
142.0,62.0,-38.0,0.09919124579122414,0.2,1
142.0,62.0,-36.0,0.09919124579122414,0.2,1
142.0,62.0,-34.0,0.09919124579122414,0.2,1
142.0,62.0,-32.0,0.09919124579122414,0.2,1
142.0,64.0,-38.0,0.09919124579122414,0.2,1
142.0,64.0,-36.0,0.09919124579122414,0.2,1
142.0,64.0,-34.0,0.09919124579122414,0.2,1
142.0,64.0,-32.0,0.09919124579122414,0.2,1
142.0,66.0,-50.0,0.09919124579122414,0.2,1
142.0,66.0,-48.0,0.09919124579122414,0.2,1
142.0,66.0,-46.0,0.09919124579122414,0.2,1
142.0,66.0,-44.0,0.09919124579122414,0.2,1
142.0,66.0,-42.0,0.09919124579122414,0.2,1
142.0,66.0,-40.0,0.09919124579122414,0.2,1
142.0,68.0,-50.0,0.09919124579122414,0.2,1
142.0,68.0,-48.0,0.09919124579122414,0.2,1
142.0,68.0,-46.0,0.09919124579122414,0.2,1
142.0,68.0,-44.0,0.09919124579122414,0.2,1
142.0,68.0,-42.0,0.09919124579122414,0.2,1
142.0,68.0,-40.0,0.09919124579122414,0.2,1
142.0,70.0,-48.0,0.09919124579122414,0.2,1
142.0,70.0,-46.0,0.09919124579122414,0.2,1
142.0,70.0,-44.0,0.09919124579122414,0.2,1
142.0,70.0,-42.0,0.09919124579122414,0.2,1
142.0,70.0,-40.0,0.09919124579122414,0.2,1
142.0,72.0,-48.0,0.09919124579122414,0.2,1
142.0,72.0,-46.0,0.09919124579122414,0.2,1
142.0,72.0,-44.0,0.09919124579122414,0.2,1
142.0,72.0,-42.0,0.09919124579122414,0.2,1
142.0,72.0,-40.0,0.09919124579122414,0.2,1
118.0,74.0,-44.0,0.09919124579122414,0.2,1
118.0,74.0,-42.0,0.09919124579122414,0.2,1
118.0,76.0,-42.0,0.09919124579122414,0.2,1
118.0,78.0,-42.0,0.09919124579122414,0.2,1
120.0,74.0,-44.0,0.09919124579122414,0.2,1
120.0,74.0,-42.0,0.09919124579122414,0.2,1
120.0,74.0,-40.0,0.09919124579122414,0.2,1
120.0,76.0,-44.0,0.09919124579122414,0.2,1
120.0,76.0,-42.0,0.09919124579122414,0.2,1
120.0,76.0,-40.0,0.09919124579122414,0.2,1
120.0,78.0,-42.0,0.09919124579122414,0.2,1
120.0,80.0,-42.0,0.09919124579122414,0.2,1
122.0,74.0,-44.0,0.09919124579122414,0.2,1
122.0,74.0,-42.0,0.09919124579122414,0.2,1
122.0,74.0,-40.0,0.09919124579122414,0.2,1
122.0,76.0,-44.0,0.09919124579122414,0.2,1
122.0,76.0,-42.0,0.09919124579122414,0.2,1
122.0,76.0,-40.0,0.09919124579122414,0.2,1
122.0,78.0,-42.0,0.09919124579122414,0.2,1
122.0,78.0,-40.0,0.09919124579122414,0.2,1
122.0,80.0,-42.0,0.09919124579122414,0.2,1
122.0,80.0,-40.0,0.09919124579122414,0.2,1
124.0,74.0,-44.0,0.09919124579122414,0.2,1
124.0,74.0,-42.0,0.09919124579122414,0.2,1
124.0,74.0,-40.0,0.09919124579122414,0.2,1
124.0,76.0,-44.0,0.09919124579122414,0.2,1
124.0,76.0,-42.0,0.09919124579122414,0.2,1
124.0,76.0,-40.0,0.09919124579122414,0.2,1
124.0,78.0,-44.0,0.09919124579122414,0.2,1
124.0,78.0,-42.0,0.09919124579122414,0.2,1
124.0,78.0,-40.0,0.09919124579122414,0.2,1
124.0,80.0,-42.0,0.09919124579122414,0.2,1
124.0,80.0,-40.0,0.09919124579122414,0.2,1
126.0,74.0,-44.0,0.09919124579122414,0.2,1
126.0,74.0,-42.0,0.09919124579122414,0.2,1
126.0,74.0,-40.0,0.09919124579122414,0.2,1
126.0,74.0,-38.0,0.09919124579122414,0.2,1
126.0,76.0,-44.0,0.09919124579122414,0.2,1
126.0,76.0,-42.0,0.09919124579122414,0.2,1
126.0,76.0,-40.0,0.09919124579122414,0.2,1
126.0,76.0,-38.0,0.09919124579122414,0.2,1
126.0,78.0,-44.0,0.09919124579122414,0.2,1
126.0,78.0,-42.0,0.09919124579122414,0.2,1
126.0,78.0,-40.0,0.09919124579122414,0.2,1
126.0,78.0,-38.0,0.09919124579122414,0.2,1
128.0,74.0,-44.0,0.09919124579122414,0.2,1
128.0,74.0,-42.0,0.09919124579122414,0.2,1
128.0,74.0,-40.0,0.09919124579122414,0.2,1
128.0,74.0,-38.0,0.09919124579122414,0.2,1
128.0,76.0,-44.0,0.09919124579122414,0.2,1
128.0,76.0,-42.0,0.09919124579122414,0.2,1
128.0,76.0,-40.0,0.09919124579122414,0.2,1
128.0,76.0,-38.0,0.09919124579122414,0.2,1
130.0,74.0,-42.0,0.09919124579122414,0.2,1
130.0,74.0,-40.0,0.09919124579122414,0.2,1
130.0,74.0,-38.0,0.09919124579122414,0.2,1
130.0,74.0,-36.0,0.09919124579122414,0.2,1
130.0,76.0,-46.0,0.09919124579122414,0.2,1
130.0,76.0,-44.0,0.09919124579122414,0.2,1
130.0,78.0,-44.0,0.09919124579122414,0.2,1
130.0,80.0,-44.0,0.09919124579122414,0.2,1
130.0,82.0,-44.0,0.09919124579122414,0.2,1
132.0,74.0,-46.0,0.09919124579122414,0.2,1
132.0,74.0,-44.0,0.09919124579122414,0.2,1
132.0,76.0,-46.0,0.09919124579122414,0.2,1
132.0,76.0,-44.0,0.09919124579122414,0.2,1
132.0,78.0,-46.0,0.09919124579122414,0.2,1
132.0,78.0,-44.0,0.09919124579122414,0.2,1
132.0,80.0,-44.0,0.09919124579122414,0.2,1
132.0,82.0,-44.0,0.09919124579122414,0.2,1
134.0,74.0,-46.0,0.09919124579122414,0.2,1
134.0,74.0,-44.0,0.09919124579122414,0.2,1
134.0,76.0,-46.0,0.09919124579122414,0.2,1
134.0,76.0,-44.0,0.09919124579122414,0.2,1
134.0,78.0,-46.0,0.09919124579122414,0.2,1
134.0,78.0,-44.0,0.09919124579122414,0.2,1
134.0,80.0,-44.0,0.09919124579122414,0.2,1
134.0,82.0,-44.0,0.09919124579122414,0.2,1
134.0,84.0,-44.0,0.09919124579122414,0.2,1
136.0,74.0,-48.0,0.09919124579122414,0.2,1
136.0,74.0,-46.0,0.09919124579122414,0.2,1
136.0,74.0,-44.0,0.09919124579122414,0.2,1
136.0,74.0,-42.0,0.09919124579122414,0.2,1
136.0,76.0,-46.0,0.09919124579122414,0.2,1
136.0,76.0,-44.0,0.09919124579122414,0.2,1
136.0,78.0,-46.0,0.09919124579122414,0.2,1
136.0,78.0,-44.0,0.09919124579122414,0.2,1
136.0,80.0,-44.0,0.09919124579122414,0.2,1
136.0,82.0,-44.0,0.09919124579122414,0.2,1
136.0,84.0,-44.0,0.09919124579122414,0.2,1
136.0,86.0,-44.0,0.09919124579122414,0.2,1
138.0,74.0,-48.0,0.09919124579122414,0.2,1
138.0,74.0,-46.0,0.09919124579122414,0.2,1
138.0,74.0,-44.0,0.09919124579122414,0.2,1
138.0,74.0,-42.0,0.09919124579122414,0.2,1
138.0,76.0,-46.0,0.09919124579122414,0.2,1
138.0,76.0,-44.0,0.09919124579122414,0.2,1
138.0,76.0,-42.0,0.09919124579122414,0.2,1
138.0,78.0,-46.0,0.09919124579122414,0.2,1
138.0,78.0,-44.0,0.09919124579122414,0.2,1
138.0,78.0,-42.0,0.09919124579122414,0.2,1
138.0,80.0,-46.0,0.09919124579122414,0.2,1
138.0,80.0,-44.0,0.09919124579122414,0.2,1
138.0,80.0,-42.0,0.09919124579122414,0.2,1
138.0,82.0,-44.0,0.09919124579122414,0.2,1
138.0,84.0,-44.0,0.09919124579122414,0.2,1
138.0,86.0,-44.0,0.09919124579122414,0.2,1
138.0,88.0,-44.0,0.09919124579122414,0.2,1
140.0,74.0,-48.0,0.09919124579122414,0.2,1
140.0,74.0,-46.0,0.09919124579122414,0.2,1
140.0,74.0,-44.0,0.09919124579122414,0.2,1
140.0,74.0,-42.0,0.09919124579122414,0.2,1
140.0,76.0,-46.0,0.09919124579122414,0.2,1
140.0,76.0,-44.0,0.09919124579122414,0.2,1
140.0,76.0,-42.0,0.09919124579122414,0.2,1
140.0,78.0,-46.0,0.09919124579122414,0.2,1
140.0,78.0,-44.0,0.09919124579122414,0.2,1
140.0,78.0,-42.0,0.09919124579122414,0.2,1
140.0,80.0,-46.0,0.09919124579122414,0.2,1
140.0,80.0,-44.0,0.09919124579122414,0.2,1
140.0,80.0,-42.0,0.09919124579122414,0.2,1
140.0,82.0,-44.0,0.09919124579122414,0.2,1
140.0,82.0,-42.0,0.09919124579122414,0.2,1
140.0,84.0,-44.0,0.09919124579122414,0.2,1
140.0,84.0,-42.0,0.09919124579122414,0.2,1
140.0,86.0,-44.0,0.09919124579122414,0.2,1
140.0,88.0,-44.0,0.09919124579122414,0.2,1
140.0,90.0,-44.0,0.09919124579122414,0.2,1
142.0,74.0,-48.0,0.09919124579122414,0.2,1
142.0,74.0,-46.0,0.09919124579122414,0.2,1
142.0,74.0,-44.0,0.09919124579122414,0.2,1
142.0,74.0,-42.0,0.09919124579122414,0.2,1
142.0,74.0,-40.0,0.09919124579122414,0.2,1
142.0,76.0,-46.0,0.09919124579122414,0.2,1
142.0,76.0,-44.0,0.09919124579122414,0.2,1
142.0,76.0,-42.0,0.09919124579122414,0.2,1
142.0,78.0,-46.0,0.09919124579122414,0.2,1
142.0,78.0,-44.0,0.09919124579122414,0.2,1
142.0,78.0,-42.0,0.09919124579122414,0.2,1
142.0,80.0,-46.0,0.09919124579122414,0.2,1
142.0,80.0,-44.0,0.09919124579122414,0.2,1
142.0,80.0,-42.0,0.09919124579122414,0.2,1
142.0,82.0,-46.0,0.09919124579122414,0.2,1
142.0,82.0,-44.0,0.09919124579122414,0.2,1
142.0,82.0,-42.0,0.09919124579122414,0.2,1
142.0,84.0,-44.0,0.09919124579122414,0.2,1
142.0,84.0,-42.0,0.09919124579122414,0.2,1
142.0,86.0,-44.0,0.09919124579122414,0.2,1
142.0,86.0,-42.0,0.09919124579122414,0.2,1
142.0,88.0,-44.0,0.09919124579122414,0.2,1
142.0,88.0,-42.0,0.09919124579122414,0.2,1
142.0,90.0,-44.0,0.09919124579122414,0.2,1
144.0,52.0,-38.0,0.09919124579122414,0.2,1
144.0,52.0,-36.0,0.09919124579122414,0.2,1
144.0,52.0,-34.0,0.09919124579122414,0.2,1
144.0,52.0,-32.0,0.09919124579122414,0.2,1
144.0,54.0,-38.0,0.09919124579122414,0.2,1
144.0,54.0,-36.0,0.09919124579122414,0.2,1
144.0,54.0,-34.0,0.09919124579122414,0.2,1
144.0,54.0,-32.0,0.09919124579122414,0.2,1
144.0,56.0,-38.0,0.09919124579122414,0.2,1
144.0,56.0,-36.0,0.09919124579122414,0.2,1
144.0,56.0,-34.0,0.09919124579122414,0.2,1
144.0,56.0,-32.0,0.09919124579122414,0.2,1
144.0,58.0,-38.0,0.09919124579122414,0.2,1
144.0,58.0,-36.0,0.09919124579122414,0.2,1
144.0,58.0,-34.0,0.09919124579122414,0.2,1
144.0,58.0,-32.0,0.09919124579122414,0.2,1
144.0,60.0,-38.0,0.09919124579122414,0.2,1
144.0,60.0,-36.0,0.09919124579122414,0.2,1
144.0,60.0,-34.0,0.09919124579122414,0.2,1
144.0,60.0,-32.0,0.09919124579122414,0.2,1
144.0,62.0,-38.0,0.09919124579122414,0.2,1
144.0,62.0,-36.0,0.09919124579122414,0.2,1
144.0,62.0,-34.0,0.09919124579122414,0.2,1
144.0,62.0,-32.0,0.09919124579122414,0.2,1
144.0,64.0,-52.0,0.09919124579122414,0.2,1
144.0,64.0,-50.0,0.09919124579122414,0.2,1
144.0,64.0,-48.0,0.09919124579122414,0.2,1
144.0,64.0,-46.0,0.09919124579122414,0.2,1
144.0,64.0,-44.0,0.09919124579122414,0.2,1
144.0,64.0,-42.0,0.09919124579122414,0.2,1
144.0,64.0,-40.0,0.09919124579122414,0.2,1
144.0,66.0,-50.0,0.09919124579122414,0.2,1
144.0,66.0,-48.0,0.09919124579122414,0.2,1
144.0,66.0,-46.0,0.09919124579122414,0.2,1
144.0,66.0,-44.0,0.09919124579122414,0.2,1
144.0,66.0,-42.0,0.09919124579122414,0.2,1
144.0,66.0,-40.0,0.09919124579122414,0.2,1
144.0,68.0,-50.0,0.09919124579122414,0.2,1
144.0,68.0,-48.0,0.09919124579122414,0.2,1
144.0,68.0,-46.0,0.09919124579122414,0.2,1
144.0,68.0,-44.0,0.09919124579122414,0.2,1
144.0,68.0,-42.0,0.09919124579122414,0.2,1
144.0,68.0,-40.0,0.09919124579122414,0.2,1
144.0,70.0,-48.0,0.09919124579122414,0.2,1
144.0,70.0,-46.0,0.09919124579122414,0.2,1
144.0,70.0,-44.0,0.09919124579122414,0.2,1
144.0,70.0,-42.0,0.09919124579122414,0.2,1
144.0,70.0,-40.0,0.09919124579122414,0.2,1
144.0,72.0,-48.0,0.09919124579122414,0.2,1
144.0,72.0,-46.0,0.09919124579122414,0.2,1
144.0,72.0,-44.0,0.09919124579122414,0.2,1
144.0,72.0,-42.0,0.09919124579122414,0.2,1
144.0,72.0,-40.0,0.09919124579122414,0.2,1
146.0,52.0,-34.0,0.09919124579122414,0.2,1
146.0,52.0,-32.0,0.09919124579122414,0.2,1
146.0,54.0,-36.0,0.09919124579122414,0.2,1
146.0,54.0,-34.0,0.09919124579122414,0.2,1
146.0,54.0,-32.0,0.09919124579122414,0.2,1
146.0,56.0,-36.0,0.09919124579122414,0.2,1
146.0,56.0,-34.0,0.09919124579122414,0.2,1
146.0,56.0,-32.0,0.09919124579122414,0.2,1
146.0,58.0,-36.0,0.09919124579122414,0.2,1
146.0,58.0,-34.0,0.09919124579122414,0.2,1
146.0,58.0,-32.0,0.09919124579122414,0.2,1
146.0,60.0,-36.0,0.09919124579122414,0.2,1
146.0,60.0,-34.0,0.09919124579122414,0.2,1
146.0,60.0,-32.0,0.09919124579122414,0.2,1
146.0,62.0,-52.0,0.09919124579122414,0.2,1
146.0,62.0,-50.0,0.09919124579122414,0.2,1
146.0,62.0,-48.0,0.09919124579122414,0.2,1
146.0,62.0,-46.0,0.09919124579122414,0.2,1
146.0,62.0,-44.0,0.09919124579122414,0.2,1
146.0,62.0,-42.0,0.09919124579122414,0.2,1
146.0,62.0,-40.0,0.09919124579122414,0.2,1
146.0,62.0,-38.0,0.09919124579122414,0.2,1
146.0,64.0,-50.0,0.09919124579122414,0.2,1
146.0,64.0,-48.0,0.09919124579122414,0.2,1
146.0,64.0,-46.0,0.09919124579122414,0.2,1
146.0,64.0,-44.0,0.09919124579122414,0.2,1
146.0,64.0,-42.0,0.09919124579122414,0.2,1
146.0,64.0,-40.0,0.09919124579122414,0.2,1
146.0,64.0,-38.0,0.09919124579122414,0.2,1
146.0,66.0,-50.0,0.09919124579122414,0.2,1
146.0,66.0,-48.0,0.09919124579122414,0.2,1
146.0,66.0,-46.0,0.09919124579122414,0.2,1
146.0,66.0,-44.0,0.09919124579122414,0.2,1
146.0,66.0,-42.0,0.09919124579122414,0.2,1
146.0,66.0,-40.0,0.09919124579122414,0.2,1
146.0,66.0,-38.0,0.09919124579122414,0.2,1
146.0,68.0,-50.0,0.09919124579122414,0.2,1
146.0,68.0,-48.0,0.09919124579122414,0.2,1
146.0,68.0,-46.0,0.09919124579122414,0.2,1
146.0,68.0,-44.0,0.09919124579122414,0.2,1
146.0,68.0,-42.0,0.09919124579122414,0.2,1
146.0,68.0,-40.0,0.09919124579122414,0.2,1
146.0,68.0,-38.0,0.09919124579122414,0.2,1
146.0,70.0,-48.0,0.09919124579122414,0.2,1
146.0,70.0,-46.0,0.09919124579122414,0.2,1
146.0,70.0,-44.0,0.09919124579122414,0.2,1
146.0,70.0,-42.0,0.09919124579122414,0.2,1
146.0,70.0,-40.0,0.09919124579122414,0.2,1
146.0,70.0,-38.0,0.09919124579122414,0.2,1
146.0,72.0,-48.0,0.09919124579122414,0.2,1
146.0,72.0,-46.0,0.09919124579122414,0.2,1
146.0,72.0,-44.0,0.09919124579122414,0.2,1
146.0,72.0,-42.0,0.09919124579122414,0.2,1
146.0,72.0,-40.0,0.09919124579122414,0.2,1
148.0,54.0,-32.0,0.09919124579122414,0.2,1
148.0,56.0,-36.0,0.09919124579122414,0.2,1
148.0,56.0,-34.0,0.09919124579122414,0.2,1
148.0,56.0,-32.0,0.09919124579122414,0.2,1
148.0,58.0,-36.0,0.09919124579122414,0.2,1
148.0,58.0,-34.0,0.09919124579122414,0.2,1
148.0,58.0,-32.0,0.09919124579122414,0.2,1
148.0,60.0,-36.0,0.09919124579122414,0.2,1
148.0,60.0,-34.0,0.09919124579122414,0.2,1
148.0,60.0,-32.0,0.09919124579122414,0.2,1
148.0,62.0,-52.0,0.09919124579122414,0.2,1
148.0,62.0,-50.0,0.09919124579122414,0.2,1
148.0,62.0,-48.0,0.09919124579122414,0.2,1
148.0,62.0,-46.0,0.09919124579122414,0.2,1
148.0,62.0,-44.0,0.09919124579122414,0.2,1
148.0,62.0,-42.0,0.09919124579122414,0.2,1
148.0,62.0,-40.0,0.09919124579122414,0.2,1
148.0,62.0,-38.0,0.09919124579122414,0.2,1
148.0,64.0,-50.0,0.09919124579122414,0.2,1
148.0,64.0,-48.0,0.09919124579122414,0.2,1
148.0,64.0,-46.0,0.09919124579122414,0.2,1
148.0,64.0,-44.0,0.09919124579122414,0.2,1
148.0,64.0,-42.0,0.09919124579122414,0.2,1
148.0,64.0,-40.0,0.09919124579122414,0.2,1
148.0,64.0,-38.0,0.09919124579122414,0.2,1
148.0,66.0,-50.0,0.09919124579122414,0.2,1
148.0,66.0,-48.0,0.09919124579122414,0.2,1
148.0,66.0,-46.0,0.09919124579122414,0.2,1
148.0,66.0,-44.0,0.09919124579122414,0.2,1
148.0,66.0,-42.0,0.09919124579122414,0.2,1
148.0,66.0,-40.0,0.09919124579122414,0.2,1
148.0,66.0,-38.0,0.09919124579122414,0.2,1
148.0,68.0,-50.0,0.09919124579122414,0.2,1
148.0,68.0,-48.0,0.09919124579122414,0.2,1
148.0,68.0,-46.0,0.09919124579122414,0.2,1
148.0,68.0,-44.0,0.09919124579122414,0.2,1
148.0,68.0,-42.0,0.09919124579122414,0.2,1
148.0,68.0,-40.0,0.09919124579122414,0.2,1
148.0,68.0,-38.0,0.09919124579122414,0.2,1
148.0,70.0,-48.0,0.09919124579122414,0.2,1
148.0,70.0,-46.0,0.09919124579122414,0.2,1
148.0,70.0,-44.0,0.09919124579122414,0.2,1
148.0,70.0,-42.0,0.09919124579122414,0.2,1
148.0,70.0,-40.0,0.09919124579122414,0.2,1
148.0,70.0,-38.0,0.09919124579122414,0.2,1
148.0,72.0,-48.0,0.09919124579122414,0.2,1
148.0,72.0,-46.0,0.09919124579122414,0.2,1
148.0,72.0,-44.0,0.09919124579122414,0.2,1
148.0,72.0,-42.0,0.09919124579122414,0.2,1
148.0,72.0,-40.0,0.09919124579122414,0.2,1
148.0,72.0,-38.0,0.09919124579122414,0.2,1
150.0,58.0,-34.0,0.09919124579122414,0.2,1
150.0,58.0,-32.0,0.09919124579122414,0.2,1
150.0,60.0,-52.0,0.09919124579122414,0.2,1
150.0,60.0,-50.0,0.09919124579122414,0.2,1
150.0,60.0,-48.0,0.09919124579122414,0.2,1
150.0,60.0,-46.0,0.09919124579122414,0.2,1
150.0,60.0,-44.0,0.09919124579122414,0.2,1
150.0,60.0,-42.0,0.09919124579122414,0.2,1
150.0,60.0,-40.0,0.09919124579122414,0.2,1
150.0,60.0,-38.0,0.09919124579122414,0.2,1
150.0,60.0,-36.0,0.09919124579122414,0.2,1
150.0,62.0,-50.0,0.09919124579122414,0.2,1
150.0,62.0,-48.0,0.09919124579122414,0.2,1
150.0,62.0,-46.0,0.09919124579122414,0.2,1
150.0,62.0,-44.0,0.09919124579122414,0.2,1
150.0,62.0,-42.0,0.09919124579122414,0.2,1
150.0,62.0,-40.0,0.09919124579122414,0.2,1
150.0,62.0,-38.0,0.09919124579122414,0.2,1
150.0,62.0,-36.0,0.09919124579122414,0.2,1
150.0,64.0,-50.0,0.09919124579122414,0.2,1
150.0,64.0,-48.0,0.09919124579122414,0.2,1
150.0,64.0,-46.0,0.09919124579122414,0.2,1
150.0,64.0,-44.0,0.09919124579122414,0.2,1
150.0,64.0,-42.0,0.09919124579122414,0.2,1
150.0,64.0,-40.0,0.09919124579122414,0.2,1
150.0,64.0,-38.0,0.09919124579122414,0.2,1
150.0,64.0,-36.0,0.09919124579122414,0.2,1
150.0,66.0,-50.0,0.09919124579122414,0.2,1
150.0,66.0,-48.0,0.09919124579122414,0.2,1
150.0,66.0,-46.0,0.09919124579122414,0.2,1
150.0,66.0,-44.0,0.09919124579122414,0.2,1
150.0,66.0,-42.0,0.09919124579122414,0.2,1
150.0,66.0,-40.0,0.09919124579122414,0.2,1
150.0,66.0,-38.0,0.09919124579122414,0.2,1
150.0,66.0,-36.0,0.09919124579122414,0.2,1
150.0,68.0,-48.0,0.09919124579122414,0.2,1
150.0,68.0,-46.0,0.09919124579122414,0.2,1
150.0,68.0,-44.0,0.09919124579122414,0.2,1
150.0,68.0,-42.0,0.09919124579122414,0.2,1
150.0,68.0,-40.0,0.09919124579122414,0.2,1
150.0,68.0,-38.0,0.09919124579122414,0.2,1
150.0,68.0,-36.0,0.09919124579122414,0.2,1
150.0,70.0,-48.0,0.09919124579122414,0.2,1
150.0,70.0,-46.0,0.09919124579122414,0.2,1
150.0,70.0,-44.0,0.09919124579122414,0.2,1
150.0,70.0,-42.0,0.09919124579122414,0.2,1
150.0,70.0,-40.0,0.09919124579122414,0.2,1
150.0,70.0,-38.0,0.09919124579122414,0.2,1
150.0,72.0,-48.0,0.09919124579122414,0.2,1
150.0,72.0,-46.0,0.09919124579122414,0.2,1
150.0,72.0,-44.0,0.09919124579122414,0.2,1
150.0,72.0,-42.0,0.09919124579122414,0.2,1
150.0,72.0,-40.0,0.09919124579122414,0.2,1
150.0,72.0,-38.0,0.09919124579122414,0.2,1
152.0,62.0,-50.0,0.09919124579122414,0.2,1
152.0,62.0,-48.0,0.09919124579122414,0.2,1
152.0,62.0,-46.0,0.09919124579122414,0.2,1
152.0,62.0,-44.0,0.09919124579122414,0.2,1
152.0,62.0,-42.0,0.09919124579122414,0.2,1
152.0,62.0,-40.0,0.09919124579122414,0.2,1
152.0,62.0,-38.0,0.09919124579122414,0.2,1
152.0,62.0,-36.0,0.09919124579122414,0.2,1
152.0,64.0,-50.0,0.09919124579122414,0.2,1
152.0,64.0,-48.0,0.09919124579122414,0.2,1
152.0,64.0,-46.0,0.09919124579122414,0.2,1
152.0,64.0,-44.0,0.09919124579122414,0.2,1
152.0,64.0,-42.0,0.09919124579122414,0.2,1
152.0,64.0,-40.0,0.09919124579122414,0.2,1
152.0,64.0,-38.0,0.09919124579122414,0.2,1
152.0,64.0,-36.0,0.09919124579122414,0.2,1
152.0,66.0,-50.0,0.09919124579122414,0.2,1
152.0,66.0,-48.0,0.09919124579122414,0.2,1
152.0,66.0,-46.0,0.09919124579122414,0.2,1
152.0,66.0,-44.0,0.09919124579122414,0.2,1
152.0,66.0,-42.0,0.09919124579122414,0.2,1
152.0,66.0,-40.0,0.09919124579122414,0.2,1
152.0,66.0,-38.0,0.09919124579122414,0.2,1
152.0,66.0,-36.0,0.09919124579122414,0.2,1
152.0,68.0,-48.0,0.09919124579122414,0.2,1
152.0,68.0,-46.0,0.09919124579122414,0.2,1
152.0,68.0,-44.0,0.09919124579122414,0.2,1
152.0,68.0,-42.0,0.09919124579122414,0.2,1
152.0,68.0,-40.0,0.09919124579122414,0.2,1
152.0,68.0,-38.0,0.09919124579122414,0.2,1
152.0,68.0,-36.0,0.09919124579122414,0.2,1
152.0,70.0,-48.0,0.09919124579122414,0.2,1
152.0,70.0,-46.0,0.09919124579122414,0.2,1
152.0,70.0,-44.0,0.09919124579122414,0.2,1
152.0,70.0,-42.0,0.09919124579122414,0.2,1
152.0,70.0,-40.0,0.09919124579122414,0.2,1
152.0,70.0,-38.0,0.09919124579122414,0.2,1
152.0,70.0,-36.0,0.09919124579122414,0.2,1
152.0,72.0,-48.0,0.09919124579122414,0.2,1
152.0,72.0,-46.0,0.09919124579122414,0.2,1
152.0,72.0,-44.0,0.09919124579122414,0.2,1
152.0,72.0,-42.0,0.09919124579122414,0.2,1
152.0,72.0,-40.0,0.09919124579122414,0.2,1
152.0,72.0,-38.0,0.09919124579122414,0.2,1
152.0,72.0,-36.0,0.09919124579122414,0.2,1
128.0,58.0,-30.0,0.09919124579122414,0.2,1
128.0,58.0,-28.0,0.09919124579122414,0.2,1
128.0,58.0,-26.0,0.09919124579122414,0.2,1
128.0,58.0,-24.0,0.09919124579122414,0.2,1
128.0,58.0,-22.0,0.09919124579122414,0.2,1
138.0,58.0,-30.0,0.09919124579122414,0.2,1
140.0,58.0,-30.0,0.09919124579122414,0.2,1
140.0,60.0,-30.0,0.09919124579122414,0.2,1
140.0,62.0,-30.0,0.09919124579122414,0.2,1
140.0,64.0,-30.0,0.09919124579122414,0.2,1
142.0,58.0,-30.0,0.09919124579122414,0.2,1
142.0,58.0,-28.0,0.09919124579122414,0.2,1
142.0,60.0,-30.0,0.09919124579122414,0.2,1
142.0,60.0,-28.0,0.09919124579122414,0.2,1
142.0,62.0,-30.0,0.09919124579122414,0.2,1
142.0,62.0,-28.0,0.09919124579122414,0.2,1
142.0,64.0,-30.0,0.09919124579122414,0.2,1
142.0,64.0,-28.0,0.09919124579122414,0.2,1
144.0,58.0,-30.0,0.09919124579122414,0.2,1
144.0,58.0,-28.0,0.09919124579122414,0.2,1
144.0,60.0,-30.0,0.09919124579122414,0.2,1
144.0,60.0,-28.0,0.09919124579122414,0.2,1
144.0,62.0,-30.0,0.09919124579122414,0.2,1
144.0,62.0,-28.0,0.09919124579122414,0.2,1
144.0,74.0,-48.0,0.09919124579122414,0.2,1
144.0,74.0,-46.0,0.09919124579122414,0.2,1
144.0,74.0,-44.0,0.09919124579122414,0.2,1
144.0,74.0,-42.0,0.09919124579122414,0.2,1
144.0,74.0,-40.0,0.09919124579122414,0.2,1
144.0,76.0,-46.0,0.09919124579122414,0.2,1
144.0,76.0,-44.0,0.09919124579122414,0.2,1
144.0,76.0,-42.0,0.09919124579122414,0.2,1
144.0,76.0,-40.0,0.09919124579122414,0.2,1
144.0,78.0,-46.0,0.09919124579122414,0.2,1
144.0,78.0,-44.0,0.09919124579122414,0.2,1
144.0,78.0,-42.0,0.09919124579122414,0.2,1
144.0,78.0,-40.0,0.09919124579122414,0.2,1
144.0,80.0,-46.0,0.09919124579122414,0.2,1
144.0,80.0,-44.0,0.09919124579122414,0.2,1
144.0,80.0,-42.0,0.09919124579122414,0.2,1
144.0,80.0,-40.0,0.09919124579122414,0.2,1
144.0,82.0,-46.0,0.09919124579122414,0.2,1
144.0,82.0,-44.0,0.09919124579122414,0.2,1
144.0,82.0,-42.0,0.09919124579122414,0.2,1
146.0,58.0,-30.0,0.09919124579122414,0.2,1
146.0,58.0,-28.0,0.09919124579122414,0.2,1
146.0,58.0,-26.0,0.09919124579122414,0.2,1
146.0,60.0,-30.0,0.09919124579122414,0.2,1
146.0,60.0,-28.0,0.09919124579122414,0.2,1
146.0,60.0,-26.0,0.09919124579122414,0.2,1
146.0,74.0,-48.0,0.09919124579122414,0.2,1
146.0,74.0,-46.0,0.09919124579122414,0.2,1
146.0,74.0,-44.0,0.09919124579122414,0.2,1
146.0,74.0,-42.0,0.09919124579122414,0.2,1
146.0,74.0,-40.0,0.09919124579122414,0.2,1
146.0,76.0,-46.0,0.09919124579122414,0.2,1
146.0,76.0,-44.0,0.09919124579122414,0.2,1
146.0,76.0,-42.0,0.09919124579122414,0.2,1
146.0,76.0,-40.0,0.09919124579122414,0.2,1
146.0,78.0,-46.0,0.09919124579122414,0.2,1
146.0,78.0,-44.0,0.09919124579122414,0.2,1
146.0,78.0,-42.0,0.09919124579122414,0.2,1
146.0,78.0,-40.0,0.09919124579122414,0.2,1
146.0,80.0,-46.0,0.09919124579122414,0.2,1
146.0,80.0,-44.0,0.09919124579122414,0.2,1
146.0,80.0,-42.0,0.09919124579122414,0.2,1
146.0,80.0,-40.0,0.09919124579122414,0.2,1
146.0,82.0,-46.0,0.09919124579122414,0.2,1
146.0,82.0,-44.0,0.09919124579122414,0.2,1
146.0,82.0,-42.0,0.09919124579122414,0.2,1
146.0,82.0,-40.0,0.09919124579122414,0.2,1
148.0,58.0,-30.0,0.09919124579122414,0.2,1
148.0,58.0,-28.0,0.09919124579122414,0.2,1
148.0,58.0,-26.0,0.09919124579122414,0.2,1
148.0,58.0,-24.0,0.09919124579122414,0.2,1
148.0,60.0,-30.0,0.09919124579122414,0.2,1
148.0,60.0,-28.0,0.09919124579122414,0.2,1
148.0,60.0,-26.0,0.09919124579122414,0.2,1
148.0,60.0,-24.0,0.09919124579122414,0.2,1
148.0,74.0,-48.0,0.09919124579122414,0.2,1
148.0,74.0,-46.0,0.09919124579122414,0.2,1
148.0,74.0,-44.0,0.09919124579122414,0.2,1
148.0,74.0,-42.0,0.09919124579122414,0.2,1
148.0,74.0,-40.0,0.09919124579122414,0.2,1
148.0,74.0,-38.0,0.09919124579122414,0.2,1
148.0,76.0,-46.0,0.09919124579122414,0.2,1
148.0,76.0,-44.0,0.09919124579122414,0.2,1
148.0,76.0,-42.0,0.09919124579122414,0.2,1
148.0,76.0,-40.0,0.09919124579122414,0.2,1
148.0,76.0,-38.0,0.09919124579122414,0.2,1
148.0,78.0,-46.0,0.09919124579122414,0.2,1
148.0,78.0,-44.0,0.09919124579122414,0.2,1
148.0,78.0,-42.0,0.09919124579122414,0.2,1
148.0,78.0,-40.0,0.09919124579122414,0.2,1
148.0,80.0,-46.0,0.09919124579122414,0.2,1
148.0,80.0,-44.0,0.09919124579122414,0.2,1
148.0,80.0,-42.0,0.09919124579122414,0.2,1
148.0,80.0,-40.0,0.09919124579122414,0.2,1
148.0,82.0,-46.0,0.09919124579122414,0.2,1
148.0,82.0,-44.0,0.09919124579122414,0.2,1
148.0,82.0,-42.0,0.09919124579122414,0.2,1
148.0,82.0,-40.0,0.09919124579122414,0.2,1
150.0,58.0,-30.0,0.09919124579122414,0.2,1
150.0,58.0,-28.0,0.09919124579122414,0.2,1
150.0,58.0,-26.0,0.09919124579122414,0.2,1
150.0,58.0,-24.0,0.09919124579122414,0.2,1
150.0,74.0,-48.0,0.09919124579122414,0.2,1
150.0,74.0,-46.0,0.09919124579122414,0.2,1
150.0,74.0,-44.0,0.09919124579122414,0.2,1
150.0,74.0,-42.0,0.09919124579122414,0.2,1
150.0,74.0,-40.0,0.09919124579122414,0.2,1
150.0,74.0,-38.0,0.09919124579122414,0.2,1
150.0,76.0,-46.0,0.09919124579122414,0.2,1
150.0,76.0,-44.0,0.09919124579122414,0.2,1
150.0,76.0,-42.0,0.09919124579122414,0.2,1
150.0,76.0,-40.0,0.09919124579122414,0.2,1
150.0,76.0,-38.0,0.09919124579122414,0.2,1
150.0,78.0,-46.0,0.09919124579122414,0.2,1
150.0,78.0,-44.0,0.09919124579122414,0.2,1
150.0,78.0,-42.0,0.09919124579122414,0.2,1
150.0,78.0,-40.0,0.09919124579122414,0.2,1
150.0,78.0,-38.0,0.09919124579122414,0.2,1
150.0,80.0,-46.0,0.09919124579122414,0.2,1
150.0,80.0,-44.0,0.09919124579122414,0.2,1
150.0,80.0,-42.0,0.09919124579122414,0.2,1
150.0,80.0,-40.0,0.09919124579122414,0.2,1
150.0,80.0,-38.0,0.09919124579122414,0.2,1
150.0,82.0,-46.0,0.09919124579122414,0.2,1
150.0,82.0,-44.0,0.09919124579122414,0.2,1
150.0,82.0,-42.0,0.09919124579122414,0.2,1
150.0,82.0,-40.0,0.09919124579122414,0.2,1
150.0,82.0,-38.0,0.09919124579122414,0.2,1
152.0,74.0,-48.0,0.09919124579122414,0.2,1
152.0,74.0,-46.0,0.09919124579122414,0.2,1
152.0,74.0,-44.0,0.09919124579122414,0.2,1
152.0,74.0,-42.0,0.09919124579122414,0.2,1
152.0,74.0,-40.0,0.09919124579122414,0.2,1
152.0,74.0,-38.0,0.09919124579122414,0.2,1
152.0,74.0,-36.0,0.09919124579122414,0.2,1
152.0,76.0,-46.0,0.09919124579122414,0.2,1
152.0,76.0,-44.0,0.09919124579122414,0.2,1
152.0,76.0,-42.0,0.09919124579122414,0.2,1
152.0,76.0,-40.0,0.09919124579122414,0.2,1
152.0,76.0,-38.0,0.09919124579122414,0.2,1
152.0,76.0,-36.0,0.09919124579122414,0.2,1
152.0,78.0,-46.0,0.09919124579122414,0.2,1
152.0,78.0,-44.0,0.09919124579122414,0.2,1
152.0,78.0,-42.0,0.09919124579122414,0.2,1
152.0,78.0,-40.0,0.09919124579122414,0.2,1
152.0,78.0,-38.0,0.09919124579122414,0.2,1
152.0,80.0,-46.0,0.09919124579122414,0.2,1
152.0,80.0,-44.0,0.09919124579122414,0.2,1
152.0,80.0,-42.0,0.09919124579122414,0.2,1
152.0,80.0,-40.0,0.09919124579122414,0.2,1
152.0,80.0,-38.0,0.09919124579122414,0.2,1
152.0,82.0,-46.0,0.09919124579122414,0.2,1
152.0,82.0,-44.0,0.09919124579122414,0.2,1
152.0,82.0,-42.0,0.09919124579122414,0.2,1
152.0,82.0,-40.0,0.09919124579122414,0.2,1
152.0,82.0,-38.0,0.09919124579122414,0.2,1
128.0,58.0,-20.0,0.09919124579122414,0.2,1
128.0,58.0,-18.0,0.09919124579122414,0.2,1
128.0,58.0,-16.0,0.09919124579122414,0.2,1
128.0,58.0,-14.0,0.09919124579122414,0.2,1
128.0,58.0,-12.0,0.09919124579122414,0.2,1
144.0,84.0,-44.0,0.09919124579122414,0.2,1
144.0,84.0,-42.0,0.09919124579122414,0.2,1
144.0,86.0,-44.0,0.09919124579122414,0.2,1
144.0,86.0,-42.0,0.09919124579122414,0.2,1
144.0,88.0,-44.0,0.09919124579122414,0.2,1
144.0,88.0,-42.0,0.09919124579122414,0.2,1
144.0,90.0,-44.0,0.09919124579122414,0.2,1
144.0,90.0,-42.0,0.09919124579122414,0.2,1
146.0,84.0,-44.0,0.09919124579122414,0.2,1
146.0,84.0,-42.0,0.09919124579122414,0.2,1
146.0,84.0,-40.0,0.09919124579122414,0.2,1
146.0,86.0,-44.0,0.09919124579122414,0.2,1
146.0,86.0,-42.0,0.09919124579122414,0.2,1
146.0,88.0,-44.0,0.09919124579122414,0.2,1
146.0,88.0,-42.0,0.09919124579122414,0.2,1
146.0,90.0,-44.0,0.09919124579122414,0.2,1
146.0,90.0,-42.0,0.09919124579122414,0.2,1
148.0,84.0,-46.0,0.09919124579122414,0.2,1
148.0,84.0,-44.0,0.09919124579122414,0.2,1
148.0,84.0,-42.0,0.09919124579122414,0.2,1
148.0,84.0,-40.0,0.09919124579122414,0.2,1
148.0,86.0,-44.0,0.09919124579122414,0.2,1
148.0,86.0,-42.0,0.09919124579122414,0.2,1
148.0,86.0,-40.0,0.09919124579122414,0.2,1
148.0,88.0,-44.0,0.09919124579122414,0.2,1
148.0,88.0,-42.0,0.09919124579122414,0.2,1
148.0,90.0,-44.0,0.09919124579122414,0.2,1
148.0,90.0,-42.0,0.09919124579122414,0.2,1
150.0,84.0,-46.0,0.09919124579122414,0.2,1
150.0,84.0,-44.0,0.09919124579122414,0.2,1
150.0,84.0,-42.0,0.09919124579122414,0.2,1
150.0,84.0,-40.0,0.09919124579122414,0.2,1
150.0,86.0,-44.0,0.09919124579122414,0.2,1
150.0,86.0,-42.0,0.09919124579122414,0.2,1
150.0,86.0,-40.0,0.09919124579122414,0.2,1
150.0,88.0,-44.0,0.09919124579122414,0.2,1
150.0,88.0,-42.0,0.09919124579122414,0.2,1
150.0,88.0,-40.0,0.09919124579122414,0.2,1
150.0,90.0,-44.0,0.09919124579122414,0.2,1
150.0,90.0,-42.0,0.09919124579122414,0.2,1
150.0,90.0,-40.0,0.09919124579122414,0.2,1
152.0,84.0,-46.0,0.09919124579122414,0.2,1
152.0,84.0,-44.0,0.09919124579122414,0.2,1
152.0,84.0,-42.0,0.09919124579122414,0.2,1
152.0,84.0,-40.0,0.09919124579122414,0.2,1
152.0,84.0,-38.0,0.09919124579122414,0.2,1
152.0,86.0,-46.0,0.09919124579122414,0.2,1
152.0,86.0,-44.0,0.09919124579122414,0.2,1
152.0,86.0,-42.0,0.09919124579122414,0.2,1
152.0,86.0,-40.0,0.09919124579122414,0.2,1
152.0,88.0,-44.0,0.09919124579122414,0.2,1
152.0,88.0,-42.0,0.09919124579122414,0.2,1
152.0,88.0,-40.0,0.09919124579122414,0.2,1
152.0,90.0,-44.0,0.09919124579122414,0.2,1
152.0,90.0,-42.0,0.09919124579122414,0.2,1
152.0,90.0,-40.0,0.09919124579122414,0.2,1
138.0,48.0,-28.0,0.09919124579122414,0.2,1
138.0,48.0,-26.0,0.09919124579122414,0.2,1
138.0,48.0,-24.0,0.09919124579122414,0.2,1
138.0,48.0,-22.0,0.09919124579122414,0.2,1
138.0,48.0,-20.0,0.09919124579122414,0.2,1
138.0,48.0,-18.0,0.09919124579122414,0.2,1
138.0,48.0,-16.0,0.09919124579122414,0.2,1
138.0,48.0,-14.0,0.09919124579122414,0.2,1
138.0,48.0,-12.0,0.09919124579122414,0.2,1
138.0,50.0,-28.0,0.09919124579122414,0.2,1
138.0,50.0,-26.0,0.09919124579122414,0.2,1
138.0,50.0,-24.0,0.09919124579122414,0.2,1
138.0,50.0,-22.0,0.09919124579122414,0.2,1
138.0,50.0,-20.0,0.09919124579122414,0.2,1
138.0,50.0,-18.0,0.09919124579122414,0.2,1
138.0,50.0,-16.0,0.09919124579122414,0.2,1
138.0,50.0,-14.0,0.09919124579122414,0.2,1
138.0,50.0,-12.0,0.09919124579122414,0.2,1
138.0,52.0,-28.0,0.09919124579122414,0.2,1
138.0,52.0,-26.0,0.09919124579122414,0.2,1
138.0,52.0,-24.0,0.09919124579122414,0.2,1
138.0,52.0,-22.0,0.09919124579122414,0.2,1
138.0,52.0,-20.0,0.09919124579122414,0.2,1
138.0,52.0,-18.0,0.09919124579122414,0.2,1
138.0,52.0,-16.0,0.09919124579122414,0.2,1
138.0,52.0,-14.0,0.09919124579122414,0.2,1
138.0,52.0,-12.0,0.09919124579122414,0.2,1
138.0,54.0,-30.0,0.09919124579122414,0.2,1
138.0,56.0,-30.0,0.09919124579122414,0.2,1
140.0,48.0,-28.0,0.09919124579122414,0.2,1
140.0,48.0,-26.0,0.09919124579122414,0.2,1
140.0,48.0,-24.0,0.09919124579122414,0.2,1
140.0,48.0,-22.0,0.09919124579122414,0.2,1
140.0,48.0,-20.0,0.09919124579122414,0.2,1
140.0,48.0,-18.0,0.09919124579122414,0.2,1
140.0,48.0,-16.0,0.09919124579122414,0.2,1
140.0,48.0,-14.0,0.09919124579122414,0.2,1
140.0,48.0,-12.0,0.09919124579122414,0.2,1
140.0,50.0,-28.0,0.09919124579122414,0.2,1
140.0,50.0,-26.0,0.09919124579122414,0.2,1
140.0,50.0,-24.0,0.09919124579122414,0.2,1
140.0,50.0,-22.0,0.09919124579122414,0.2,1
140.0,50.0,-20.0,0.09919124579122414,0.2,1
140.0,50.0,-18.0,0.09919124579122414,0.2,1
140.0,50.0,-16.0,0.09919124579122414,0.2,1
140.0,50.0,-14.0,0.09919124579122414,0.2,1
140.0,50.0,-12.0,0.09919124579122414,0.2,1
140.0,52.0,-28.0,0.09919124579122414,0.2,1
140.0,52.0,-26.0,0.09919124579122414,0.2,1
140.0,52.0,-24.0,0.09919124579122414,0.2,1
140.0,52.0,-22.0,0.09919124579122414,0.2,1
140.0,52.0,-20.0,0.09919124579122414,0.2,1
140.0,52.0,-18.0,0.09919124579122414,0.2,1
140.0,52.0,-16.0,0.09919124579122414,0.2,1
140.0,52.0,-14.0,0.09919124579122414,0.2,1
140.0,52.0,-12.0,0.09919124579122414,0.2,1
140.0,54.0,-30.0,0.09919124579122414,0.2,1
140.0,56.0,-30.0,0.09919124579122414,0.2,1
142.0,48.0,-26.0,0.09919124579122414,0.2,1
142.0,48.0,-24.0,0.09919124579122414,0.2,1
142.0,48.0,-22.0,0.09919124579122414,0.2,1
142.0,48.0,-20.0,0.09919124579122414,0.2,1
142.0,48.0,-18.0,0.09919124579122414,0.2,1
142.0,48.0,-16.0,0.09919124579122414,0.2,1
142.0,48.0,-14.0,0.09919124579122414,0.2,1
142.0,48.0,-12.0,0.09919124579122414,0.2,1
142.0,50.0,-26.0,0.09919124579122414,0.2,1
142.0,50.0,-24.0,0.09919124579122414,0.2,1
142.0,50.0,-22.0,0.09919124579122414,0.2,1
142.0,50.0,-20.0,0.09919124579122414,0.2,1
142.0,50.0,-18.0,0.09919124579122414,0.2,1
142.0,50.0,-16.0,0.09919124579122414,0.2,1
142.0,50.0,-14.0,0.09919124579122414,0.2,1
142.0,50.0,-12.0,0.09919124579122414,0.2,1
142.0,52.0,-30.0,0.09919124579122414,0.2,1
142.0,52.0,-28.0,0.09919124579122414,0.2,1
142.0,54.0,-30.0,0.09919124579122414,0.2,1
142.0,54.0,-28.0,0.09919124579122414,0.2,1
142.0,56.0,-30.0,0.09919124579122414,0.2,1
142.0,56.0,-28.0,0.09919124579122414,0.2,1
144.0,48.0,-26.0,0.09919124579122414,0.2,1
144.0,48.0,-24.0,0.09919124579122414,0.2,1
144.0,48.0,-22.0,0.09919124579122414,0.2,1
144.0,48.0,-20.0,0.09919124579122414,0.2,1
144.0,48.0,-18.0,0.09919124579122414,0.2,1
144.0,48.0,-16.0,0.09919124579122414,0.2,1
144.0,48.0,-14.0,0.09919124579122414,0.2,1
144.0,48.0,-12.0,0.09919124579122414,0.2,1
144.0,50.0,-26.0,0.09919124579122414,0.2,1
144.0,50.0,-24.0,0.09919124579122414,0.2,1
144.0,50.0,-22.0,0.09919124579122414,0.2,1
144.0,50.0,-20.0,0.09919124579122414,0.2,1
144.0,50.0,-18.0,0.09919124579122414,0.2,1
144.0,50.0,-16.0,0.09919124579122414,0.2,1
144.0,50.0,-14.0,0.09919124579122414,0.2,1
144.0,50.0,-12.0,0.09919124579122414,0.2,1
144.0,52.0,-30.0,0.09919124579122414,0.2,1
144.0,52.0,-28.0,0.09919124579122414,0.2,1
144.0,54.0,-30.0,0.09919124579122414,0.2,1
144.0,54.0,-28.0,0.09919124579122414,0.2,1
144.0,56.0,-30.0,0.09919124579122414,0.2,1
144.0,56.0,-28.0,0.09919124579122414,0.2,1
146.0,48.0,-24.0,0.09919124579122414,0.2,1
146.0,48.0,-22.0,0.09919124579122414,0.2,1
146.0,48.0,-20.0,0.09919124579122414,0.2,1
146.0,48.0,-18.0,0.09919124579122414,0.2,1
146.0,48.0,-16.0,0.09919124579122414,0.2,1
146.0,48.0,-14.0,0.09919124579122414,0.2,1
146.0,48.0,-12.0,0.09919124579122414,0.2,1
146.0,50.0,-24.0,0.09919124579122414,0.2,1
146.0,50.0,-22.0,0.09919124579122414,0.2,1
146.0,50.0,-20.0,0.09919124579122414,0.2,1
146.0,50.0,-18.0,0.09919124579122414,0.2,1
146.0,50.0,-16.0,0.09919124579122414,0.2,1
146.0,50.0,-14.0,0.09919124579122414,0.2,1
146.0,50.0,-12.0,0.09919124579122414,0.2,1
146.0,52.0,-30.0,0.09919124579122414,0.2,1
146.0,52.0,-28.0,0.09919124579122414,0.2,1
146.0,52.0,-26.0,0.09919124579122414,0.2,1
146.0,54.0,-30.0,0.09919124579122414,0.2,1
146.0,54.0,-28.0,0.09919124579122414,0.2,1
146.0,54.0,-26.0,0.09919124579122414,0.2,1
146.0,56.0,-30.0,0.09919124579122414,0.2,1
146.0,56.0,-28.0,0.09919124579122414,0.2,1
146.0,56.0,-26.0,0.09919124579122414,0.2,1
148.0,48.0,-20.0,0.09919124579122414,0.2,1
148.0,48.0,-18.0,0.09919124579122414,0.2,1
148.0,48.0,-16.0,0.09919124579122414,0.2,1
148.0,48.0,-14.0,0.09919124579122414,0.2,1
148.0,48.0,-12.0,0.09919124579122414,0.2,1
148.0,52.0,-26.0,0.09919124579122414,0.2,1
148.0,52.0,-24.0,0.09919124579122414,0.2,1
148.0,54.0,-30.0,0.09919124579122414,0.2,1
148.0,54.0,-28.0,0.09919124579122414,0.2,1
148.0,54.0,-26.0,0.09919124579122414,0.2,1
148.0,54.0,-24.0,0.09919124579122414,0.2,1
148.0,56.0,-30.0,0.09919124579122414,0.2,1
148.0,56.0,-28.0,0.09919124579122414,0.2,1
148.0,56.0,-26.0,0.09919124579122414,0.2,1
148.0,56.0,-24.0,0.09919124579122414,0.2,1
150.0,48.0,-14.0,0.09919124579122414,0.2,1
150.0,48.0,-12.0,0.09919124579122414,0.2,1
150.0,56.0,-28.0,0.09919124579122414,0.2,1
150.0,56.0,-26.0,0.09919124579122414,0.2,1
150.0,56.0,-24.0,0.09919124579122414,0.2,1
154.0,64.0,-48.0,0.09919124579122414,0.2,1
154.0,64.0,-46.0,0.09919124579122414,0.2,1
154.0,64.0,-44.0,0.09919124579122414,0.2,1
154.0,64.0,-42.0,0.09919124579122414,0.2,1
154.0,64.0,-40.0,0.09919124579122414,0.2,1
154.0,64.0,-38.0,0.09919124579122414,0.2,1
154.0,64.0,-36.0,0.09919124579122414,0.2,1
154.0,64.0,-34.0,0.09919124579122414,0.2,1
154.0,66.0,-48.0,0.09919124579122414,0.2,1
154.0,66.0,-46.0,0.09919124579122414,0.2,1
154.0,66.0,-44.0,0.09919124579122414,0.2,1
154.0,66.0,-42.0,0.09919124579122414,0.2,1
154.0,66.0,-40.0,0.09919124579122414,0.2,1
154.0,66.0,-38.0,0.09919124579122414,0.2,1
154.0,66.0,-36.0,0.09919124579122414,0.2,1
154.0,66.0,-34.0,0.09919124579122414,0.2,1
154.0,68.0,-48.0,0.09919124579122414,0.2,1
154.0,68.0,-46.0,0.09919124579122414,0.2,1
154.0,68.0,-44.0,0.09919124579122414,0.2,1
154.0,68.0,-42.0,0.09919124579122414,0.2,1
154.0,68.0,-40.0,0.09919124579122414,0.2,1
154.0,68.0,-38.0,0.09919124579122414,0.2,1
154.0,68.0,-36.0,0.09919124579122414,0.2,1
154.0,70.0,-48.0,0.09919124579122414,0.2,1
154.0,70.0,-46.0,0.09919124579122414,0.2,1
154.0,70.0,-44.0,0.09919124579122414,0.2,1
154.0,70.0,-42.0,0.09919124579122414,0.2,1
154.0,70.0,-40.0,0.09919124579122414,0.2,1
154.0,70.0,-38.0,0.09919124579122414,0.2,1
154.0,70.0,-36.0,0.09919124579122414,0.2,1
154.0,72.0,-48.0,0.09919124579122414,0.2,1
154.0,72.0,-46.0,0.09919124579122414,0.2,1
154.0,72.0,-44.0,0.09919124579122414,0.2,1
154.0,72.0,-42.0,0.09919124579122414,0.2,1
154.0,72.0,-40.0,0.09919124579122414,0.2,1
154.0,72.0,-38.0,0.09919124579122414,0.2,1
154.0,72.0,-36.0,0.09919124579122414,0.2,1
156.0,66.0,-48.0,0.09919124579122414,0.2,1
156.0,66.0,-46.0,0.09919124579122414,0.2,1
156.0,66.0,-44.0,0.09919124579122414,0.2,1
156.0,66.0,-42.0,0.09919124579122414,0.2,1
156.0,66.0,-40.0,0.09919124579122414,0.2,1
156.0,66.0,-38.0,0.09919124579122414,0.2,1
156.0,66.0,-36.0,0.09919124579122414,0.2,1
156.0,66.0,-34.0,0.09919124579122414,0.2,1
156.0,68.0,-48.0,0.09919124579122414,0.2,1
156.0,68.0,-46.0,0.09919124579122414,0.2,1
156.0,68.0,-44.0,0.09919124579122414,0.2,1
156.0,68.0,-42.0,0.09919124579122414,0.2,1
156.0,68.0,-40.0,0.09919124579122414,0.2,1
156.0,68.0,-38.0,0.09919124579122414,0.2,1
156.0,68.0,-36.0,0.09919124579122414,0.2,1
156.0,68.0,-34.0,0.09919124579122414,0.2,1
156.0,70.0,-48.0,0.09919124579122414,0.2,1
156.0,70.0,-46.0,0.09919124579122414,0.2,1
156.0,70.0,-44.0,0.09919124579122414,0.2,1
156.0,70.0,-42.0,0.09919124579122414,0.2,1
156.0,70.0,-40.0,0.09919124579122414,0.2,1
156.0,70.0,-38.0,0.09919124579122414,0.2,1
156.0,70.0,-36.0,0.09919124579122414,0.2,1
156.0,70.0,-34.0,0.09919124579122414,0.2,1
156.0,72.0,-48.0,0.09919124579122414,0.2,1
156.0,72.0,-46.0,0.09919124579122414,0.2,1
156.0,72.0,-44.0,0.09919124579122414,0.2,1
156.0,72.0,-42.0,0.09919124579122414,0.2,1
156.0,72.0,-40.0,0.09919124579122414,0.2,1
156.0,72.0,-38.0,0.09919124579122414,0.2,1
156.0,72.0,-36.0,0.09919124579122414,0.2,1
156.0,72.0,-34.0,0.09919124579122414,0.2,1
158.0,66.0,-48.0,0.09919124579122414,0.2,1
158.0,68.0,-48.0,0.09919124579122414,0.2,1
158.0,68.0,-46.0,0.09919124579122414,0.2,1
158.0,68.0,-44.0,0.09919124579122414,0.2,1
158.0,68.0,-42.0,0.09919124579122414,0.2,1
158.0,68.0,-40.0,0.09919124579122414,0.2,1
158.0,68.0,-38.0,0.09919124579122414,0.2,1
158.0,68.0,-36.0,0.09919124579122414,0.2,1
158.0,68.0,-34.0,0.09919124579122414,0.2,1
158.0,70.0,-48.0,0.09919124579122414,0.2,1
158.0,70.0,-46.0,0.09919124579122414,0.2,1
158.0,70.0,-44.0,0.09919124579122414,0.2,1
158.0,70.0,-42.0,0.09919124579122414,0.2,1
158.0,70.0,-40.0,0.09919124579122414,0.2,1
158.0,70.0,-38.0,0.09919124579122414,0.2,1
158.0,70.0,-36.0,0.09919124579122414,0.2,1
158.0,70.0,-34.0,0.09919124579122414,0.2,1
158.0,72.0,-46.0,0.09919124579122414,0.2,1
158.0,72.0,-44.0,0.09919124579122414,0.2,1
158.0,72.0,-42.0,0.09919124579122414,0.2,1
158.0,72.0,-40.0,0.09919124579122414,0.2,1
158.0,72.0,-38.0,0.09919124579122414,0.2,1
158.0,72.0,-36.0,0.09919124579122414,0.2,1
158.0,72.0,-34.0,0.09919124579122414,0.2,1
160.0,68.0,-48.0,0.09919124579122414,0.2,1
160.0,68.0,-46.0,0.09919124579122414,0.2,1
160.0,70.0,-46.0,0.09919124579122414,0.2,1
160.0,70.0,-44.0,0.09919124579122414,0.2,1
160.0,70.0,-42.0,0.09919124579122414,0.2,1
160.0,70.0,-40.0,0.09919124579122414,0.2,1
160.0,70.0,-38.0,0.09919124579122414,0.2,1
160.0,70.0,-36.0,0.09919124579122414,0.2,1
160.0,72.0,-46.0,0.09919124579122414,0.2,1
160.0,72.0,-44.0,0.09919124579122414,0.2,1
160.0,72.0,-42.0,0.09919124579122414,0.2,1
160.0,72.0,-40.0,0.09919124579122414,0.2,1
160.0,72.0,-38.0,0.09919124579122414,0.2,1
160.0,72.0,-36.0,0.09919124579122414,0.2,1
160.0,72.0,-34.0,0.09919124579122414,0.2,1
160.0,72.0,-32.0,0.09919124579122414,0.2,1
162.0,70.0,-46.0,0.09919124579122414,0.2,1
162.0,70.0,-44.0,0.09919124579122414,0.2,1
162.0,72.0,-46.0,0.09919124579122414,0.2,1
162.0,72.0,-44.0,0.09919124579122414,0.2,1
162.0,72.0,-42.0,0.09919124579122414,0.2,1
162.0,72.0,-40.0,0.09919124579122414,0.2,1
162.0,72.0,-38.0,0.09919124579122414,0.2,1
154.0,74.0,-46.0,0.09919124579122414,0.2,1
154.0,74.0,-44.0,0.09919124579122414,0.2,1
154.0,74.0,-42.0,0.09919124579122414,0.2,1
154.0,74.0,-40.0,0.09919124579122414,0.2,1
154.0,74.0,-38.0,0.09919124579122414,0.2,1
154.0,74.0,-36.0,0.09919124579122414,0.2,1
154.0,76.0,-46.0,0.09919124579122414,0.2,1
154.0,76.0,-44.0,0.09919124579122414,0.2,1
154.0,76.0,-42.0,0.09919124579122414,0.2,1
154.0,76.0,-40.0,0.09919124579122414,0.2,1
154.0,76.0,-38.0,0.09919124579122414,0.2,1
154.0,76.0,-36.0,0.09919124579122414,0.2,1
154.0,78.0,-46.0,0.09919124579122414,0.2,1
154.0,78.0,-44.0,0.09919124579122414,0.2,1
154.0,78.0,-42.0,0.09919124579122414,0.2,1
154.0,78.0,-40.0,0.09919124579122414,0.2,1
154.0,78.0,-38.0,0.09919124579122414,0.2,1
154.0,78.0,-36.0,0.09919124579122414,0.2,1
154.0,80.0,-46.0,0.09919124579122414,0.2,1
154.0,80.0,-44.0,0.09919124579122414,0.2,1
154.0,80.0,-42.0,0.09919124579122414,0.2,1
154.0,80.0,-40.0,0.09919124579122414,0.2,1
154.0,80.0,-38.0,0.09919124579122414,0.2,1
154.0,80.0,-36.0,0.09919124579122414,0.2,1
154.0,82.0,-46.0,0.09919124579122414,0.2,1
154.0,82.0,-44.0,0.09919124579122414,0.2,1
154.0,82.0,-42.0,0.09919124579122414,0.2,1
154.0,82.0,-40.0,0.09919124579122414,0.2,1
154.0,82.0,-38.0,0.09919124579122414,0.2,1
156.0,74.0,-46.0,0.09919124579122414,0.2,1
156.0,74.0,-44.0,0.09919124579122414,0.2,1
156.0,74.0,-42.0,0.09919124579122414,0.2,1
156.0,74.0,-40.0,0.09919124579122414,0.2,1
156.0,74.0,-38.0,0.09919124579122414,0.2,1
156.0,74.0,-36.0,0.09919124579122414,0.2,1
156.0,74.0,-34.0,0.09919124579122414,0.2,1
156.0,76.0,-46.0,0.09919124579122414,0.2,1
156.0,76.0,-44.0,0.09919124579122414,0.2,1
156.0,76.0,-42.0,0.09919124579122414,0.2,1
156.0,76.0,-40.0,0.09919124579122414,0.2,1
156.0,76.0,-38.0,0.09919124579122414,0.2,1
156.0,76.0,-36.0,0.09919124579122414,0.2,1
156.0,78.0,-46.0,0.09919124579122414,0.2,1
156.0,78.0,-44.0,0.09919124579122414,0.2,1
156.0,78.0,-42.0,0.09919124579122414,0.2,1
156.0,78.0,-40.0,0.09919124579122414,0.2,1
156.0,78.0,-38.0,0.09919124579122414,0.2,1
156.0,78.0,-36.0,0.09919124579122414,0.2,1
156.0,80.0,-46.0,0.09919124579122414,0.2,1
156.0,80.0,-44.0,0.09919124579122414,0.2,1
156.0,80.0,-42.0,0.09919124579122414,0.2,1
156.0,80.0,-40.0,0.09919124579122414,0.2,1
156.0,80.0,-38.0,0.09919124579122414,0.2,1
156.0,80.0,-36.0,0.09919124579122414,0.2,1
156.0,82.0,-46.0,0.09919124579122414,0.2,1
156.0,82.0,-44.0,0.09919124579122414,0.2,1
156.0,82.0,-42.0,0.09919124579122414,0.2,1
156.0,82.0,-40.0,0.09919124579122414,0.2,1
156.0,82.0,-38.0,0.09919124579122414,0.2,1
156.0,82.0,-36.0,0.09919124579122414,0.2,1
158.0,74.0,-46.0,0.09919124579122414,0.2,1
158.0,74.0,-44.0,0.09919124579122414,0.2,1
158.0,74.0,-42.0,0.09919124579122414,0.2,1
158.0,74.0,-40.0,0.09919124579122414,0.2,1
158.0,74.0,-38.0,0.09919124579122414,0.2,1
158.0,74.0,-36.0,0.09919124579122414,0.2,1
158.0,74.0,-34.0,0.09919124579122414,0.2,1
158.0,76.0,-46.0,0.09919124579122414,0.2,1
158.0,76.0,-44.0,0.09919124579122414,0.2,1
158.0,76.0,-42.0,0.09919124579122414,0.2,1
158.0,76.0,-40.0,0.09919124579122414,0.2,1
158.0,76.0,-38.0,0.09919124579122414,0.2,1
158.0,76.0,-36.0,0.09919124579122414,0.2,1
158.0,76.0,-34.0,0.09919124579122414,0.2,1
158.0,78.0,-46.0,0.09919124579122414,0.2,1
158.0,78.0,-44.0,0.09919124579122414,0.2,1
158.0,78.0,-42.0,0.09919124579122414,0.2,1
158.0,78.0,-40.0,0.09919124579122414,0.2,1
158.0,78.0,-38.0,0.09919124579122414,0.2,1
158.0,78.0,-36.0,0.09919124579122414,0.2,1
158.0,78.0,-34.0,0.09919124579122414,0.2,1
158.0,80.0,-46.0,0.09919124579122414,0.2,1
158.0,80.0,-44.0,0.09919124579122414,0.2,1
158.0,80.0,-42.0,0.09919124579122414,0.2,1
158.0,80.0,-40.0,0.09919124579122414,0.2,1
158.0,80.0,-38.0,0.09919124579122414,0.2,1
158.0,80.0,-36.0,0.09919124579122414,0.2,1
158.0,80.0,-34.0,0.09919124579122414,0.2,1
158.0,82.0,-46.0,0.09919124579122414,0.2,1
158.0,82.0,-44.0,0.09919124579122414,0.2,1
158.0,82.0,-42.0,0.09919124579122414,0.2,1
158.0,82.0,-40.0,0.09919124579122414,0.2,1
158.0,82.0,-38.0,0.09919124579122414,0.2,1
158.0,82.0,-36.0,0.09919124579122414,0.2,1
160.0,74.0,-46.0,0.09919124579122414,0.2,1
160.0,74.0,-44.0,0.09919124579122414,0.2,1
160.0,74.0,-42.0,0.09919124579122414,0.2,1
160.0,74.0,-40.0,0.09919124579122414,0.2,1
160.0,74.0,-38.0,0.09919124579122414,0.2,1
160.0,74.0,-36.0,0.09919124579122414,0.2,1
160.0,74.0,-34.0,0.09919124579122414,0.2,1
160.0,74.0,-32.0,0.09919124579122414,0.2,1
160.0,76.0,-46.0,0.09919124579122414,0.2,1
160.0,76.0,-44.0,0.09919124579122414,0.2,1
160.0,76.0,-42.0,0.09919124579122414,0.2,1
160.0,76.0,-40.0,0.09919124579122414,0.2,1
160.0,76.0,-38.0,0.09919124579122414,0.2,1
160.0,76.0,-36.0,0.09919124579122414,0.2,1
160.0,76.0,-34.0,0.09919124579122414,0.2,1
160.0,78.0,-46.0,0.09919124579122414,0.2,1
160.0,78.0,-44.0,0.09919124579122414,0.2,1
160.0,78.0,-42.0,0.09919124579122414,0.2,1
160.0,78.0,-40.0,0.09919124579122414,0.2,1
160.0,78.0,-38.0,0.09919124579122414,0.2,1
160.0,78.0,-36.0,0.09919124579122414,0.2,1
160.0,78.0,-34.0,0.09919124579122414,0.2,1
160.0,80.0,-46.0,0.09919124579122414,0.2,1
160.0,80.0,-44.0,0.09919124579122414,0.2,1
160.0,80.0,-42.0,0.09919124579122414,0.2,1
160.0,80.0,-40.0,0.09919124579122414,0.2,1
160.0,80.0,-38.0,0.09919124579122414,0.2,1
160.0,80.0,-36.0,0.09919124579122414,0.2,1
160.0,80.0,-34.0,0.09919124579122414,0.2,1
160.0,82.0,-46.0,0.09919124579122414,0.2,1
160.0,82.0,-44.0,0.09919124579122414,0.2,1
160.0,82.0,-42.0,0.09919124579122414,0.2,1
160.0,82.0,-40.0,0.09919124579122414,0.2,1
160.0,82.0,-38.0,0.09919124579122414,0.2,1
160.0,82.0,-36.0,0.09919124579122414,0.2,1
160.0,82.0,-34.0,0.09919124579122414,0.2,1
162.0,74.0,-46.0,0.09919124579122414,0.2,1
162.0,74.0,-44.0,0.09919124579122414,0.2,1
162.0,74.0,-42.0,0.09919124579122414,0.2,1
162.0,74.0,-40.0,0.09919124579122414,0.2,1
162.0,74.0,-38.0,0.09919124579122414,0.2,1
162.0,74.0,-36.0,0.09919124579122414,0.2,1
162.0,74.0,-34.0,0.09919124579122414,0.2,1
162.0,74.0,-32.0,0.09919124579122414,0.2,1
162.0,76.0,-46.0,0.09919124579122414,0.2,1
162.0,76.0,-44.0,0.09919124579122414,0.2,1
162.0,76.0,-42.0,0.09919124579122414,0.2,1
162.0,76.0,-40.0,0.09919124579122414,0.2,1
162.0,76.0,-38.0,0.09919124579122414,0.2,1
162.0,76.0,-36.0,0.09919124579122414,0.2,1
162.0,76.0,-34.0,0.09919124579122414,0.2,1
162.0,76.0,-32.0,0.09919124579122414,0.2,1
162.0,78.0,-46.0,0.09919124579122414,0.2,1
162.0,78.0,-44.0,0.09919124579122414,0.2,1
162.0,78.0,-42.0,0.09919124579122414,0.2,1
162.0,78.0,-40.0,0.09919124579122414,0.2,1
162.0,78.0,-38.0,0.09919124579122414,0.2,1
162.0,78.0,-36.0,0.09919124579122414,0.2,1
162.0,78.0,-34.0,0.09919124579122414,0.2,1
162.0,78.0,-32.0,0.09919124579122414,0.2,1
162.0,80.0,-46.0,0.09919124579122414,0.2,1
162.0,80.0,-44.0,0.09919124579122414,0.2,1
162.0,80.0,-42.0,0.09919124579122414,0.2,1
162.0,80.0,-40.0,0.09919124579122414,0.2,1
162.0,80.0,-38.0,0.09919124579122414,0.2,1
162.0,80.0,-36.0,0.09919124579122414,0.2,1
162.0,80.0,-34.0,0.09919124579122414,0.2,1
162.0,80.0,-32.0,0.09919124579122414,0.2,1
162.0,82.0,-46.0,0.09919124579122414,0.2,1
162.0,82.0,-44.0,0.09919124579122414,0.2,1
162.0,82.0,-42.0,0.09919124579122414,0.2,1
162.0,82.0,-40.0,0.09919124579122414,0.2,1
162.0,82.0,-38.0,0.09919124579122414,0.2,1
162.0,82.0,-36.0,0.09919124579122414,0.2,1
162.0,82.0,-34.0,0.09919124579122414,0.2,1
154.0,84.0,-46.0,0.09919124579122414,0.2,1
154.0,84.0,-44.0,0.09919124579122414,0.2,1
154.0,84.0,-42.0,0.09919124579122414,0.2,1
154.0,84.0,-40.0,0.09919124579122414,0.2,1
154.0,84.0,-38.0,0.09919124579122414,0.2,1
154.0,86.0,-46.0,0.09919124579122414,0.2,1
154.0,86.0,-44.0,0.09919124579122414,0.2,1
154.0,86.0,-42.0,0.09919124579122414,0.2,1
154.0,86.0,-40.0,0.09919124579122414,0.2,1
154.0,86.0,-38.0,0.09919124579122414,0.2,1
154.0,88.0,-44.0,0.09919124579122414,0.2,1
154.0,88.0,-42.0,0.09919124579122414,0.2,1
154.0,88.0,-40.0,0.09919124579122414,0.2,1
154.0,88.0,-38.0,0.09919124579122414,0.2,1
154.0,90.0,-44.0,0.09919124579122414,0.2,1
154.0,90.0,-42.0,0.09919124579122414,0.2,1
154.0,90.0,-40.0,0.09919124579122414,0.2,1
156.0,84.0,-46.0,0.09919124579122414,0.2,1
156.0,84.0,-44.0,0.09919124579122414,0.2,1
156.0,84.0,-42.0,0.09919124579122414,0.2,1
156.0,84.0,-40.0,0.09919124579122414,0.2,1
156.0,84.0,-38.0,0.09919124579122414,0.2,1
156.0,84.0,-36.0,0.09919124579122414,0.2,1
156.0,86.0,-46.0,0.09919124579122414,0.2,1
156.0,86.0,-44.0,0.09919124579122414,0.2,1
156.0,86.0,-42.0,0.09919124579122414,0.2,1
156.0,86.0,-40.0,0.09919124579122414,0.2,1
156.0,86.0,-38.0,0.09919124579122414,0.2,1
156.0,88.0,-44.0,0.09919124579122414,0.2,1
156.0,88.0,-42.0,0.09919124579122414,0.2,1
156.0,88.0,-40.0,0.09919124579122414,0.2,1
156.0,88.0,-38.0,0.09919124579122414,0.2,1
156.0,90.0,-44.0,0.09919124579122414,0.2,1
156.0,90.0,-42.0,0.09919124579122414,0.2,1
156.0,90.0,-40.0,0.09919124579122414,0.2,1
156.0,90.0,-38.0,0.09919124579122414,0.2,1
158.0,84.0,-46.0,0.09919124579122414,0.2,1
158.0,84.0,-44.0,0.09919124579122414,0.2,1
158.0,84.0,-42.0,0.09919124579122414,0.2,1
158.0,84.0,-40.0,0.09919124579122414,0.2,1
158.0,84.0,-38.0,0.09919124579122414,0.2,1
158.0,84.0,-36.0,0.09919124579122414,0.2,1
158.0,86.0,-46.0,0.09919124579122414,0.2,1
158.0,86.0,-44.0,0.09919124579122414,0.2,1
158.0,86.0,-42.0,0.09919124579122414,0.2,1
158.0,86.0,-40.0,0.09919124579122414,0.2,1
158.0,86.0,-38.0,0.09919124579122414,0.2,1
158.0,86.0,-36.0,0.09919124579122414,0.2,1
158.0,88.0,-44.0,0.09919124579122414,0.2,1
158.0,88.0,-42.0,0.09919124579122414,0.2,1
158.0,88.0,-40.0,0.09919124579122414,0.2,1
158.0,88.0,-38.0,0.09919124579122414,0.2,1
158.0,90.0,-44.0,0.09919124579122414,0.2,1
158.0,90.0,-42.0,0.09919124579122414,0.2,1
158.0,90.0,-40.0,0.09919124579122414,0.2,1
158.0,90.0,-38.0,0.09919124579122414,0.2,1
160.0,84.0,-46.0,0.09919124579122414,0.2,1
160.0,84.0,-44.0,0.09919124579122414,0.2,1
160.0,84.0,-42.0,0.09919124579122414,0.2,1
160.0,84.0,-40.0,0.09919124579122414,0.2,1
160.0,84.0,-38.0,0.09919124579122414,0.2,1
160.0,84.0,-36.0,0.09919124579122414,0.2,1
160.0,84.0,-34.0,0.09919124579122414,0.2,1
160.0,86.0,-46.0,0.09919124579122414,0.2,1
160.0,86.0,-44.0,0.09919124579122414,0.2,1
160.0,86.0,-42.0,0.09919124579122414,0.2,1
160.0,86.0,-40.0,0.09919124579122414,0.2,1
160.0,86.0,-38.0,0.09919124579122414,0.2,1
160.0,86.0,-36.0,0.09919124579122414,0.2,1
160.0,88.0,-44.0,0.09919124579122414,0.2,1
160.0,88.0,-42.0,0.09919124579122414,0.2,1
160.0,88.0,-40.0,0.09919124579122414,0.2,1
160.0,88.0,-38.0,0.09919124579122414,0.2,1
160.0,88.0,-36.0,0.09919124579122414,0.2,1
160.0,90.0,-44.0,0.09919124579122414,0.2,1
160.0,90.0,-42.0,0.09919124579122414,0.2,1
160.0,90.0,-40.0,0.09919124579122414,0.2,1
160.0,90.0,-38.0,0.09919124579122414,0.2,1
160.0,90.0,-36.0,0.09919124579122414,0.2,1
162.0,84.0,-44.0,0.09919124579122414,0.2,1
162.0,84.0,-42.0,0.09919124579122414,0.2,1
162.0,84.0,-40.0,0.09919124579122414,0.2,1
162.0,84.0,-38.0,0.09919124579122414,0.2,1
162.0,84.0,-36.0,0.09919124579122414,0.2,1
162.0,84.0,-34.0,0.09919124579122414,0.2,1
162.0,86.0,-44.0,0.09919124579122414,0.2,1
162.0,86.0,-42.0,0.09919124579122414,0.2,1
162.0,86.0,-40.0,0.09919124579122414,0.2,1
162.0,86.0,-38.0,0.09919124579122414,0.2,1
162.0,86.0,-36.0,0.09919124579122414,0.2,1
162.0,86.0,-34.0,0.09919124579122414,0.2,1
162.0,88.0,-44.0,0.09919124579122414,0.2,1
162.0,88.0,-42.0,0.09919124579122414,0.2,1
162.0,88.0,-40.0,0.09919124579122414,0.2,1
162.0,88.0,-38.0,0.09919124579122414,0.2,1
162.0,88.0,-36.0,0.09919124579122414,0.2,1
162.0,90.0,-48.0,0.09919124579122414,0.2,1
162.0,90.0,-46.0,0.09919124579122414,0.2,1
118.0,48.0,-52.0,0.19144934382440293,0.4,2
118.0,48.0,-50.0,0.19144934382440293,0.4,2
118.0,48.0,-48.0,0.19144934382440293,0.4,2
118.0,48.0,-46.0,0.19144934382440293,0.4,2
118.0,48.0,-44.0,0.19144934382440293,0.4,2
118.0,48.0,-42.0,0.19144934382440293,0.4,2
118.0,50.0,-50.0,0.19144934382440293,0.4,2
118.0,50.0,-48.0,0.19144934382440293,0.4,2
118.0,50.0,-46.0,0.19144934382440293,0.4,2
118.0,50.0,-44.0,0.19144934382440293,0.4,2
118.0,50.0,-42.0,0.19144934382440293,0.4,2
118.0,52.0,-50.0,0.19144934382440293,0.4,2
118.0,52.0,-48.0,0.19144934382440293,0.4,2
118.0,52.0,-46.0,0.19144934382440293,0.4,2
118.0,52.0,-44.0,0.19144934382440293,0.4,2
118.0,52.0,-42.0,0.19144934382440293,0.4,2
118.0,54.0,-50.0,0.19144934382440293,0.4,2
118.0,54.0,-48.0,0.19144934382440293,0.4,2
118.0,54.0,-46.0,0.19144934382440293,0.4,2
118.0,54.0,-44.0,0.19144934382440293,0.4,2
118.0,54.0,-42.0,0.19144934382440293,0.4,2
118.0,56.0,-48.0,0.19144934382440293,0.4,2
118.0,56.0,-46.0,0.19144934382440293,0.4,2
118.0,56.0,-44.0,0.19144934382440293,0.4,2
118.0,56.0,-42.0,0.19144934382440293,0.4,2
118.0,58.0,-48.0,0.19144934382440293,0.4,2
118.0,58.0,-46.0,0.19144934382440293,0.4,2
118.0,58.0,-44.0,0.19144934382440293,0.4,2
118.0,58.0,-42.0,0.19144934382440293,0.4,2
118.0,60.0,-48.0,0.19144934382440293,0.4,2
118.0,60.0,-46.0,0.19144934382440293,0.4,2
118.0,60.0,-44.0,0.19144934382440293,0.4,2
118.0,60.0,-42.0,0.19144934382440293,0.4,2
118.0,62.0,-48.0,0.19144934382440293,0.4,2
118.0,62.0,-46.0,0.19144934382440293,0.4,2
118.0,62.0,-44.0,0.19144934382440293,0.4,2
118.0,62.0,-42.0,0.19144934382440293,0.4,2
118.0,64.0,-46.0,0.19144934382440293,0.4,2
118.0,64.0,-44.0,0.19144934382440293,0.4,2
118.0,64.0,-42.0,0.19144934382440293,0.4,2
118.0,66.0,-40.0,0.19144934382440293,0.4,2
118.0,66.0,-38.0,0.19144934382440293,0.4,2
118.0,66.0,-36.0,0.19144934382440293,0.4,2
118.0,66.0,-34.0,0.19144934382440293,0.4,2
118.0,66.0,-32.0,0.19144934382440293,0.4,2
118.0,68.0,-40.0,0.19144934382440293,0.4,2
118.0,68.0,-38.0,0.19144934382440293,0.4,2
118.0,68.0,-36.0,0.19144934382440293,0.4,2
118.0,68.0,-34.0,0.19144934382440293,0.4,2
118.0,68.0,-32.0,0.19144934382440293,0.4,2
118.0,70.0,-40.0,0.19144934382440293,0.4,2
118.0,70.0,-38.0,0.19144934382440293,0.4,2
118.0,70.0,-36.0,0.19144934382440293,0.4,2
118.0,70.0,-34.0,0.19144934382440293,0.4,2
118.0,70.0,-32.0,0.19144934382440293,0.4,2
118.0,72.0,-40.0,0.19144934382440293,0.4,2
118.0,72.0,-38.0,0.19144934382440293,0.4,2
118.0,72.0,-36.0,0.19144934382440293,0.4,2
118.0,72.0,-34.0,0.19144934382440293,0.4,2
118.0,72.0,-32.0,0.19144934382440293,0.4,2
120.0,48.0,-50.0,0.19144934382440293,0.4,2
120.0,48.0,-48.0,0.19144934382440293,0.4,2
120.0,48.0,-46.0,0.19144934382440293,0.4,2
120.0,48.0,-44.0,0.19144934382440293,0.4,2
120.0,48.0,-42.0,0.19144934382440293,0.4,2
120.0,50.0,-50.0,0.19144934382440293,0.4,2
120.0,50.0,-48.0,0.19144934382440293,0.4,2
120.0,50.0,-46.0,0.19144934382440293,0.4,2
120.0,50.0,-44.0,0.19144934382440293,0.4,2
120.0,50.0,-42.0,0.19144934382440293,0.4,2
120.0,52.0,-50.0,0.19144934382440293,0.4,2
120.0,52.0,-48.0,0.19144934382440293,0.4,2
120.0,52.0,-46.0,0.19144934382440293,0.4,2
120.0,52.0,-44.0,0.19144934382440293,0.4,2
120.0,52.0,-42.0,0.19144934382440293,0.4,2
120.0,52.0,-40.0,0.19144934382440293,0.4,2
120.0,54.0,-48.0,0.19144934382440293,0.4,2
120.0,54.0,-46.0,0.19144934382440293,0.4,2
120.0,54.0,-44.0,0.19144934382440293,0.4,2
120.0,54.0,-42.0,0.19144934382440293,0.4,2
120.0,54.0,-40.0,0.19144934382440293,0.4,2
120.0,56.0,-48.0,0.19144934382440293,0.4,2
120.0,56.0,-46.0,0.19144934382440293,0.4,2
120.0,56.0,-44.0,0.19144934382440293,0.4,2
120.0,56.0,-42.0,0.19144934382440293,0.4,2
120.0,56.0,-40.0,0.19144934382440293,0.4,2
120.0,58.0,-48.0,0.19144934382440293,0.4,2
120.0,58.0,-46.0,0.19144934382440293,0.4,2
120.0,58.0,-44.0,0.19144934382440293,0.4,2
120.0,58.0,-42.0,0.19144934382440293,0.4,2
120.0,58.0,-40.0,0.19144934382440293,0.4,2
120.0,60.0,-48.0,0.19144934382440293,0.4,2
120.0,60.0,-46.0,0.19144934382440293,0.4,2
120.0,60.0,-44.0,0.19144934382440293,0.4,2
120.0,60.0,-42.0,0.19144934382440293,0.4,2
120.0,60.0,-40.0,0.19144934382440293,0.4,2
120.0,62.0,-46.0,0.19144934382440293,0.4,2
120.0,62.0,-44.0,0.19144934382440293,0.4,2
120.0,62.0,-42.0,0.19144934382440293,0.4,2
120.0,62.0,-40.0,0.19144934382440293,0.4,2
120.0,64.0,-46.0,0.19144934382440293,0.4,2
120.0,64.0,-44.0,0.19144934382440293,0.4,2
120.0,64.0,-42.0,0.19144934382440293,0.4,2
120.0,64.0,-40.0,0.19144934382440293,0.4,2
120.0,66.0,-38.0,0.19144934382440293,0.4,2
120.0,66.0,-36.0,0.19144934382440293,0.4,2
120.0,66.0,-34.0,0.19144934382440293,0.4,2
120.0,66.0,-32.0,0.19144934382440293,0.4,2
120.0,68.0,-38.0,0.19144934382440293,0.4,2
120.0,68.0,-36.0,0.19144934382440293,0.4,2
120.0,68.0,-34.0,0.19144934382440293,0.4,2
120.0,68.0,-32.0,0.19144934382440293,0.4,2
120.0,70.0,-38.0,0.19144934382440293,0.4,2
120.0,70.0,-36.0,0.19144934382440293,0.4,2
120.0,70.0,-34.0,0.19144934382440293,0.4,2
120.0,70.0,-32.0,0.19144934382440293,0.4,2
120.0,72.0,-38.0,0.19144934382440293,0.4,2
120.0,72.0,-36.0,0.19144934382440293,0.4,2
120.0,72.0,-34.0,0.19144934382440293,0.4,2
120.0,72.0,-32.0,0.19144934382440293,0.4,2
122.0,48.0,-50.0,0.19144934382440293,0.4,2
122.0,48.0,-48.0,0.19144934382440293,0.4,2
122.0,48.0,-46.0,0.19144934382440293,0.4,2
122.0,48.0,-44.0,0.19144934382440293,0.4,2
122.0,48.0,-42.0,0.19144934382440293,0.4,2
122.0,48.0,-40.0,0.19144934382440293,0.4,2
122.0,50.0,-50.0,0.19144934382440293,0.4,2
122.0,50.0,-48.0,0.19144934382440293,0.4,2
122.0,50.0,-46.0,0.19144934382440293,0.4,2
122.0,50.0,-44.0,0.19144934382440293,0.4,2
122.0,50.0,-42.0,0.19144934382440293,0.4,2
122.0,50.0,-40.0,0.19144934382440293,0.4,2
122.0,52.0,-48.0,0.19144934382440293,0.4,2
122.0,52.0,-46.0,0.19144934382440293,0.4,2
122.0,52.0,-44.0,0.19144934382440293,0.4,2
122.0,52.0,-42.0,0.19144934382440293,0.4,2
122.0,52.0,-40.0,0.19144934382440293,0.4,2
122.0,54.0,-48.0,0.19144934382440293,0.4,2
122.0,54.0,-46.0,0.19144934382440293,0.4,2
122.0,54.0,-44.0,0.19144934382440293,0.4,2
122.0,54.0,-42.0,0.19144934382440293,0.4,2
122.0,54.0,-40.0,0.19144934382440293,0.4,2
122.0,56.0,-48.0,0.19144934382440293,0.4,2
122.0,56.0,-46.0,0.19144934382440293,0.4,2
122.0,56.0,-44.0,0.19144934382440293,0.4,2
122.0,56.0,-42.0,0.19144934382440293,0.4,2
122.0,56.0,-40.0,0.19144934382440293,0.4,2
122.0,58.0,-46.0,0.19144934382440293,0.4,2
122.0,58.0,-44.0,0.19144934382440293,0.4,2
122.0,58.0,-42.0,0.19144934382440293,0.4,2
122.0,58.0,-40.0,0.19144934382440293,0.4,2
122.0,60.0,-46.0,0.19144934382440293,0.4,2
122.0,60.0,-44.0,0.19144934382440293,0.4,2
122.0,60.0,-42.0,0.19144934382440293,0.4,2
122.0,60.0,-40.0,0.19144934382440293,0.4,2
122.0,62.0,-46.0,0.19144934382440293,0.4,2
122.0,62.0,-44.0,0.19144934382440293,0.4,2
122.0,62.0,-42.0,0.19144934382440293,0.4,2
122.0,62.0,-40.0,0.19144934382440293,0.4,2
122.0,64.0,-38.0,0.19144934382440293,0.4,2
122.0,64.0,-36.0,0.19144934382440293,0.4,2
122.0,64.0,-34.0,0.19144934382440293,0.4,2
122.0,64.0,-32.0,0.19144934382440293,0.4,2
122.0,66.0,-38.0,0.19144934382440293,0.4,2
122.0,66.0,-36.0,0.19144934382440293,0.4,2
122.0,66.0,-34.0,0.19144934382440293,0.4,2
122.0,66.0,-32.0,0.19144934382440293,0.4,2
122.0,68.0,-38.0,0.19144934382440293,0.4,2
122.0,68.0,-36.0,0.19144934382440293,0.4,2
122.0,68.0,-34.0,0.19144934382440293,0.4,2
122.0,68.0,-32.0,0.19144934382440293,0.4,2
122.0,70.0,-38.0,0.19144934382440293,0.4,2
122.0,70.0,-36.0,0.19144934382440293,0.4,2
122.0,70.0,-34.0,0.19144934382440293,0.4,2
122.0,70.0,-32.0,0.19144934382440293,0.4,2
122.0,72.0,-38.0,0.19144934382440293,0.4,2
122.0,72.0,-36.0,0.19144934382440293,0.4,2
122.0,72.0,-34.0,0.19144934382440293,0.4,2
122.0,72.0,-32.0,0.19144934382440293,0.4,2
124.0,48.0,-48.0,0.19144934382440293,0.4,2
124.0,48.0,-46.0,0.19144934382440293,0.4,2
124.0,48.0,-44.0,0.19144934382440293,0.4,2
124.0,48.0,-42.0,0.19144934382440293,0.4,2
124.0,48.0,-40.0,0.19144934382440293,0.4,2
124.0,50.0,-48.0,0.19144934382440293,0.4,2
124.0,50.0,-46.0,0.19144934382440293,0.4,2
124.0,50.0,-44.0,0.19144934382440293,0.4,2
124.0,50.0,-42.0,0.19144934382440293,0.4,2
124.0,50.0,-40.0,0.19144934382440293,0.4,2
124.0,52.0,-48.0,0.19144934382440293,0.4,2
124.0,52.0,-46.0,0.19144934382440293,0.4,2
124.0,52.0,-44.0,0.19144934382440293,0.4,2
124.0,52.0,-42.0,0.19144934382440293,0.4,2
124.0,52.0,-40.0,0.19144934382440293,0.4,2
124.0,52.0,-38.0,0.19144934382440293,0.4,2
124.0,54.0,-48.0,0.19144934382440293,0.4,2
124.0,54.0,-46.0,0.19144934382440293,0.4,2
124.0,54.0,-44.0,0.19144934382440293,0.4,2
124.0,54.0,-42.0,0.19144934382440293,0.4,2
124.0,54.0,-40.0,0.19144934382440293,0.4,2
124.0,54.0,-38.0,0.19144934382440293,0.4,2
124.0,56.0,-46.0,0.19144934382440293,0.4,2
124.0,56.0,-44.0,0.19144934382440293,0.4,2
124.0,56.0,-42.0,0.19144934382440293,0.4,2
124.0,56.0,-40.0,0.19144934382440293,0.4,2
124.0,56.0,-38.0,0.19144934382440293,0.4,2
124.0,58.0,-46.0,0.19144934382440293,0.4,2
124.0,58.0,-44.0,0.19144934382440293,0.4,2
124.0,58.0,-42.0,0.19144934382440293,0.4,2
124.0,58.0,-40.0,0.19144934382440293,0.4,2
124.0,58.0,-38.0,0.19144934382440293,0.4,2
124.0,60.0,-46.0,0.19144934382440293,0.4,2
124.0,60.0,-44.0,0.19144934382440293,0.4,2
124.0,60.0,-42.0,0.19144934382440293,0.4,2
124.0,60.0,-40.0,0.19144934382440293,0.4,2
124.0,60.0,-38.0,0.19144934382440293,0.4,2
124.0,62.0,-36.0,0.19144934382440293,0.4,2
124.0,62.0,-34.0,0.19144934382440293,0.4,2
124.0,62.0,-32.0,0.19144934382440293,0.4,2
124.0,64.0,-36.0,0.19144934382440293,0.4,2
124.0,64.0,-34.0,0.19144934382440293,0.4,2
124.0,64.0,-32.0,0.19144934382440293,0.4,2
124.0,66.0,-36.0,0.19144934382440293,0.4,2
124.0,66.0,-34.0,0.19144934382440293,0.4,2
124.0,66.0,-32.0,0.19144934382440293,0.4,2
124.0,68.0,-36.0,0.19144934382440293,0.4,2
124.0,68.0,-34.0,0.19144934382440293,0.4,2
124.0,68.0,-32.0,0.19144934382440293,0.4,2
124.0,70.0,-36.0,0.19144934382440293,0.4,2
124.0,70.0,-34.0,0.19144934382440293,0.4,2
124.0,70.0,-32.0,0.19144934382440293,0.4,2
124.0,72.0,-36.0,0.19144934382440293,0.4,2
124.0,72.0,-34.0,0.19144934382440293,0.4,2
124.0,72.0,-32.0,0.19144934382440293,0.4,2
126.0,48.0,-48.0,0.19144934382440293,0.4,2
126.0,48.0,-46.0,0.19144934382440293,0.4,2
126.0,48.0,-44.0,0.19144934382440293,0.4,2
126.0,48.0,-42.0,0.19144934382440293,0.4,2
126.0,48.0,-40.0,0.19144934382440293,0.4,2
126.0,48.0,-38.0,0.19144934382440293,0.4,2
126.0,50.0,-48.0,0.19144934382440293,0.4,2
126.0,50.0,-46.0,0.19144934382440293,0.4,2
126.0,50.0,-44.0,0.19144934382440293,0.4,2
126.0,50.0,-42.0,0.19144934382440293,0.4,2
126.0,50.0,-40.0,0.19144934382440293,0.4,2
126.0,50.0,-38.0,0.19144934382440293,0.4,2
126.0,52.0,-46.0,0.19144934382440293,0.4,2
126.0,52.0,-44.0,0.19144934382440293,0.4,2
126.0,52.0,-42.0,0.19144934382440293,0.4,2
126.0,52.0,-40.0,0.19144934382440293,0.4,2
126.0,52.0,-38.0,0.19144934382440293,0.4,2
126.0,54.0,-46.0,0.19144934382440293,0.4,2
126.0,54.0,-44.0,0.19144934382440293,0.4,2
126.0,54.0,-42.0,0.19144934382440293,0.4,2
126.0,54.0,-40.0,0.19144934382440293,0.4,2
126.0,54.0,-38.0,0.19144934382440293,0.4,2
126.0,56.0,-46.0,0.19144934382440293,0.4,2
126.0,56.0,-44.0,0.19144934382440293,0.4,2
126.0,56.0,-42.0,0.19144934382440293,0.4,2
126.0,56.0,-40.0,0.19144934382440293,0.4,2
126.0,56.0,-38.0,0.19144934382440293,0.4,2
126.0,58.0,-46.0,0.19144934382440293,0.4,2
126.0,58.0,-44.0,0.19144934382440293,0.4,2
126.0,58.0,-42.0,0.19144934382440293,0.4,2
126.0,58.0,-40.0,0.19144934382440293,0.4,2
126.0,58.0,-38.0,0.19144934382440293,0.4,2
126.0,60.0,-36.0,0.19144934382440293,0.4,2
126.0,60.0,-34.0,0.19144934382440293,0.4,2
126.0,60.0,-32.0,0.19144934382440293,0.4,2
126.0,62.0,-36.0,0.19144934382440293,0.4,2
126.0,62.0,-34.0,0.19144934382440293,0.4,2
126.0,62.0,-32.0,0.19144934382440293,0.4,2
126.0,64.0,-36.0,0.19144934382440293,0.4,2
126.0,64.0,-34.0,0.19144934382440293,0.4,2
126.0,64.0,-32.0,0.19144934382440293,0.4,2
126.0,66.0,-36.0,0.19144934382440293,0.4,2
126.0,66.0,-34.0,0.19144934382440293,0.4,2
126.0,66.0,-32.0,0.19144934382440293,0.4,2
126.0,68.0,-36.0,0.19144934382440293,0.4,2
126.0,68.0,-34.0,0.19144934382440293,0.4,2
126.0,68.0,-32.0,0.19144934382440293,0.4,2
126.0,70.0,-36.0,0.19144934382440293,0.4,2
126.0,70.0,-34.0,0.19144934382440293,0.4,2
126.0,70.0,-32.0,0.19144934382440293,0.4,2
126.0,72.0,-36.0,0.19144934382440293,0.4,2
126.0,72.0,-34.0,0.19144934382440293,0.4,2
126.0,72.0,-32.0,0.19144934382440293,0.4,2
128.0,48.0,-46.0,0.19144934382440293,0.4,2
128.0,48.0,-44.0,0.19144934382440293,0.4,2
128.0,48.0,-42.0,0.19144934382440293,0.4,2
128.0,48.0,-40.0,0.19144934382440293,0.4,2
128.0,48.0,-38.0,0.19144934382440293,0.4,2
128.0,48.0,-36.0,0.19144934382440293,0.4,2
128.0,50.0,-46.0,0.19144934382440293,0.4,2
128.0,50.0,-44.0,0.19144934382440293,0.4,2
128.0,50.0,-42.0,0.19144934382440293,0.4,2
128.0,50.0,-40.0,0.19144934382440293,0.4,2
128.0,50.0,-38.0,0.19144934382440293,0.4,2
128.0,50.0,-36.0,0.19144934382440293,0.4,2
128.0,52.0,-46.0,0.19144934382440293,0.4,2
128.0,52.0,-44.0,0.19144934382440293,0.4,2
128.0,52.0,-42.0,0.19144934382440293,0.4,2
128.0,52.0,-40.0,0.19144934382440293,0.4,2
128.0,52.0,-38.0,0.19144934382440293,0.4,2
128.0,52.0,-36.0,0.19144934382440293,0.4,2
128.0,54.0,-46.0,0.19144934382440293,0.4,2
128.0,54.0,-44.0,0.19144934382440293,0.4,2
128.0,54.0,-42.0,0.19144934382440293,0.4,2
128.0,54.0,-40.0,0.19144934382440293,0.4,2
128.0,54.0,-38.0,0.19144934382440293,0.4,2
128.0,54.0,-36.0,0.19144934382440293,0.4,2
128.0,56.0,-46.0,0.19144934382440293,0.4,2
128.0,56.0,-44.0,0.19144934382440293,0.4,2
128.0,56.0,-42.0,0.19144934382440293,0.4,2
128.0,56.0,-40.0,0.19144934382440293,0.4,2
128.0,56.0,-38.0,0.19144934382440293,0.4,2
128.0,56.0,-36.0,0.19144934382440293,0.4,2
128.0,58.0,-44.0,0.19144934382440293,0.4,2
128.0,58.0,-42.0,0.19144934382440293,0.4,2
128.0,58.0,-40.0,0.19144934382440293,0.4,2
128.0,58.0,-38.0,0.19144934382440293,0.4,2
128.0,58.0,-36.0,0.19144934382440293,0.4,2
128.0,60.0,-34.0,0.19144934382440293,0.4,2
128.0,60.0,-32.0,0.19144934382440293,0.4,2
128.0,62.0,-34.0,0.19144934382440293,0.4,2
128.0,62.0,-32.0,0.19144934382440293,0.4,2
128.0,64.0,-34.0,0.19144934382440293,0.4,2
128.0,64.0,-32.0,0.19144934382440293,0.4,2
128.0,66.0,-34.0,0.19144934382440293,0.4,2
128.0,66.0,-32.0,0.19144934382440293,0.4,2
128.0,68.0,-34.0,0.19144934382440293,0.4,2
128.0,68.0,-32.0,0.19144934382440293,0.4,2
128.0,70.0,-36.0,0.19144934382440293,0.4,2
128.0,70.0,-34.0,0.19144934382440293,0.4,2
128.0,70.0,-32.0,0.19144934382440293,0.4,2
128.0,72.0,-36.0,0.19144934382440293,0.4,2
128.0,72.0,-34.0,0.19144934382440293,0.4,2
128.0,72.0,-32.0,0.19144934382440293,0.4,2
130.0,48.0,-46.0,0.19144934382440293,0.4,2
130.0,48.0,-44.0,0.19144934382440293,0.4,2
130.0,48.0,-42.0,0.19144934382440293,0.4,2
130.0,48.0,-40.0,0.19144934382440293,0.4,2
130.0,48.0,-38.0,0.19144934382440293,0.4,2
130.0,48.0,-36.0,0.19144934382440293,0.4,2
130.0,50.0,-46.0,0.19144934382440293,0.4,2
130.0,50.0,-44.0,0.19144934382440293,0.4,2
130.0,50.0,-42.0,0.19144934382440293,0.4,2
130.0,50.0,-40.0,0.19144934382440293,0.4,2
130.0,50.0,-38.0,0.19144934382440293,0.4,2
130.0,50.0,-36.0,0.19144934382440293,0.4,2
130.0,52.0,-44.0,0.19144934382440293,0.4,2
130.0,52.0,-42.0,0.19144934382440293,0.4,2
130.0,52.0,-40.0,0.19144934382440293,0.4,2
130.0,52.0,-38.0,0.19144934382440293,0.4,2
130.0,52.0,-36.0,0.19144934382440293,0.4,2
130.0,54.0,-44.0,0.19144934382440293,0.4,2
130.0,54.0,-42.0,0.19144934382440293,0.4,2
130.0,54.0,-40.0,0.19144934382440293,0.4,2
130.0,54.0,-38.0,0.19144934382440293,0.4,2
130.0,54.0,-36.0,0.19144934382440293,0.4,2
130.0,56.0,-44.0,0.19144934382440293,0.4,2
130.0,56.0,-42.0,0.19144934382440293,0.4,2
130.0,56.0,-40.0,0.19144934382440293,0.4,2
130.0,56.0,-38.0,0.19144934382440293,0.4,2
130.0,56.0,-36.0,0.19144934382440293,0.4,2
130.0,58.0,-34.0,0.19144934382440293,0.4,2
130.0,58.0,-32.0,0.19144934382440293,0.4,2
130.0,60.0,-34.0,0.19144934382440293,0.4,2
130.0,60.0,-32.0,0.19144934382440293,0.4,2
130.0,62.0,-34.0,0.19144934382440293,0.4,2
130.0,62.0,-32.0,0.19144934382440293,0.4,2
130.0,64.0,-34.0,0.19144934382440293,0.4,2
130.0,64.0,-32.0,0.19144934382440293,0.4,2
130.0,66.0,-34.0,0.19144934382440293,0.4,2
130.0,66.0,-32.0,0.19144934382440293,0.4,2
130.0,68.0,-34.0,0.19144934382440293,0.4,2
130.0,68.0,-32.0,0.19144934382440293,0.4,2
130.0,70.0,-34.0,0.19144934382440293,0.4,2
130.0,70.0,-32.0,0.19144934382440293,0.4,2
130.0,72.0,-34.0,0.19144934382440293,0.4,2
130.0,72.0,-32.0,0.19144934382440293,0.4,2
132.0,48.0,-44.0,0.19144934382440293,0.4,2
132.0,48.0,-42.0,0.19144934382440293,0.4,2
132.0,48.0,-40.0,0.19144934382440293,0.4,2
132.0,48.0,-38.0,0.19144934382440293,0.4,2
132.0,48.0,-36.0,0.19144934382440293,0.4,2
132.0,48.0,-34.0,0.19144934382440293,0.4,2
132.0,50.0,-44.0,0.19144934382440293,0.4,2
132.0,50.0,-42.0,0.19144934382440293,0.4,2
132.0,50.0,-40.0,0.19144934382440293,0.4,2
132.0,50.0,-38.0,0.19144934382440293,0.4,2
132.0,50.0,-36.0,0.19144934382440293,0.4,2
132.0,50.0,-34.0,0.19144934382440293,0.4,2
132.0,52.0,-44.0,0.19144934382440293,0.4,2
132.0,52.0,-42.0,0.19144934382440293,0.4,2
132.0,52.0,-40.0,0.19144934382440293,0.4,2
132.0,52.0,-38.0,0.19144934382440293,0.4,2
132.0,52.0,-36.0,0.19144934382440293,0.4,2
132.0,52.0,-34.0,0.19144934382440293,0.4,2
132.0,54.0,-44.0,0.19144934382440293,0.4,2
132.0,54.0,-42.0,0.19144934382440293,0.4,2
132.0,54.0,-40.0,0.19144934382440293,0.4,2
132.0,54.0,-38.0,0.19144934382440293,0.4,2
132.0,54.0,-36.0,0.19144934382440293,0.4,2
132.0,54.0,-34.0,0.19144934382440293,0.4,2
132.0,56.0,-44.0,0.19144934382440293,0.4,2
132.0,56.0,-42.0,0.19144934382440293,0.4,2
132.0,56.0,-40.0,0.19144934382440293,0.4,2
132.0,56.0,-38.0,0.19144934382440293,0.4,2
132.0,56.0,-36.0,0.19144934382440293,0.4,2
132.0,56.0,-34.0,0.19144934382440293,0.4,2
132.0,58.0,-32.0,0.19144934382440293,0.4,2
132.0,60.0,-32.0,0.19144934382440293,0.4,2
132.0,62.0,-32.0,0.19144934382440293,0.4,2
132.0,64.0,-32.0,0.19144934382440293,0.4,2
132.0,66.0,-32.0,0.19144934382440293,0.4,2
132.0,68.0,-32.0,0.19144934382440293,0.4,2
132.0,70.0,-34.0,0.19144934382440293,0.4,2
132.0,70.0,-32.0,0.19144934382440293,0.4,2
132.0,72.0,-34.0,0.19144934382440293,0.4,2
132.0,72.0,-32.0,0.19144934382440293,0.4,2
134.0,48.0,-44.0,0.19144934382440293,0.4,2
134.0,48.0,-42.0,0.19144934382440293,0.4,2
134.0,48.0,-40.0,0.19144934382440293,0.4,2
134.0,48.0,-38.0,0.19144934382440293,0.4,2
134.0,48.0,-36.0,0.19144934382440293,0.4,2
134.0,48.0,-34.0,0.19144934382440293,0.4,2
134.0,50.0,-44.0,0.19144934382440293,0.4,2
134.0,50.0,-42.0,0.19144934382440293,0.4,2
134.0,50.0,-40.0,0.19144934382440293,0.4,2
134.0,50.0,-38.0,0.19144934382440293,0.4,2
134.0,50.0,-36.0,0.19144934382440293,0.4,2
134.0,50.0,-34.0,0.19144934382440293,0.4,2
134.0,52.0,-44.0,0.19144934382440293,0.4,2
134.0,52.0,-42.0,0.19144934382440293,0.4,2
134.0,52.0,-40.0,0.19144934382440293,0.4,2
134.0,52.0,-38.0,0.19144934382440293,0.4,2
134.0,52.0,-36.0,0.19144934382440293,0.4,2
134.0,52.0,-34.0,0.19144934382440293,0.4,2
134.0,54.0,-42.0,0.19144934382440293,0.4,2
134.0,54.0,-40.0,0.19144934382440293,0.4,2
134.0,54.0,-38.0,0.19144934382440293,0.4,2
134.0,54.0,-36.0,0.19144934382440293,0.4,2
134.0,54.0,-34.0,0.19144934382440293,0.4,2
134.0,56.0,-32.0,0.19144934382440293,0.4,2
134.0,58.0,-32.0,0.19144934382440293,0.4,2
134.0,60.0,-32.0,0.19144934382440293,0.4,2
134.0,62.0,-32.0,0.19144934382440293,0.4,2
134.0,64.0,-32.0,0.19144934382440293,0.4,2
134.0,66.0,-32.0,0.19144934382440293,0.4,2
134.0,68.0,-32.0,0.19144934382440293,0.4,2
134.0,70.0,-32.0,0.19144934382440293,0.4,2
136.0,48.0,-42.0,0.19144934382440293,0.4,2
136.0,48.0,-40.0,0.19144934382440293,0.4,2
136.0,48.0,-38.0,0.19144934382440293,0.4,2
136.0,48.0,-36.0,0.19144934382440293,0.4,2
136.0,48.0,-34.0,0.19144934382440293,0.4,2
136.0,48.0,-32.0,0.19144934382440293,0.4,2
136.0,50.0,-42.0,0.19144934382440293,0.4,2
136.0,50.0,-40.0,0.19144934382440293,0.4,2
136.0,50.0,-38.0,0.19144934382440293,0.4,2
136.0,50.0,-36.0,0.19144934382440293,0.4,2
136.0,50.0,-34.0,0.19144934382440293,0.4,2
136.0,50.0,-32.0,0.19144934382440293,0.4,2
136.0,52.0,-42.0,0.19144934382440293,0.4,2
136.0,52.0,-40.0,0.19144934382440293,0.4,2
136.0,52.0,-38.0,0.19144934382440293,0.4,2
136.0,52.0,-36.0,0.19144934382440293,0.4,2
136.0,52.0,-34.0,0.19144934382440293,0.4,2
136.0,52.0,-32.0,0.19144934382440293,0.4,2
136.0,54.0,-42.0,0.19144934382440293,0.4,2
136.0,54.0,-40.0,0.19144934382440293,0.4,2
136.0,54.0,-38.0,0.19144934382440293,0.4,2
136.0,54.0,-36.0,0.19144934382440293,0.4,2
136.0,54.0,-34.0,0.19144934382440293,0.4,2
136.0,54.0,-32.0,0.19144934382440293,0.4,2
138.0,48.0,-42.0,0.19144934382440293,0.4,2
138.0,48.0,-40.0,0.19144934382440293,0.4,2
138.0,48.0,-38.0,0.19144934382440293,0.4,2
138.0,48.0,-36.0,0.19144934382440293,0.4,2
138.0,48.0,-34.0,0.19144934382440293,0.4,2
138.0,48.0,-32.0,0.19144934382440293,0.4,2
138.0,50.0,-42.0,0.19144934382440293,0.4,2
138.0,50.0,-40.0,0.19144934382440293,0.4,2
138.0,50.0,-38.0,0.19144934382440293,0.4,2
138.0,50.0,-36.0,0.19144934382440293,0.4,2
138.0,50.0,-34.0,0.19144934382440293,0.4,2
138.0,50.0,-32.0,0.19144934382440293,0.4,2
138.0,52.0,-42.0,0.19144934382440293,0.4,2
138.0,52.0,-40.0,0.19144934382440293,0.4,2
138.0,52.0,-38.0,0.19144934382440293,0.4,2
138.0,52.0,-36.0,0.19144934382440293,0.4,2
138.0,52.0,-34.0,0.19144934382440293,0.4,2
138.0,52.0,-32.0,0.19144934382440293,0.4,2
140.0,48.0,-40.0,0.19144934382440293,0.4,2
140.0,48.0,-38.0,0.19144934382440293,0.4,2
140.0,48.0,-36.0,0.19144934382440293,0.4,2
140.0,48.0,-34.0,0.19144934382440293,0.4,2
140.0,48.0,-32.0,0.19144934382440293,0.4,2
140.0,50.0,-40.0,0.19144934382440293,0.4,2
140.0,50.0,-38.0,0.19144934382440293,0.4,2
140.0,50.0,-36.0,0.19144934382440293,0.4,2
140.0,50.0,-34.0,0.19144934382440293,0.4,2
140.0,50.0,-32.0,0.19144934382440293,0.4,2
140.0,52.0,-40.0,0.19144934382440293,0.4,2
140.0,52.0,-38.0,0.19144934382440293,0.4,2
140.0,52.0,-36.0,0.19144934382440293,0.4,2
140.0,52.0,-34.0,0.19144934382440293,0.4,2
140.0,52.0,-32.0,0.19144934382440293,0.4,2
142.0,48.0,-36.0,0.19144934382440293,0.4,2
142.0,48.0,-34.0,0.19144934382440293,0.4,2
142.0,48.0,-32.0,0.19144934382440293,0.4,2
142.0,50.0,-40.0,0.19144934382440293,0.4,2
142.0,50.0,-38.0,0.19144934382440293,0.4,2
142.0,50.0,-36.0,0.19144934382440293,0.4,2
142.0,50.0,-34.0,0.19144934382440293,0.4,2
142.0,50.0,-32.0,0.19144934382440293,0.4,2
118.0,68.0,-30.0,0.19144934382440293,0.4,2
118.0,68.0,-28.0,0.19144934382440293,0.4,2
118.0,68.0,-26.0,0.19144934382440293,0.4,2
118.0,68.0,-24.0,0.19144934382440293,0.4,2
118.0,68.0,-22.0,0.19144934382440293,0.4,2
118.0,70.0,-30.0,0.19144934382440293,0.4,2
118.0,70.0,-28.0,0.19144934382440293,0.4,2
118.0,70.0,-26.0,0.19144934382440293,0.4,2
118.0,70.0,-24.0,0.19144934382440293,0.4,2
118.0,70.0,-22.0,0.19144934382440293,0.4,2
118.0,72.0,-30.0,0.19144934382440293,0.4,2
118.0,72.0,-28.0,0.19144934382440293,0.4,2
118.0,72.0,-26.0,0.19144934382440293,0.4,2
118.0,72.0,-24.0,0.19144934382440293,0.4,2
118.0,72.0,-22.0,0.19144934382440293,0.4,2
118.0,74.0,-40.0,0.19144934382440293,0.4,2
118.0,74.0,-38.0,0.19144934382440293,0.4,2
118.0,74.0,-36.0,0.19144934382440293,0.4,2
118.0,74.0,-34.0,0.19144934382440293,0.4,2
118.0,74.0,-32.0,0.19144934382440293,0.4,2
118.0,74.0,-30.0,0.19144934382440293,0.4,2
118.0,74.0,-28.0,0.19144934382440293,0.4,2
118.0,74.0,-26.0,0.19144934382440293,0.4,2
118.0,74.0,-24.0,0.19144934382440293,0.4,2
118.0,74.0,-22.0,0.19144934382440293,0.4,2
118.0,76.0,-40.0,0.19144934382440293,0.4,2
118.0,76.0,-38.0,0.19144934382440293,0.4,2
118.0,76.0,-36.0,0.19144934382440293,0.4,2
118.0,76.0,-34.0,0.19144934382440293,0.4,2
118.0,76.0,-32.0,0.19144934382440293,0.4,2
118.0,76.0,-30.0,0.19144934382440293,0.4,2
118.0,76.0,-28.0,0.19144934382440293,0.4,2
118.0,76.0,-26.0,0.19144934382440293,0.4,2
118.0,76.0,-24.0,0.19144934382440293,0.4,2
118.0,76.0,-22.0,0.19144934382440293,0.4,2
118.0,78.0,-40.0,0.19144934382440293,0.4,2
118.0,78.0,-38.0,0.19144934382440293,0.4,2
118.0,78.0,-36.0,0.19144934382440293,0.4,2
118.0,78.0,-34.0,0.19144934382440293,0.4,2
118.0,78.0,-32.0,0.19144934382440293,0.4,2
118.0,78.0,-30.0,0.19144934382440293,0.4,2
118.0,78.0,-28.0,0.19144934382440293,0.4,2
118.0,78.0,-26.0,0.19144934382440293,0.4,2
118.0,78.0,-24.0,0.19144934382440293,0.4,2
118.0,78.0,-22.0,0.19144934382440293,0.4,2
118.0,80.0,-40.0,0.19144934382440293,0.4,2
118.0,80.0,-38.0,0.19144934382440293,0.4,2
118.0,80.0,-36.0,0.19144934382440293,0.4,2
118.0,80.0,-34.0,0.19144934382440293,0.4,2
118.0,80.0,-32.0,0.19144934382440293,0.4,2
118.0,80.0,-30.0,0.19144934382440293,0.4,2
118.0,80.0,-28.0,0.19144934382440293,0.4,2
118.0,80.0,-26.0,0.19144934382440293,0.4,2
118.0,80.0,-24.0,0.19144934382440293,0.4,2
118.0,80.0,-22.0,0.19144934382440293,0.4,2
118.0,82.0,-40.0,0.19144934382440293,0.4,2
118.0,82.0,-38.0,0.19144934382440293,0.4,2
118.0,82.0,-36.0,0.19144934382440293,0.4,2
118.0,82.0,-34.0,0.19144934382440293,0.4,2
118.0,82.0,-32.0,0.19144934382440293,0.4,2
118.0,82.0,-30.0,0.19144934382440293,0.4,2
118.0,82.0,-28.0,0.19144934382440293,0.4,2
118.0,82.0,-26.0,0.19144934382440293,0.4,2
118.0,82.0,-24.0,0.19144934382440293,0.4,2
118.0,82.0,-22.0,0.19144934382440293,0.4,2
118.0,84.0,-38.0,0.19144934382440293,0.4,2
118.0,84.0,-36.0,0.19144934382440293,0.4,2
118.0,84.0,-34.0,0.19144934382440293,0.4,2
118.0,84.0,-32.0,0.19144934382440293,0.4,2
118.0,84.0,-30.0,0.19144934382440293,0.4,2
118.0,84.0,-28.0,0.19144934382440293,0.4,2
118.0,84.0,-26.0,0.19144934382440293,0.4,2
118.0,84.0,-24.0,0.19144934382440293,0.4,2
118.0,84.0,-22.0,0.19144934382440293,0.4,2
118.0,86.0,-38.0,0.19144934382440293,0.4,2
118.0,86.0,-36.0,0.19144934382440293,0.4,2
118.0,86.0,-34.0,0.19144934382440293,0.4,2
118.0,86.0,-32.0,0.19144934382440293,0.4,2
118.0,86.0,-30.0,0.19144934382440293,0.4,2
118.0,86.0,-28.0,0.19144934382440293,0.4,2
118.0,86.0,-26.0,0.19144934382440293,0.4,2
118.0,86.0,-24.0,0.19144934382440293,0.4,2
118.0,86.0,-22.0,0.19144934382440293,0.4,2
120.0,68.0,-30.0,0.19144934382440293,0.4,2
120.0,68.0,-28.0,0.19144934382440293,0.4,2
120.0,68.0,-26.0,0.19144934382440293,0.4,2
120.0,68.0,-24.0,0.19144934382440293,0.4,2
120.0,68.0,-22.0,0.19144934382440293,0.4,2
120.0,70.0,-30.0,0.19144934382440293,0.4,2
120.0,70.0,-28.0,0.19144934382440293,0.4,2
120.0,70.0,-26.0,0.19144934382440293,0.4,2
120.0,70.0,-24.0,0.19144934382440293,0.4,2
120.0,70.0,-22.0,0.19144934382440293,0.4,2
120.0,72.0,-30.0,0.19144934382440293,0.4,2
120.0,72.0,-28.0,0.19144934382440293,0.4,2
120.0,72.0,-26.0,0.19144934382440293,0.4,2
120.0,72.0,-24.0,0.19144934382440293,0.4,2
120.0,72.0,-22.0,0.19144934382440293,0.4,2
120.0,74.0,-38.0,0.19144934382440293,0.4,2
120.0,74.0,-36.0,0.19144934382440293,0.4,2
120.0,74.0,-34.0,0.19144934382440293,0.4,2
120.0,74.0,-32.0,0.19144934382440293,0.4,2
120.0,74.0,-30.0,0.19144934382440293,0.4,2
120.0,74.0,-28.0,0.19144934382440293,0.4,2
120.0,74.0,-26.0,0.19144934382440293,0.4,2
120.0,74.0,-24.0,0.19144934382440293,0.4,2
120.0,74.0,-22.0,0.19144934382440293,0.4,2
120.0,76.0,-38.0,0.19144934382440293,0.4,2
120.0,76.0,-36.0,0.19144934382440293,0.4,2
120.0,76.0,-34.0,0.19144934382440293,0.4,2
120.0,76.0,-32.0,0.19144934382440293,0.4,2
120.0,76.0,-30.0,0.19144934382440293,0.4,2
120.0,76.0,-28.0,0.19144934382440293,0.4,2
120.0,76.0,-26.0,0.19144934382440293,0.4,2
120.0,76.0,-24.0,0.19144934382440293,0.4,2
120.0,76.0,-22.0,0.19144934382440293,0.4,2
120.0,78.0,-40.0,0.19144934382440293,0.4,2
120.0,78.0,-38.0,0.19144934382440293,0.4,2
120.0,78.0,-36.0,0.19144934382440293,0.4,2
120.0,78.0,-34.0,0.19144934382440293,0.4,2
120.0,78.0,-32.0,0.19144934382440293,0.4,2
120.0,78.0,-30.0,0.19144934382440293,0.4,2
120.0,78.0,-28.0,0.19144934382440293,0.4,2
120.0,78.0,-26.0,0.19144934382440293,0.4,2
120.0,78.0,-24.0,0.19144934382440293,0.4,2
120.0,78.0,-22.0,0.19144934382440293,0.4,2
120.0,80.0,-40.0,0.19144934382440293,0.4,2
120.0,80.0,-38.0,0.19144934382440293,0.4,2
120.0,80.0,-36.0,0.19144934382440293,0.4,2
120.0,80.0,-34.0,0.19144934382440293,0.4,2
120.0,80.0,-32.0,0.19144934382440293,0.4,2
120.0,80.0,-30.0,0.19144934382440293,0.4,2
120.0,80.0,-28.0,0.19144934382440293,0.4,2
120.0,80.0,-26.0,0.19144934382440293,0.4,2
120.0,80.0,-24.0,0.19144934382440293,0.4,2
120.0,80.0,-22.0,0.19144934382440293,0.4,2
120.0,82.0,-40.0,0.19144934382440293,0.4,2
120.0,82.0,-38.0,0.19144934382440293,0.4,2
120.0,82.0,-36.0,0.19144934382440293,0.4,2
120.0,82.0,-34.0,0.19144934382440293,0.4,2
120.0,82.0,-32.0,0.19144934382440293,0.4,2
120.0,82.0,-30.0,0.19144934382440293,0.4,2
120.0,82.0,-28.0,0.19144934382440293,0.4,2
120.0,82.0,-26.0,0.19144934382440293,0.4,2
120.0,82.0,-24.0,0.19144934382440293,0.4,2
120.0,82.0,-22.0,0.19144934382440293,0.4,2
120.0,84.0,-40.0,0.19144934382440293,0.4,2
120.0,84.0,-38.0,0.19144934382440293,0.4,2
120.0,84.0,-36.0,0.19144934382440293,0.4,2
120.0,84.0,-34.0,0.19144934382440293,0.4,2
120.0,84.0,-32.0,0.19144934382440293,0.4,2
120.0,84.0,-30.0,0.19144934382440293,0.4,2
120.0,84.0,-28.0,0.19144934382440293,0.4,2
120.0,84.0,-26.0,0.19144934382440293,0.4,2
120.0,84.0,-24.0,0.19144934382440293,0.4,2
120.0,84.0,-22.0,0.19144934382440293,0.4,2
122.0,68.0,-30.0,0.19144934382440293,0.4,2
122.0,68.0,-28.0,0.19144934382440293,0.4,2
122.0,68.0,-26.0,0.19144934382440293,0.4,2
122.0,68.0,-24.0,0.19144934382440293,0.4,2
122.0,68.0,-22.0,0.19144934382440293,0.4,2
122.0,70.0,-30.0,0.19144934382440293,0.4,2
122.0,70.0,-28.0,0.19144934382440293,0.4,2
122.0,70.0,-26.0,0.19144934382440293,0.4,2
122.0,70.0,-24.0,0.19144934382440293,0.4,2
122.0,70.0,-22.0,0.19144934382440293,0.4,2
122.0,72.0,-30.0,0.19144934382440293,0.4,2
122.0,72.0,-28.0,0.19144934382440293,0.4,2
122.0,72.0,-26.0,0.19144934382440293,0.4,2
122.0,72.0,-24.0,0.19144934382440293,0.4,2
122.0,72.0,-22.0,0.19144934382440293,0.4,2
122.0,74.0,-38.0,0.19144934382440293,0.4,2
122.0,74.0,-36.0,0.19144934382440293,0.4,2
122.0,74.0,-34.0,0.19144934382440293,0.4,2
122.0,74.0,-32.0,0.19144934382440293,0.4,2
122.0,74.0,-30.0,0.19144934382440293,0.4,2
122.0,74.0,-28.0,0.19144934382440293,0.4,2
122.0,74.0,-26.0,0.19144934382440293,0.4,2
122.0,74.0,-24.0,0.19144934382440293,0.4,2
122.0,74.0,-22.0,0.19144934382440293,0.4,2
122.0,76.0,-38.0,0.19144934382440293,0.4,2
122.0,76.0,-36.0,0.19144934382440293,0.4,2
122.0,76.0,-34.0,0.19144934382440293,0.4,2
122.0,76.0,-32.0,0.19144934382440293,0.4,2
122.0,76.0,-30.0,0.19144934382440293,0.4,2
122.0,76.0,-28.0,0.19144934382440293,0.4,2
122.0,76.0,-26.0,0.19144934382440293,0.4,2
122.0,76.0,-24.0,0.19144934382440293,0.4,2
122.0,76.0,-22.0,0.19144934382440293,0.4,2
122.0,78.0,-38.0,0.19144934382440293,0.4,2
122.0,78.0,-36.0,0.19144934382440293,0.4,2
122.0,78.0,-34.0,0.19144934382440293,0.4,2
122.0,78.0,-32.0,0.19144934382440293,0.4,2
122.0,78.0,-30.0,0.19144934382440293,0.4,2
122.0,78.0,-28.0,0.19144934382440293,0.4,2
122.0,78.0,-26.0,0.19144934382440293,0.4,2
122.0,78.0,-24.0,0.19144934382440293,0.4,2
122.0,78.0,-22.0,0.19144934382440293,0.4,2
122.0,80.0,-38.0,0.19144934382440293,0.4,2
122.0,80.0,-36.0,0.19144934382440293,0.4,2
122.0,80.0,-34.0,0.19144934382440293,0.4,2
122.0,80.0,-32.0,0.19144934382440293,0.4,2
122.0,80.0,-30.0,0.19144934382440293,0.4,2
122.0,80.0,-28.0,0.19144934382440293,0.4,2
122.0,80.0,-26.0,0.19144934382440293,0.4,2
122.0,80.0,-24.0,0.19144934382440293,0.4,2
122.0,80.0,-22.0,0.19144934382440293,0.4,2
124.0,68.0,-30.0,0.19144934382440293,0.4,2
124.0,68.0,-28.0,0.19144934382440293,0.4,2
124.0,68.0,-26.0,0.19144934382440293,0.4,2
124.0,68.0,-24.0,0.19144934382440293,0.4,2
124.0,68.0,-22.0,0.19144934382440293,0.4,2
124.0,70.0,-30.0,0.19144934382440293,0.4,2
124.0,70.0,-28.0,0.19144934382440293,0.4,2
124.0,70.0,-26.0,0.19144934382440293,0.4,2
124.0,70.0,-24.0,0.19144934382440293,0.4,2
124.0,70.0,-22.0,0.19144934382440293,0.4,2
124.0,72.0,-30.0,0.19144934382440293,0.4,2
124.0,72.0,-28.0,0.19144934382440293,0.4,2
124.0,72.0,-26.0,0.19144934382440293,0.4,2
124.0,72.0,-24.0,0.19144934382440293,0.4,2
124.0,72.0,-22.0,0.19144934382440293,0.4,2
124.0,74.0,-38.0,0.19144934382440293,0.4,2
124.0,74.0,-36.0,0.19144934382440293,0.4,2
124.0,74.0,-34.0,0.19144934382440293,0.4,2
124.0,74.0,-32.0,0.19144934382440293,0.4,2
124.0,74.0,-30.0,0.19144934382440293,0.4,2
124.0,74.0,-28.0,0.19144934382440293,0.4,2
124.0,74.0,-26.0,0.19144934382440293,0.4,2
124.0,74.0,-24.0,0.19144934382440293,0.4,2
124.0,74.0,-22.0,0.19144934382440293,0.4,2
124.0,76.0,-38.0,0.19144934382440293,0.4,2
124.0,76.0,-36.0,0.19144934382440293,0.4,2
124.0,76.0,-34.0,0.19144934382440293,0.4,2
124.0,76.0,-32.0,0.19144934382440293,0.4,2
124.0,76.0,-30.0,0.19144934382440293,0.4,2
124.0,76.0,-28.0,0.19144934382440293,0.4,2
124.0,76.0,-26.0,0.19144934382440293,0.4,2
124.0,76.0,-24.0,0.19144934382440293,0.4,2
124.0,76.0,-22.0,0.19144934382440293,0.4,2
124.0,78.0,-38.0,0.19144934382440293,0.4,2
124.0,78.0,-36.0,0.19144934382440293,0.4,2
124.0,78.0,-34.0,0.19144934382440293,0.4,2
124.0,78.0,-32.0,0.19144934382440293,0.4,2
124.0,78.0,-30.0,0.19144934382440293,0.4,2
124.0,78.0,-28.0,0.19144934382440293,0.4,2
124.0,78.0,-26.0,0.19144934382440293,0.4,2
124.0,78.0,-24.0,0.19144934382440293,0.4,2
124.0,78.0,-22.0,0.19144934382440293,0.4,2
124.0,80.0,-38.0,0.19144934382440293,0.4,2
124.0,80.0,-36.0,0.19144934382440293,0.4,2
124.0,80.0,-34.0,0.19144934382440293,0.4,2
124.0,80.0,-32.0,0.19144934382440293,0.4,2
124.0,80.0,-30.0,0.19144934382440293,0.4,2
124.0,80.0,-28.0,0.19144934382440293,0.4,2
124.0,80.0,-26.0,0.19144934382440293,0.4,2
124.0,80.0,-24.0,0.19144934382440293,0.4,2
124.0,80.0,-22.0,0.19144934382440293,0.4,2
126.0,68.0,-30.0,0.19144934382440293,0.4,2
126.0,68.0,-28.0,0.19144934382440293,0.4,2
126.0,68.0,-26.0,0.19144934382440293,0.4,2
126.0,68.0,-24.0,0.19144934382440293,0.4,2
126.0,68.0,-22.0,0.19144934382440293,0.4,2
126.0,70.0,-30.0,0.19144934382440293,0.4,2
126.0,70.0,-28.0,0.19144934382440293,0.4,2
126.0,70.0,-26.0,0.19144934382440293,0.4,2
126.0,70.0,-24.0,0.19144934382440293,0.4,2
126.0,70.0,-22.0,0.19144934382440293,0.4,2
126.0,72.0,-30.0,0.19144934382440293,0.4,2
126.0,72.0,-28.0,0.19144934382440293,0.4,2
126.0,72.0,-26.0,0.19144934382440293,0.4,2
126.0,72.0,-24.0,0.19144934382440293,0.4,2
126.0,72.0,-22.0,0.19144934382440293,0.4,2
126.0,74.0,-36.0,0.19144934382440293,0.4,2
126.0,74.0,-34.0,0.19144934382440293,0.4,2
126.0,74.0,-32.0,0.19144934382440293,0.4,2
126.0,74.0,-30.0,0.19144934382440293,0.4,2
126.0,74.0,-28.0,0.19144934382440293,0.4,2
126.0,74.0,-26.0,0.19144934382440293,0.4,2
126.0,74.0,-24.0,0.19144934382440293,0.4,2
126.0,74.0,-22.0,0.19144934382440293,0.4,2
126.0,76.0,-36.0,0.19144934382440293,0.4,2
126.0,76.0,-34.0,0.19144934382440293,0.4,2
126.0,76.0,-32.0,0.19144934382440293,0.4,2
126.0,76.0,-30.0,0.19144934382440293,0.4,2
126.0,76.0,-28.0,0.19144934382440293,0.4,2
126.0,76.0,-26.0,0.19144934382440293,0.4,2
126.0,76.0,-24.0,0.19144934382440293,0.4,2
126.0,76.0,-22.0,0.19144934382440293,0.4,2
126.0,78.0,-36.0,0.19144934382440293,0.4,2
126.0,78.0,-34.0,0.19144934382440293,0.4,2
126.0,78.0,-32.0,0.19144934382440293,0.4,2
126.0,78.0,-30.0,0.19144934382440293,0.4,2
126.0,78.0,-28.0,0.19144934382440293,0.4,2
126.0,78.0,-26.0,0.19144934382440293,0.4,2
126.0,78.0,-24.0,0.19144934382440293,0.4,2
126.0,78.0,-22.0,0.19144934382440293,0.4,2
128.0,68.0,-30.0,0.19144934382440293,0.4,2
128.0,68.0,-28.0,0.19144934382440293,0.4,2
128.0,68.0,-26.0,0.19144934382440293,0.4,2
128.0,68.0,-24.0,0.19144934382440293,0.4,2
128.0,68.0,-22.0,0.19144934382440293,0.4,2
128.0,70.0,-30.0,0.19144934382440293,0.4,2
128.0,70.0,-28.0,0.19144934382440293,0.4,2
128.0,70.0,-26.0,0.19144934382440293,0.4,2
128.0,70.0,-24.0,0.19144934382440293,0.4,2
128.0,70.0,-22.0,0.19144934382440293,0.4,2
128.0,72.0,-30.0,0.19144934382440293,0.4,2
128.0,72.0,-28.0,0.19144934382440293,0.4,2
128.0,72.0,-26.0,0.19144934382440293,0.4,2
128.0,72.0,-24.0,0.19144934382440293,0.4,2
128.0,72.0,-22.0,0.19144934382440293,0.4,2
128.0,74.0,-36.0,0.19144934382440293,0.4,2
128.0,74.0,-34.0,0.19144934382440293,0.4,2
128.0,74.0,-32.0,0.19144934382440293,0.4,2
128.0,74.0,-30.0,0.19144934382440293,0.4,2
128.0,74.0,-28.0,0.19144934382440293,0.4,2
128.0,74.0,-26.0,0.19144934382440293,0.4,2
128.0,74.0,-24.0,0.19144934382440293,0.4,2
128.0,74.0,-22.0,0.19144934382440293,0.4,2
128.0,76.0,-36.0,0.19144934382440293,0.4,2
128.0,76.0,-34.0,0.19144934382440293,0.4,2
128.0,76.0,-32.0,0.19144934382440293,0.4,2
128.0,76.0,-30.0,0.19144934382440293,0.4,2
128.0,76.0,-28.0,0.19144934382440293,0.4,2
128.0,76.0,-26.0,0.19144934382440293,0.4,2
128.0,76.0,-24.0,0.19144934382440293,0.4,2
128.0,76.0,-22.0,0.19144934382440293,0.4,2
130.0,68.0,-30.0,0.19144934382440293,0.4,2
130.0,68.0,-28.0,0.19144934382440293,0.4,2
130.0,68.0,-26.0,0.19144934382440293,0.4,2
130.0,68.0,-24.0,0.19144934382440293,0.4,2
130.0,68.0,-22.0,0.19144934382440293,0.4,2
130.0,70.0,-30.0,0.19144934382440293,0.4,2
130.0,70.0,-28.0,0.19144934382440293,0.4,2
130.0,70.0,-26.0,0.19144934382440293,0.4,2
130.0,70.0,-24.0,0.19144934382440293,0.4,2
130.0,70.0,-22.0,0.19144934382440293,0.4,2
130.0,72.0,-30.0,0.19144934382440293,0.4,2
130.0,72.0,-28.0,0.19144934382440293,0.4,2
130.0,72.0,-26.0,0.19144934382440293,0.4,2
130.0,72.0,-24.0,0.19144934382440293,0.4,2
130.0,72.0,-22.0,0.19144934382440293,0.4,2
130.0,74.0,-34.0,0.19144934382440293,0.4,2
130.0,74.0,-32.0,0.19144934382440293,0.4,2
130.0,74.0,-30.0,0.19144934382440293,0.4,2
130.0,74.0,-28.0,0.19144934382440293,0.4,2
130.0,74.0,-26.0,0.19144934382440293,0.4,2
130.0,74.0,-24.0,0.19144934382440293,0.4,2
130.0,74.0,-22.0,0.19144934382440293,0.4,2
132.0,68.0,-30.0,0.19144934382440293,0.4,2
132.0,68.0,-28.0,0.19144934382440293,0.4,2
132.0,68.0,-26.0,0.19144934382440293,0.4,2
132.0,68.0,-24.0,0.19144934382440293,0.4,2
132.0,68.0,-22.0,0.19144934382440293,0.4,2
132.0,70.0,-30.0,0.19144934382440293,0.4,2
132.0,70.0,-28.0,0.19144934382440293,0.4,2
132.0,70.0,-26.0,0.19144934382440293,0.4,2
132.0,70.0,-24.0,0.19144934382440293,0.4,2
132.0,70.0,-22.0,0.19144934382440293,0.4,2
132.0,72.0,-30.0,0.19144934382440293,0.4,2
132.0,72.0,-28.0,0.19144934382440293,0.4,2
132.0,72.0,-26.0,0.19144934382440293,0.4,2
132.0,72.0,-24.0,0.19144934382440293,0.4,2
132.0,72.0,-22.0,0.19144934382440293,0.4,2
134.0,68.0,-30.0,0.19144934382440293,0.4,2
134.0,68.0,-28.0,0.19144934382440293,0.4,2
134.0,68.0,-26.0,0.19144934382440293,0.4,2
134.0,68.0,-24.0,0.19144934382440293,0.4,2
134.0,68.0,-22.0,0.19144934382440293,0.4,2
134.0,70.0,-30.0,0.19144934382440293,0.4,2
134.0,70.0,-28.0,0.19144934382440293,0.4,2
134.0,70.0,-26.0,0.19144934382440293,0.4,2
134.0,70.0,-24.0,0.19144934382440293,0.4,2
134.0,70.0,-22.0,0.19144934382440293,0.4,2
136.0,68.0,-30.0,0.19144934382440293,0.4,2
136.0,68.0,-28.0,0.19144934382440293,0.4,2
136.0,68.0,-26.0,0.19144934382440293,0.4,2
136.0,68.0,-24.0,0.19144934382440293,0.4,2
136.0,68.0,-22.0,0.19144934382440293,0.4,2
144.0,48.0,-32.0,0.19144934382440293,0.4,2
144.0,50.0,-36.0,0.19144934382440293,0.4,2
144.0,50.0,-34.0,0.19144934382440293,0.4,2
144.0,50.0,-32.0,0.19144934382440293,0.4,2
128.0,60.0,-30.0,0.19144934382440293,0.4,2
128.0,60.0,-28.0,0.19144934382440293,0.4,2
128.0,60.0,-26.0,0.19144934382440293,0.4,2
128.0,60.0,-24.0,0.19144934382440293,0.4,2
128.0,60.0,-22.0,0.19144934382440293,0.4,2
128.0,62.0,-30.0,0.19144934382440293,0.4,2
128.0,62.0,-28.0,0.19144934382440293,0.4,2
128.0,62.0,-26.0,0.19144934382440293,0.4,2
128.0,62.0,-24.0,0.19144934382440293,0.4,2
128.0,62.0,-22.0,0.19144934382440293,0.4,2
128.0,64.0,-30.0,0.19144934382440293,0.4,2
128.0,64.0,-28.0,0.19144934382440293,0.4,2
128.0,64.0,-26.0,0.19144934382440293,0.4,2
128.0,64.0,-24.0,0.19144934382440293,0.4,2
128.0,64.0,-22.0,0.19144934382440293,0.4,2
128.0,66.0,-30.0,0.19144934382440293,0.4,2
128.0,66.0,-28.0,0.19144934382440293,0.4,2
128.0,66.0,-26.0,0.19144934382440293,0.4,2
128.0,66.0,-24.0,0.19144934382440293,0.4,2
128.0,66.0,-22.0,0.19144934382440293,0.4,2
130.0,58.0,-30.0,0.19144934382440293,0.4,2
130.0,58.0,-28.0,0.19144934382440293,0.4,2
130.0,58.0,-26.0,0.19144934382440293,0.4,2
130.0,58.0,-24.0,0.19144934382440293,0.4,2
130.0,58.0,-22.0,0.19144934382440293,0.4,2
130.0,60.0,-30.0,0.19144934382440293,0.4,2
130.0,60.0,-28.0,0.19144934382440293,0.4,2
130.0,60.0,-26.0,0.19144934382440293,0.4,2
130.0,60.0,-24.0,0.19144934382440293,0.4,2
130.0,60.0,-22.0,0.19144934382440293,0.4,2
130.0,62.0,-30.0,0.19144934382440293,0.4,2
130.0,62.0,-28.0,0.19144934382440293,0.4,2
130.0,62.0,-26.0,0.19144934382440293,0.4,2
130.0,62.0,-24.0,0.19144934382440293,0.4,2
130.0,62.0,-22.0,0.19144934382440293,0.4,2
130.0,64.0,-30.0,0.19144934382440293,0.4,2
130.0,64.0,-28.0,0.19144934382440293,0.4,2
130.0,64.0,-26.0,0.19144934382440293,0.4,2
130.0,64.0,-24.0,0.19144934382440293,0.4,2
130.0,64.0,-22.0,0.19144934382440293,0.4,2
130.0,66.0,-30.0,0.19144934382440293,0.4,2
130.0,66.0,-28.0,0.19144934382440293,0.4,2
130.0,66.0,-26.0,0.19144934382440293,0.4,2
130.0,66.0,-24.0,0.19144934382440293,0.4,2
130.0,66.0,-22.0,0.19144934382440293,0.4,2
132.0,58.0,-30.0,0.19144934382440293,0.4,2
132.0,58.0,-28.0,0.19144934382440293,0.4,2
132.0,58.0,-26.0,0.19144934382440293,0.4,2
132.0,58.0,-24.0,0.19144934382440293,0.4,2
132.0,58.0,-22.0,0.19144934382440293,0.4,2
132.0,60.0,-30.0,0.19144934382440293,0.4,2
132.0,60.0,-28.0,0.19144934382440293,0.4,2
132.0,60.0,-26.0,0.19144934382440293,0.4,2
132.0,60.0,-24.0,0.19144934382440293,0.4,2
132.0,60.0,-22.0,0.19144934382440293,0.4,2
132.0,62.0,-30.0,0.19144934382440293,0.4,2
132.0,62.0,-28.0,0.19144934382440293,0.4,2
132.0,62.0,-26.0,0.19144934382440293,0.4,2
132.0,62.0,-24.0,0.19144934382440293,0.4,2
132.0,62.0,-22.0,0.19144934382440293,0.4,2
132.0,64.0,-30.0,0.19144934382440293,0.4,2
132.0,64.0,-28.0,0.19144934382440293,0.4,2
132.0,64.0,-26.0,0.19144934382440293,0.4,2
132.0,64.0,-24.0,0.19144934382440293,0.4,2
132.0,64.0,-22.0,0.19144934382440293,0.4,2
132.0,66.0,-30.0,0.19144934382440293,0.4,2
132.0,66.0,-28.0,0.19144934382440293,0.4,2
132.0,66.0,-26.0,0.19144934382440293,0.4,2
132.0,66.0,-24.0,0.19144934382440293,0.4,2
132.0,66.0,-22.0,0.19144934382440293,0.4,2
134.0,58.0,-30.0,0.19144934382440293,0.4,2
134.0,58.0,-28.0,0.19144934382440293,0.4,2
134.0,58.0,-26.0,0.19144934382440293,0.4,2
134.0,58.0,-24.0,0.19144934382440293,0.4,2
134.0,58.0,-22.0,0.19144934382440293,0.4,2
134.0,60.0,-30.0,0.19144934382440293,0.4,2
134.0,60.0,-28.0,0.19144934382440293,0.4,2
134.0,60.0,-26.0,0.19144934382440293,0.4,2
134.0,60.0,-24.0,0.19144934382440293,0.4,2
134.0,60.0,-22.0,0.19144934382440293,0.4,2
134.0,62.0,-30.0,0.19144934382440293,0.4,2
134.0,62.0,-28.0,0.19144934382440293,0.4,2
134.0,62.0,-26.0,0.19144934382440293,0.4,2
134.0,62.0,-24.0,0.19144934382440293,0.4,2
134.0,62.0,-22.0,0.19144934382440293,0.4,2
134.0,64.0,-30.0,0.19144934382440293,0.4,2
134.0,64.0,-28.0,0.19144934382440293,0.4,2
134.0,64.0,-26.0,0.19144934382440293,0.4,2
134.0,64.0,-24.0,0.19144934382440293,0.4,2
134.0,64.0,-22.0,0.19144934382440293,0.4,2
134.0,66.0,-30.0,0.19144934382440293,0.4,2
134.0,66.0,-28.0,0.19144934382440293,0.4,2
134.0,66.0,-26.0,0.19144934382440293,0.4,2
134.0,66.0,-24.0,0.19144934382440293,0.4,2
134.0,66.0,-22.0,0.19144934382440293,0.4,2
136.0,58.0,-30.0,0.19144934382440293,0.4,2
136.0,58.0,-28.0,0.19144934382440293,0.4,2
136.0,58.0,-26.0,0.19144934382440293,0.4,2
136.0,58.0,-24.0,0.19144934382440293,0.4,2
136.0,58.0,-22.0,0.19144934382440293,0.4,2
136.0,60.0,-30.0,0.19144934382440293,0.4,2
136.0,60.0,-28.0,0.19144934382440293,0.4,2
136.0,60.0,-26.0,0.19144934382440293,0.4,2
136.0,60.0,-24.0,0.19144934382440293,0.4,2
136.0,60.0,-22.0,0.19144934382440293,0.4,2
136.0,62.0,-30.0,0.19144934382440293,0.4,2
136.0,62.0,-28.0,0.19144934382440293,0.4,2
136.0,62.0,-26.0,0.19144934382440293,0.4,2
136.0,62.0,-24.0,0.19144934382440293,0.4,2
136.0,62.0,-22.0,0.19144934382440293,0.4,2
136.0,64.0,-30.0,0.19144934382440293,0.4,2
136.0,64.0,-28.0,0.19144934382440293,0.4,2
136.0,64.0,-26.0,0.19144934382440293,0.4,2
136.0,64.0,-24.0,0.19144934382440293,0.4,2
136.0,64.0,-22.0,0.19144934382440293,0.4,2
136.0,66.0,-30.0,0.19144934382440293,0.4,2
136.0,66.0,-28.0,0.19144934382440293,0.4,2
136.0,66.0,-26.0,0.19144934382440293,0.4,2
136.0,66.0,-24.0,0.19144934382440293,0.4,2
136.0,66.0,-22.0,0.19144934382440293,0.4,2
138.0,58.0,-28.0,0.19144934382440293,0.4,2
138.0,58.0,-26.0,0.19144934382440293,0.4,2
138.0,58.0,-24.0,0.19144934382440293,0.4,2
138.0,58.0,-22.0,0.19144934382440293,0.4,2
138.0,60.0,-30.0,0.19144934382440293,0.4,2
138.0,60.0,-28.0,0.19144934382440293,0.4,2
138.0,60.0,-26.0,0.19144934382440293,0.4,2
138.0,60.0,-24.0,0.19144934382440293,0.4,2
138.0,60.0,-22.0,0.19144934382440293,0.4,2
138.0,62.0,-30.0,0.19144934382440293,0.4,2
138.0,62.0,-28.0,0.19144934382440293,0.4,2
138.0,62.0,-26.0,0.19144934382440293,0.4,2
138.0,62.0,-24.0,0.19144934382440293,0.4,2
138.0,62.0,-22.0,0.19144934382440293,0.4,2
138.0,64.0,-30.0,0.19144934382440293,0.4,2
138.0,64.0,-28.0,0.19144934382440293,0.4,2
138.0,64.0,-26.0,0.19144934382440293,0.4,2
138.0,64.0,-24.0,0.19144934382440293,0.4,2
138.0,64.0,-22.0,0.19144934382440293,0.4,2
138.0,66.0,-30.0,0.19144934382440293,0.4,2
138.0,66.0,-28.0,0.19144934382440293,0.4,2
138.0,66.0,-26.0,0.19144934382440293,0.4,2
138.0,66.0,-24.0,0.19144934382440293,0.4,2
138.0,66.0,-22.0,0.19144934382440293,0.4,2
140.0,58.0,-28.0,0.19144934382440293,0.4,2
140.0,58.0,-26.0,0.19144934382440293,0.4,2
140.0,58.0,-24.0,0.19144934382440293,0.4,2
140.0,58.0,-22.0,0.19144934382440293,0.4,2
140.0,60.0,-28.0,0.19144934382440293,0.4,2
140.0,60.0,-26.0,0.19144934382440293,0.4,2
140.0,60.0,-24.0,0.19144934382440293,0.4,2
140.0,60.0,-22.0,0.19144934382440293,0.4,2
140.0,62.0,-28.0,0.19144934382440293,0.4,2
140.0,62.0,-26.0,0.19144934382440293,0.4,2
140.0,62.0,-24.0,0.19144934382440293,0.4,2
140.0,62.0,-22.0,0.19144934382440293,0.4,2
140.0,64.0,-28.0,0.19144934382440293,0.4,2
140.0,64.0,-26.0,0.19144934382440293,0.4,2
140.0,64.0,-24.0,0.19144934382440293,0.4,2
140.0,64.0,-22.0,0.19144934382440293,0.4,2
142.0,58.0,-26.0,0.19144934382440293,0.4,2
142.0,58.0,-24.0,0.19144934382440293,0.4,2
142.0,58.0,-22.0,0.19144934382440293,0.4,2
142.0,60.0,-26.0,0.19144934382440293,0.4,2
142.0,60.0,-24.0,0.19144934382440293,0.4,2
142.0,60.0,-22.0,0.19144934382440293,0.4,2
142.0,62.0,-26.0,0.19144934382440293,0.4,2
142.0,62.0,-24.0,0.19144934382440293,0.4,2
142.0,62.0,-22.0,0.19144934382440293,0.4,2
142.0,64.0,-26.0,0.19144934382440293,0.4,2
142.0,64.0,-24.0,0.19144934382440293,0.4,2
142.0,64.0,-22.0,0.19144934382440293,0.4,2
144.0,58.0,-26.0,0.19144934382440293,0.4,2
144.0,58.0,-24.0,0.19144934382440293,0.4,2
144.0,58.0,-22.0,0.19144934382440293,0.4,2
144.0,60.0,-26.0,0.19144934382440293,0.4,2
144.0,60.0,-24.0,0.19144934382440293,0.4,2
144.0,60.0,-22.0,0.19144934382440293,0.4,2
144.0,62.0,-26.0,0.19144934382440293,0.4,2
144.0,62.0,-24.0,0.19144934382440293,0.4,2
144.0,62.0,-22.0,0.19144934382440293,0.4,2
146.0,58.0,-24.0,0.19144934382440293,0.4,2
146.0,58.0,-22.0,0.19144934382440293,0.4,2
146.0,60.0,-24.0,0.19144934382440293,0.4,2
146.0,60.0,-22.0,0.19144934382440293,0.4,2
148.0,58.0,-22.0,0.19144934382440293,0.4,2
148.0,60.0,-22.0,0.19144934382440293,0.4,2
150.0,58.0,-22.0,0.19144934382440293,0.4,2
128.0,60.0,-20.0,0.19144934382440293,0.4,2
128.0,60.0,-18.0,0.19144934382440293,0.4,2
128.0,60.0,-16.0,0.19144934382440293,0.4,2
128.0,60.0,-14.0,0.19144934382440293,0.4,2
128.0,60.0,-12.0,0.19144934382440293,0.4,2
128.0,62.0,-20.0,0.19144934382440293,0.4,2
128.0,62.0,-18.0,0.19144934382440293,0.4,2
128.0,62.0,-16.0,0.19144934382440293,0.4,2
128.0,62.0,-14.0,0.19144934382440293,0.4,2
128.0,62.0,-12.0,0.19144934382440293,0.4,2
128.0,64.0,-20.0,0.19144934382440293,0.4,2
128.0,64.0,-18.0,0.19144934382440293,0.4,2
128.0,64.0,-16.0,0.19144934382440293,0.4,2
128.0,64.0,-14.0,0.19144934382440293,0.4,2
128.0,64.0,-12.0,0.19144934382440293,0.4,2
128.0,66.0,-20.0,0.19144934382440293,0.4,2
128.0,66.0,-18.0,0.19144934382440293,0.4,2
128.0,66.0,-16.0,0.19144934382440293,0.4,2
128.0,66.0,-14.0,0.19144934382440293,0.4,2
128.0,66.0,-12.0,0.19144934382440293,0.4,2
128.0,68.0,-20.0,0.19144934382440293,0.4,2
128.0,68.0,-18.0,0.19144934382440293,0.4,2
128.0,68.0,-16.0,0.19144934382440293,0.4,2
128.0,68.0,-14.0,0.19144934382440293,0.4,2
128.0,68.0,-12.0,0.19144934382440293,0.4,2
128.0,70.0,-20.0,0.19144934382440293,0.4,2
128.0,70.0,-18.0,0.19144934382440293,0.4,2
128.0,70.0,-16.0,0.19144934382440293,0.4,2
128.0,70.0,-14.0,0.19144934382440293,0.4,2
128.0,70.0,-12.0,0.19144934382440293,0.4,2
128.0,72.0,-20.0,0.19144934382440293,0.4,2
128.0,72.0,-18.0,0.19144934382440293,0.4,2
128.0,72.0,-16.0,0.19144934382440293,0.4,2
128.0,72.0,-14.0,0.19144934382440293,0.4,2
128.0,72.0,-12.0,0.19144934382440293,0.4,2
128.0,74.0,-20.0,0.19144934382440293,0.4,2
128.0,74.0,-18.0,0.19144934382440293,0.4,2
128.0,74.0,-16.0,0.19144934382440293,0.4,2
128.0,74.0,-14.0,0.19144934382440293,0.4,2
128.0,74.0,-12.0,0.19144934382440293,0.4,2
128.0,76.0,-20.0,0.19144934382440293,0.4,2
128.0,76.0,-18.0,0.19144934382440293,0.4,2
128.0,76.0,-16.0,0.19144934382440293,0.4,2
128.0,76.0,-14.0,0.19144934382440293,0.4,2
128.0,76.0,-12.0,0.19144934382440293,0.4,2
130.0,58.0,-20.0,0.19144934382440293,0.4,2
130.0,58.0,-18.0,0.19144934382440293,0.4,2
130.0,58.0,-16.0,0.19144934382440293,0.4,2
130.0,58.0,-14.0,0.19144934382440293,0.4,2
130.0,58.0,-12.0,0.19144934382440293,0.4,2
130.0,60.0,-20.0,0.19144934382440293,0.4,2
130.0,60.0,-18.0,0.19144934382440293,0.4,2
130.0,60.0,-16.0,0.19144934382440293,0.4,2
130.0,60.0,-14.0,0.19144934382440293,0.4,2
130.0,60.0,-12.0,0.19144934382440293,0.4,2
130.0,62.0,-20.0,0.19144934382440293,0.4,2
130.0,62.0,-18.0,0.19144934382440293,0.4,2
130.0,62.0,-16.0,0.19144934382440293,0.4,2
130.0,62.0,-14.0,0.19144934382440293,0.4,2
130.0,62.0,-12.0,0.19144934382440293,0.4,2
130.0,64.0,-20.0,0.19144934382440293,0.4,2
130.0,64.0,-18.0,0.19144934382440293,0.4,2
130.0,64.0,-16.0,0.19144934382440293,0.4,2
130.0,64.0,-14.0,0.19144934382440293,0.4,2
130.0,64.0,-12.0,0.19144934382440293,0.4,2
130.0,66.0,-20.0,0.19144934382440293,0.4,2
130.0,66.0,-18.0,0.19144934382440293,0.4,2
130.0,66.0,-16.0,0.19144934382440293,0.4,2
130.0,66.0,-14.0,0.19144934382440293,0.4,2
130.0,66.0,-12.0,0.19144934382440293,0.4,2
130.0,68.0,-20.0,0.19144934382440293,0.4,2
130.0,68.0,-18.0,0.19144934382440293,0.4,2
130.0,68.0,-16.0,0.19144934382440293,0.4,2
130.0,68.0,-14.0,0.19144934382440293,0.4,2
130.0,68.0,-12.0,0.19144934382440293,0.4,2
130.0,70.0,-20.0,0.19144934382440293,0.4,2
130.0,70.0,-18.0,0.19144934382440293,0.4,2
130.0,70.0,-16.0,0.19144934382440293,0.4,2
130.0,70.0,-14.0,0.19144934382440293,0.4,2
130.0,70.0,-12.0,0.19144934382440293,0.4,2
130.0,72.0,-20.0,0.19144934382440293,0.4,2
130.0,72.0,-18.0,0.19144934382440293,0.4,2
130.0,72.0,-16.0,0.19144934382440293,0.4,2
130.0,72.0,-14.0,0.19144934382440293,0.4,2
130.0,72.0,-12.0,0.19144934382440293,0.4,2
130.0,74.0,-20.0,0.19144934382440293,0.4,2
130.0,74.0,-18.0,0.19144934382440293,0.4,2
130.0,74.0,-16.0,0.19144934382440293,0.4,2
130.0,74.0,-14.0,0.19144934382440293,0.4,2
130.0,74.0,-12.0,0.19144934382440293,0.4,2
132.0,58.0,-20.0,0.19144934382440293,0.4,2
132.0,58.0,-18.0,0.19144934382440293,0.4,2
132.0,58.0,-16.0,0.19144934382440293,0.4,2
132.0,58.0,-14.0,0.19144934382440293,0.4,2
132.0,58.0,-12.0,0.19144934382440293,0.4,2
132.0,60.0,-20.0,0.19144934382440293,0.4,2
132.0,60.0,-18.0,0.19144934382440293,0.4,2
132.0,60.0,-16.0,0.19144934382440293,0.4,2
132.0,60.0,-14.0,0.19144934382440293,0.4,2
132.0,60.0,-12.0,0.19144934382440293,0.4,2
132.0,62.0,-20.0,0.19144934382440293,0.4,2
132.0,62.0,-18.0,0.19144934382440293,0.4,2
132.0,62.0,-16.0,0.19144934382440293,0.4,2
132.0,62.0,-14.0,0.19144934382440293,0.4,2
132.0,62.0,-12.0,0.19144934382440293,0.4,2
132.0,64.0,-20.0,0.19144934382440293,0.4,2
132.0,64.0,-18.0,0.19144934382440293,0.4,2
132.0,64.0,-16.0,0.19144934382440293,0.4,2
132.0,64.0,-14.0,0.19144934382440293,0.4,2
132.0,64.0,-12.0,0.19144934382440293,0.4,2
132.0,66.0,-20.0,0.19144934382440293,0.4,2
132.0,66.0,-18.0,0.19144934382440293,0.4,2
132.0,66.0,-16.0,0.19144934382440293,0.4,2
132.0,66.0,-14.0,0.19144934382440293,0.4,2
132.0,66.0,-12.0,0.19144934382440293,0.4,2
132.0,68.0,-20.0,0.19144934382440293,0.4,2
132.0,68.0,-18.0,0.19144934382440293,0.4,2
132.0,68.0,-16.0,0.19144934382440293,0.4,2
132.0,68.0,-14.0,0.19144934382440293,0.4,2
132.0,68.0,-12.0,0.19144934382440293,0.4,2
132.0,70.0,-20.0,0.19144934382440293,0.4,2
132.0,70.0,-18.0,0.19144934382440293,0.4,2
132.0,70.0,-16.0,0.19144934382440293,0.4,2
132.0,70.0,-14.0,0.19144934382440293,0.4,2
132.0,70.0,-12.0,0.19144934382440293,0.4,2
132.0,72.0,-20.0,0.19144934382440293,0.4,2
132.0,72.0,-18.0,0.19144934382440293,0.4,2
132.0,72.0,-16.0,0.19144934382440293,0.4,2
132.0,72.0,-14.0,0.19144934382440293,0.4,2
132.0,72.0,-12.0,0.19144934382440293,0.4,2
134.0,58.0,-20.0,0.19144934382440293,0.4,2
134.0,58.0,-18.0,0.19144934382440293,0.4,2
134.0,58.0,-16.0,0.19144934382440293,0.4,2
134.0,58.0,-14.0,0.19144934382440293,0.4,2
134.0,58.0,-12.0,0.19144934382440293,0.4,2
134.0,60.0,-20.0,0.19144934382440293,0.4,2
134.0,60.0,-18.0,0.19144934382440293,0.4,2
134.0,60.0,-16.0,0.19144934382440293,0.4,2
134.0,60.0,-14.0,0.19144934382440293,0.4,2
134.0,60.0,-12.0,0.19144934382440293,0.4,2
134.0,62.0,-20.0,0.19144934382440293,0.4,2
134.0,62.0,-18.0,0.19144934382440293,0.4,2
134.0,62.0,-16.0,0.19144934382440293,0.4,2
134.0,62.0,-14.0,0.19144934382440293,0.4,2
134.0,62.0,-12.0,0.19144934382440293,0.4,2
134.0,64.0,-20.0,0.19144934382440293,0.4,2
134.0,64.0,-18.0,0.19144934382440293,0.4,2
134.0,64.0,-16.0,0.19144934382440293,0.4,2
134.0,64.0,-14.0,0.19144934382440293,0.4,2
134.0,64.0,-12.0,0.19144934382440293,0.4,2
134.0,66.0,-20.0,0.19144934382440293,0.4,2
134.0,66.0,-18.0,0.19144934382440293,0.4,2
134.0,66.0,-16.0,0.19144934382440293,0.4,2
134.0,66.0,-14.0,0.19144934382440293,0.4,2
134.0,66.0,-12.0,0.19144934382440293,0.4,2
134.0,68.0,-20.0,0.19144934382440293,0.4,2
134.0,68.0,-18.0,0.19144934382440293,0.4,2
134.0,68.0,-16.0,0.19144934382440293,0.4,2
134.0,68.0,-14.0,0.19144934382440293,0.4,2
134.0,68.0,-12.0,0.19144934382440293,0.4,2
134.0,70.0,-20.0,0.19144934382440293,0.4,2
134.0,70.0,-18.0,0.19144934382440293,0.4,2
134.0,70.0,-16.0,0.19144934382440293,0.4,2
134.0,70.0,-14.0,0.19144934382440293,0.4,2
134.0,70.0,-12.0,0.19144934382440293,0.4,2
136.0,58.0,-20.0,0.19144934382440293,0.4,2
136.0,58.0,-18.0,0.19144934382440293,0.4,2
136.0,58.0,-16.0,0.19144934382440293,0.4,2
136.0,58.0,-14.0,0.19144934382440293,0.4,2
136.0,58.0,-12.0,0.19144934382440293,0.4,2
136.0,60.0,-20.0,0.19144934382440293,0.4,2
136.0,60.0,-18.0,0.19144934382440293,0.4,2
136.0,60.0,-16.0,0.19144934382440293,0.4,2
136.0,60.0,-14.0,0.19144934382440293,0.4,2
136.0,60.0,-12.0,0.19144934382440293,0.4,2
136.0,62.0,-20.0,0.19144934382440293,0.4,2
136.0,62.0,-18.0,0.19144934382440293,0.4,2
136.0,62.0,-16.0,0.19144934382440293,0.4,2
136.0,62.0,-14.0,0.19144934382440293,0.4,2
136.0,62.0,-12.0,0.19144934382440293,0.4,2
136.0,64.0,-20.0,0.19144934382440293,0.4,2
136.0,64.0,-18.0,0.19144934382440293,0.4,2
136.0,64.0,-16.0,0.19144934382440293,0.4,2
136.0,64.0,-14.0,0.19144934382440293,0.4,2
136.0,64.0,-12.0,0.19144934382440293,0.4,2
136.0,66.0,-20.0,0.19144934382440293,0.4,2
136.0,66.0,-18.0,0.19144934382440293,0.4,2
136.0,66.0,-16.0,0.19144934382440293,0.4,2
136.0,66.0,-14.0,0.19144934382440293,0.4,2
136.0,66.0,-12.0,0.19144934382440293,0.4,2
136.0,68.0,-20.0,0.19144934382440293,0.4,2
136.0,68.0,-18.0,0.19144934382440293,0.4,2
136.0,68.0,-16.0,0.19144934382440293,0.4,2
136.0,68.0,-14.0,0.19144934382440293,0.4,2
136.0,68.0,-12.0,0.19144934382440293,0.4,2
138.0,58.0,-20.0,0.19144934382440293,0.4,2
138.0,58.0,-18.0,0.19144934382440293,0.4,2
138.0,58.0,-16.0,0.19144934382440293,0.4,2
138.0,58.0,-14.0,0.19144934382440293,0.4,2
138.0,58.0,-12.0,0.19144934382440293,0.4,2
138.0,60.0,-20.0,0.19144934382440293,0.4,2
138.0,60.0,-18.0,0.19144934382440293,0.4,2
138.0,60.0,-16.0,0.19144934382440293,0.4,2
138.0,60.0,-14.0,0.19144934382440293,0.4,2
138.0,60.0,-12.0,0.19144934382440293,0.4,2
138.0,62.0,-20.0,0.19144934382440293,0.4,2
138.0,62.0,-18.0,0.19144934382440293,0.4,2
138.0,62.0,-16.0,0.19144934382440293,0.4,2
138.0,62.0,-14.0,0.19144934382440293,0.4,2
138.0,62.0,-12.0,0.19144934382440293,0.4,2
138.0,64.0,-20.0,0.19144934382440293,0.4,2
138.0,64.0,-18.0,0.19144934382440293,0.4,2
138.0,64.0,-16.0,0.19144934382440293,0.4,2
138.0,64.0,-14.0,0.19144934382440293,0.4,2
138.0,64.0,-12.0,0.19144934382440293,0.4,2
138.0,66.0,-20.0,0.19144934382440293,0.4,2
138.0,66.0,-18.0,0.19144934382440293,0.4,2
138.0,66.0,-16.0,0.19144934382440293,0.4,2
138.0,66.0,-14.0,0.19144934382440293,0.4,2
138.0,66.0,-12.0,0.19144934382440293,0.4,2
140.0,58.0,-20.0,0.19144934382440293,0.4,2
140.0,58.0,-18.0,0.19144934382440293,0.4,2
140.0,58.0,-16.0,0.19144934382440293,0.4,2
140.0,58.0,-14.0,0.19144934382440293,0.4,2
140.0,58.0,-12.0,0.19144934382440293,0.4,2
140.0,60.0,-20.0,0.19144934382440293,0.4,2
140.0,60.0,-18.0,0.19144934382440293,0.4,2
140.0,60.0,-16.0,0.19144934382440293,0.4,2
140.0,60.0,-14.0,0.19144934382440293,0.4,2
140.0,60.0,-12.0,0.19144934382440293,0.4,2
140.0,62.0,-20.0,0.19144934382440293,0.4,2
140.0,62.0,-18.0,0.19144934382440293,0.4,2
140.0,62.0,-16.0,0.19144934382440293,0.4,2
140.0,62.0,-14.0,0.19144934382440293,0.4,2
140.0,62.0,-12.0,0.19144934382440293,0.4,2
140.0,64.0,-20.0,0.19144934382440293,0.4,2
140.0,64.0,-18.0,0.19144934382440293,0.4,2
140.0,64.0,-16.0,0.19144934382440293,0.4,2
140.0,64.0,-14.0,0.19144934382440293,0.4,2
140.0,64.0,-12.0,0.19144934382440293,0.4,2
142.0,58.0,-20.0,0.19144934382440293,0.4,2
142.0,58.0,-18.0,0.19144934382440293,0.4,2
142.0,58.0,-16.0,0.19144934382440293,0.4,2
142.0,58.0,-14.0,0.19144934382440293,0.4,2
142.0,58.0,-12.0,0.19144934382440293,0.4,2
142.0,60.0,-20.0,0.19144934382440293,0.4,2
142.0,60.0,-18.0,0.19144934382440293,0.4,2
142.0,60.0,-16.0,0.19144934382440293,0.4,2
142.0,60.0,-14.0,0.19144934382440293,0.4,2
142.0,60.0,-12.0,0.19144934382440293,0.4,2
142.0,62.0,-20.0,0.19144934382440293,0.4,2
142.0,62.0,-18.0,0.19144934382440293,0.4,2
142.0,62.0,-16.0,0.19144934382440293,0.4,2
142.0,62.0,-14.0,0.19144934382440293,0.4,2
142.0,62.0,-12.0,0.19144934382440293,0.4,2
142.0,64.0,-20.0,0.19144934382440293,0.4,2
142.0,64.0,-18.0,0.19144934382440293,0.4,2
142.0,64.0,-16.0,0.19144934382440293,0.4,2
142.0,64.0,-14.0,0.19144934382440293,0.4,2
142.0,64.0,-12.0,0.19144934382440293,0.4,2
144.0,58.0,-20.0,0.19144934382440293,0.4,2
144.0,58.0,-18.0,0.19144934382440293,0.4,2
144.0,58.0,-16.0,0.19144934382440293,0.4,2
144.0,58.0,-14.0,0.19144934382440293,0.4,2
144.0,58.0,-12.0,0.19144934382440293,0.4,2
144.0,60.0,-20.0,0.19144934382440293,0.4,2
144.0,60.0,-18.0,0.19144934382440293,0.4,2
144.0,60.0,-16.0,0.19144934382440293,0.4,2
144.0,60.0,-14.0,0.19144934382440293,0.4,2
144.0,60.0,-12.0,0.19144934382440293,0.4,2
144.0,62.0,-20.0,0.19144934382440293,0.4,2
144.0,62.0,-18.0,0.19144934382440293,0.4,2
144.0,62.0,-16.0,0.19144934382440293,0.4,2
144.0,62.0,-14.0,0.19144934382440293,0.4,2
144.0,62.0,-12.0,0.19144934382440293,0.4,2
146.0,58.0,-20.0,0.19144934382440293,0.4,2
146.0,58.0,-18.0,0.19144934382440293,0.4,2
146.0,58.0,-16.0,0.19144934382440293,0.4,2
146.0,58.0,-14.0,0.19144934382440293,0.4,2
146.0,58.0,-12.0,0.19144934382440293,0.4,2
146.0,60.0,-20.0,0.19144934382440293,0.4,2
146.0,60.0,-18.0,0.19144934382440293,0.4,2
146.0,60.0,-16.0,0.19144934382440293,0.4,2
146.0,60.0,-14.0,0.19144934382440293,0.4,2
146.0,60.0,-12.0,0.19144934382440293,0.4,2
148.0,58.0,-20.0,0.19144934382440293,0.4,2
148.0,58.0,-18.0,0.19144934382440293,0.4,2
148.0,58.0,-16.0,0.19144934382440293,0.4,2
148.0,58.0,-14.0,0.19144934382440293,0.4,2
148.0,58.0,-12.0,0.19144934382440293,0.4,2
148.0,60.0,-20.0,0.19144934382440293,0.4,2
148.0,60.0,-18.0,0.19144934382440293,0.4,2
148.0,60.0,-16.0,0.19144934382440293,0.4,2
148.0,60.0,-14.0,0.19144934382440293,0.4,2
148.0,60.0,-12.0,0.19144934382440293,0.4,2
150.0,58.0,-20.0,0.19144934382440293,0.4,2
150.0,58.0,-18.0,0.19144934382440293,0.4,2
150.0,58.0,-16.0,0.19144934382440293,0.4,2
150.0,58.0,-14.0,0.19144934382440293,0.4,2
150.0,58.0,-12.0,0.19144934382440293,0.4,2
138.0,48.0,-30.0,0.19144934382440293,0.4,2
138.0,50.0,-30.0,0.19144934382440293,0.4,2
138.0,52.0,-30.0,0.19144934382440293,0.4,2
138.0,54.0,-28.0,0.19144934382440293,0.4,2
138.0,54.0,-26.0,0.19144934382440293,0.4,2
138.0,54.0,-24.0,0.19144934382440293,0.4,2
138.0,54.0,-22.0,0.19144934382440293,0.4,2
138.0,54.0,-20.0,0.19144934382440293,0.4,2
138.0,54.0,-18.0,0.19144934382440293,0.4,2
138.0,54.0,-16.0,0.19144934382440293,0.4,2
138.0,54.0,-14.0,0.19144934382440293,0.4,2
138.0,54.0,-12.0,0.19144934382440293,0.4,2
138.0,56.0,-28.0,0.19144934382440293,0.4,2
138.0,56.0,-26.0,0.19144934382440293,0.4,2
138.0,56.0,-24.0,0.19144934382440293,0.4,2
138.0,56.0,-22.0,0.19144934382440293,0.4,2
138.0,56.0,-20.0,0.19144934382440293,0.4,2
138.0,56.0,-18.0,0.19144934382440293,0.4,2
138.0,56.0,-16.0,0.19144934382440293,0.4,2
138.0,56.0,-14.0,0.19144934382440293,0.4,2
138.0,56.0,-12.0,0.19144934382440293,0.4,2
140.0,48.0,-30.0,0.19144934382440293,0.4,2
140.0,50.0,-30.0,0.19144934382440293,0.4,2
140.0,52.0,-30.0,0.19144934382440293,0.4,2
140.0,54.0,-28.0,0.19144934382440293,0.4,2
140.0,54.0,-26.0,0.19144934382440293,0.4,2
140.0,54.0,-24.0,0.19144934382440293,0.4,2
140.0,54.0,-22.0,0.19144934382440293,0.4,2
140.0,54.0,-20.0,0.19144934382440293,0.4,2
140.0,54.0,-18.0,0.19144934382440293,0.4,2
140.0,54.0,-16.0,0.19144934382440293,0.4,2
140.0,54.0,-14.0,0.19144934382440293,0.4,2
140.0,54.0,-12.0,0.19144934382440293,0.4,2
140.0,56.0,-28.0,0.19144934382440293,0.4,2
140.0,56.0,-26.0,0.19144934382440293,0.4,2
140.0,56.0,-24.0,0.19144934382440293,0.4,2
140.0,56.0,-22.0,0.19144934382440293,0.4,2
140.0,56.0,-20.0,0.19144934382440293,0.4,2
140.0,56.0,-18.0,0.19144934382440293,0.4,2
140.0,56.0,-16.0,0.19144934382440293,0.4,2
140.0,56.0,-14.0,0.19144934382440293,0.4,2
140.0,56.0,-12.0,0.19144934382440293,0.4,2
142.0,48.0,-30.0,0.19144934382440293,0.4,2
142.0,48.0,-28.0,0.19144934382440293,0.4,2
142.0,50.0,-30.0,0.19144934382440293,0.4,2
142.0,50.0,-28.0,0.19144934382440293,0.4,2
142.0,52.0,-26.0,0.19144934382440293,0.4,2
142.0,52.0,-24.0,0.19144934382440293,0.4,2
142.0,52.0,-22.0,0.19144934382440293,0.4,2
142.0,52.0,-20.0,0.19144934382440293,0.4,2
142.0,52.0,-18.0,0.19144934382440293,0.4,2
142.0,52.0,-16.0,0.19144934382440293,0.4,2
142.0,52.0,-14.0,0.19144934382440293,0.4,2
142.0,52.0,-12.0,0.19144934382440293,0.4,2
142.0,54.0,-26.0,0.19144934382440293,0.4,2
142.0,54.0,-24.0,0.19144934382440293,0.4,2
142.0,54.0,-22.0,0.19144934382440293,0.4,2
142.0,54.0,-20.0,0.19144934382440293,0.4,2
142.0,54.0,-18.0,0.19144934382440293,0.4,2
142.0,54.0,-16.0,0.19144934382440293,0.4,2
142.0,54.0,-14.0,0.19144934382440293,0.4,2
142.0,54.0,-12.0,0.19144934382440293,0.4,2
142.0,56.0,-26.0,0.19144934382440293,0.4,2
142.0,56.0,-24.0,0.19144934382440293,0.4,2
142.0,56.0,-22.0,0.19144934382440293,0.4,2
142.0,56.0,-20.0,0.19144934382440293,0.4,2
142.0,56.0,-18.0,0.19144934382440293,0.4,2
142.0,56.0,-16.0,0.19144934382440293,0.4,2
142.0,56.0,-14.0,0.19144934382440293,0.4,2
142.0,56.0,-12.0,0.19144934382440293,0.4,2
144.0,48.0,-30.0,0.19144934382440293,0.4,2
144.0,48.0,-28.0,0.19144934382440293,0.4,2
144.0,50.0,-30.0,0.19144934382440293,0.4,2
144.0,50.0,-28.0,0.19144934382440293,0.4,2
144.0,52.0,-26.0,0.19144934382440293,0.4,2
144.0,52.0,-24.0,0.19144934382440293,0.4,2
144.0,52.0,-22.0,0.19144934382440293,0.4,2
144.0,52.0,-20.0,0.19144934382440293,0.4,2
144.0,52.0,-18.0,0.19144934382440293,0.4,2
144.0,52.0,-16.0,0.19144934382440293,0.4,2
144.0,52.0,-14.0,0.19144934382440293,0.4,2
144.0,52.0,-12.0,0.19144934382440293,0.4,2
144.0,54.0,-26.0,0.19144934382440293,0.4,2
144.0,54.0,-24.0,0.19144934382440293,0.4,2
144.0,54.0,-22.0,0.19144934382440293,0.4,2
144.0,54.0,-20.0,0.19144934382440293,0.4,2
144.0,54.0,-18.0,0.19144934382440293,0.4,2
144.0,54.0,-16.0,0.19144934382440293,0.4,2
144.0,54.0,-14.0,0.19144934382440293,0.4,2
144.0,54.0,-12.0,0.19144934382440293,0.4,2
144.0,56.0,-26.0,0.19144934382440293,0.4,2
144.0,56.0,-24.0,0.19144934382440293,0.4,2
144.0,56.0,-22.0,0.19144934382440293,0.4,2
144.0,56.0,-20.0,0.19144934382440293,0.4,2
144.0,56.0,-18.0,0.19144934382440293,0.4,2
144.0,56.0,-16.0,0.19144934382440293,0.4,2
144.0,56.0,-14.0,0.19144934382440293,0.4,2
144.0,56.0,-12.0,0.19144934382440293,0.4,2
146.0,48.0,-26.0,0.19144934382440293,0.4,2
146.0,50.0,-30.0,0.19144934382440293,0.4,2
146.0,50.0,-28.0,0.19144934382440293,0.4,2
146.0,50.0,-26.0,0.19144934382440293,0.4,2
146.0,52.0,-24.0,0.19144934382440293,0.4,2
146.0,52.0,-22.0,0.19144934382440293,0.4,2
146.0,52.0,-20.0,0.19144934382440293,0.4,2
146.0,52.0,-18.0,0.19144934382440293,0.4,2
146.0,52.0,-16.0,0.19144934382440293,0.4,2
146.0,52.0,-14.0,0.19144934382440293,0.4,2
146.0,52.0,-12.0,0.19144934382440293,0.4,2
146.0,54.0,-24.0,0.19144934382440293,0.4,2
146.0,54.0,-22.0,0.19144934382440293,0.4,2
146.0,54.0,-20.0,0.19144934382440293,0.4,2
146.0,54.0,-18.0,0.19144934382440293,0.4,2
146.0,54.0,-16.0,0.19144934382440293,0.4,2
146.0,54.0,-14.0,0.19144934382440293,0.4,2
146.0,54.0,-12.0,0.19144934382440293,0.4,2
146.0,56.0,-24.0,0.19144934382440293,0.4,2
146.0,56.0,-22.0,0.19144934382440293,0.4,2
146.0,56.0,-20.0,0.19144934382440293,0.4,2
146.0,56.0,-18.0,0.19144934382440293,0.4,2
146.0,56.0,-16.0,0.19144934382440293,0.4,2
146.0,56.0,-14.0,0.19144934382440293,0.4,2
146.0,56.0,-12.0,0.19144934382440293,0.4,2
148.0,50.0,-22.0,0.19144934382440293,0.4,2
148.0,50.0,-20.0,0.19144934382440293,0.4,2
148.0,50.0,-18.0,0.19144934382440293,0.4,2
148.0,50.0,-16.0,0.19144934382440293,0.4,2
148.0,50.0,-14.0,0.19144934382440293,0.4,2
148.0,50.0,-12.0,0.19144934382440293,0.4,2
148.0,52.0,-22.0,0.19144934382440293,0.4,2
148.0,52.0,-20.0,0.19144934382440293,0.4,2
148.0,52.0,-18.0,0.19144934382440293,0.4,2
148.0,52.0,-16.0,0.19144934382440293,0.4,2
148.0,52.0,-14.0,0.19144934382440293,0.4,2
148.0,52.0,-12.0,0.19144934382440293,0.4,2
148.0,54.0,-22.0,0.19144934382440293,0.4,2
148.0,54.0,-20.0,0.19144934382440293,0.4,2
148.0,54.0,-18.0,0.19144934382440293,0.4,2
148.0,54.0,-16.0,0.19144934382440293,0.4,2
148.0,54.0,-14.0,0.19144934382440293,0.4,2
148.0,54.0,-12.0,0.19144934382440293,0.4,2
148.0,56.0,-22.0,0.19144934382440293,0.4,2
148.0,56.0,-20.0,0.19144934382440293,0.4,2
148.0,56.0,-18.0,0.19144934382440293,0.4,2
148.0,56.0,-16.0,0.19144934382440293,0.4,2
148.0,56.0,-14.0,0.19144934382440293,0.4,2
148.0,56.0,-12.0,0.19144934382440293,0.4,2
150.0,50.0,-16.0,0.19144934382440293,0.4,2
150.0,50.0,-14.0,0.19144934382440293,0.4,2
150.0,50.0,-12.0,0.19144934382440293,0.4,2
150.0,52.0,-18.0,0.19144934382440293,0.4,2
150.0,52.0,-16.0,0.19144934382440293,0.4,2
150.0,52.0,-14.0,0.19144934382440293,0.4,2
150.0,52.0,-12.0,0.19144934382440293,0.4,2
150.0,54.0,-22.0,0.19144934382440293,0.4,2
150.0,54.0,-20.0,0.19144934382440293,0.4,2
150.0,54.0,-18.0,0.19144934382440293,0.4,2
150.0,54.0,-16.0,0.19144934382440293,0.4,2
150.0,54.0,-14.0,0.19144934382440293,0.4,2
150.0,54.0,-12.0,0.19144934382440293,0.4,2
150.0,56.0,-22.0,0.19144934382440293,0.4,2
150.0,56.0,-20.0,0.19144934382440293,0.4,2
150.0,56.0,-18.0,0.19144934382440293,0.4,2
150.0,56.0,-16.0,0.19144934382440293,0.4,2
150.0,56.0,-14.0,0.19144934382440293,0.4,2
150.0,56.0,-12.0,0.19144934382440293,0.4,2
152.0,54.0,-12.0,0.19144934382440293,0.4,2
152.0,56.0,-14.0,0.19144934382440293,0.4,2
152.0,56.0,-12.0,0.19144934382440293,0.4,2
140.0,54.0,-58.0,0.27590825081544146,0.2,1
142.0,52.0,-58.0,0.27590825081544146,0.2,1
142.0,52.0,-56.0,0.27590825081544146,0.2,1
142.0,52.0,-54.0,0.27590825081544146,0.2,1
142.0,52.0,-52.0,0.27590825081544146,0.2,1
142.0,52.0,-50.0,0.27590825081544146,0.2,1
142.0,52.0,-48.0,0.27590825081544146,0.2,1
142.0,54.0,-56.0,0.27590825081544146,0.2,1
142.0,54.0,-54.0,0.27590825081544146,0.2,1
144.0,52.0,-58.0,0.27590825081544146,0.2,1
144.0,52.0,-56.0,0.27590825081544146,0.2,1
144.0,52.0,-54.0,0.27590825081544146,0.2,1
144.0,52.0,-52.0,0.27590825081544146,0.2,1
144.0,52.0,-50.0,0.27590825081544146,0.2,1
144.0,52.0,-48.0,0.27590825081544146,0.2,1
144.0,52.0,-46.0,0.27590825081544146,0.2,1
144.0,52.0,-44.0,0.27590825081544146,0.2,1
144.0,52.0,-42.0,0.27590825081544146,0.2,1
144.0,54.0,-56.0,0.27590825081544146,0.2,1
144.0,54.0,-54.0,0.27590825081544146,0.2,1
144.0,54.0,-52.0,0.27590825081544146,0.2,1
144.0,54.0,-50.0,0.27590825081544146,0.2,1
144.0,54.0,-48.0,0.27590825081544146,0.2,1
144.0,56.0,-56.0,0.27590825081544146,0.2,1
146.0,52.0,-56.0,0.27590825081544146,0.2,1
146.0,52.0,-54.0,0.27590825081544146,0.2,1
146.0,52.0,-52.0,0.27590825081544146,0.2,1
146.0,52.0,-50.0,0.27590825081544146,0.2,1
146.0,52.0,-48.0,0.27590825081544146,0.2,1
146.0,52.0,-46.0,0.27590825081544146,0.2,1
146.0,52.0,-44.0,0.27590825081544146,0.2,1
146.0,52.0,-42.0,0.27590825081544146,0.2,1
146.0,52.0,-40.0,0.27590825081544146,0.2,1
146.0,54.0,-56.0,0.27590825081544146,0.2,1
146.0,54.0,-54.0,0.27590825081544146,0.2,1
146.0,54.0,-52.0,0.27590825081544146,0.2,1
146.0,54.0,-50.0,0.27590825081544146,0.2,1
146.0,54.0,-48.0,0.27590825081544146,0.2,1
146.0,54.0,-46.0,0.27590825081544146,0.2,1
146.0,54.0,-44.0,0.27590825081544146,0.2,1
146.0,54.0,-42.0,0.27590825081544146,0.2,1
146.0,56.0,-54.0,0.27590825081544146,0.2,1
146.0,56.0,-52.0,0.27590825081544146,0.2,1
146.0,56.0,-50.0,0.27590825081544146,0.2,1
146.0,56.0,-48.0,0.27590825081544146,0.2,1
148.0,50.0,-58.0,0.27590825081544146,0.2,1
148.0,50.0,-56.0,0.27590825081544146,0.2,1
148.0,50.0,-54.0,0.27590825081544146,0.2,1
148.0,50.0,-52.0,0.27590825081544146,0.2,1
148.0,50.0,-50.0,0.27590825081544146,0.2,1
148.0,50.0,-48.0,0.27590825081544146,0.2,1
148.0,50.0,-46.0,0.27590825081544146,0.2,1
148.0,50.0,-44.0,0.27590825081544146,0.2,1
148.0,50.0,-42.0,0.27590825081544146,0.2,1
148.0,50.0,-40.0,0.27590825081544146,0.2,1
148.0,50.0,-38.0,0.27590825081544146,0.2,1
148.0,52.0,-56.0,0.27590825081544146,0.2,1
148.0,52.0,-54.0,0.27590825081544146,0.2,1
148.0,52.0,-52.0,0.27590825081544146,0.2,1
148.0,52.0,-50.0,0.27590825081544146,0.2,1
148.0,52.0,-48.0,0.27590825081544146,0.2,1
148.0,52.0,-46.0,0.27590825081544146,0.2,1
148.0,52.0,-44.0,0.27590825081544146,0.2,1
148.0,52.0,-42.0,0.27590825081544146,0.2,1
148.0,52.0,-40.0,0.27590825081544146,0.2,1
148.0,52.0,-38.0,0.27590825081544146,0.2,1
148.0,54.0,-56.0,0.27590825081544146,0.2,1
148.0,54.0,-54.0,0.27590825081544146,0.2,1
148.0,54.0,-52.0,0.27590825081544146,0.2,1
148.0,54.0,-50.0,0.27590825081544146,0.2,1
148.0,54.0,-48.0,0.27590825081544146,0.2,1
148.0,54.0,-46.0,0.27590825081544146,0.2,1
148.0,54.0,-44.0,0.27590825081544146,0.2,1
148.0,54.0,-42.0,0.27590825081544146,0.2,1
148.0,54.0,-40.0,0.27590825081544146,0.2,1
148.0,54.0,-38.0,0.27590825081544146,0.2,1
148.0,56.0,-54.0,0.27590825081544146,0.2,1
148.0,56.0,-52.0,0.27590825081544146,0.2,1
148.0,56.0,-50.0,0.27590825081544146,0.2,1
148.0,56.0,-48.0,0.27590825081544146,0.2,1
148.0,56.0,-46.0,0.27590825081544146,0.2,1
148.0,56.0,-44.0,0.27590825081544146,0.2,1
148.0,56.0,-42.0,0.27590825081544146,0.2,1
148.0,56.0,-40.0,0.27590825081544146,0.2,1
148.0,58.0,-54.0,0.27590825081544146,0.2,1
148.0,58.0,-52.0,0.27590825081544146,0.2,1
148.0,58.0,-50.0,0.27590825081544146,0.2,1
150.0,50.0,-56.0,0.27590825081544146,0.2,1
150.0,50.0,-54.0,0.27590825081544146,0.2,1
150.0,50.0,-52.0,0.27590825081544146,0.2,1
150.0,50.0,-50.0,0.27590825081544146,0.2,1
150.0,50.0,-48.0,0.27590825081544146,0.2,1
150.0,50.0,-46.0,0.27590825081544146,0.2,1
150.0,50.0,-44.0,0.27590825081544146,0.2,1
150.0,50.0,-42.0,0.27590825081544146,0.2,1
150.0,50.0,-40.0,0.27590825081544146,0.2,1
150.0,50.0,-38.0,0.27590825081544146,0.2,1
150.0,50.0,-36.0,0.27590825081544146,0.2,1
150.0,52.0,-56.0,0.27590825081544146,0.2,1
150.0,52.0,-54.0,0.27590825081544146,0.2,1
150.0,52.0,-52.0,0.27590825081544146,0.2,1
150.0,52.0,-50.0,0.27590825081544146,0.2,1
150.0,52.0,-48.0,0.27590825081544146,0.2,1
150.0,52.0,-46.0,0.27590825081544146,0.2,1
150.0,52.0,-44.0,0.27590825081544146,0.2,1
150.0,52.0,-42.0,0.27590825081544146,0.2,1
150.0,52.0,-40.0,0.27590825081544146,0.2,1
150.0,52.0,-38.0,0.27590825081544146,0.2,1
150.0,52.0,-36.0,0.27590825081544146,0.2,1
150.0,54.0,-54.0,0.27590825081544146,0.2,1
150.0,54.0,-52.0,0.27590825081544146,0.2,1
150.0,54.0,-50.0,0.27590825081544146,0.2,1
150.0,54.0,-48.0,0.27590825081544146,0.2,1
150.0,54.0,-46.0,0.27590825081544146,0.2,1
150.0,54.0,-44.0,0.27590825081544146,0.2,1
150.0,54.0,-42.0,0.27590825081544146,0.2,1
150.0,54.0,-40.0,0.27590825081544146,0.2,1
150.0,54.0,-38.0,0.27590825081544146,0.2,1
150.0,54.0,-36.0,0.27590825081544146,0.2,1
150.0,56.0,-54.0,0.27590825081544146,0.2,1
150.0,56.0,-52.0,0.27590825081544146,0.2,1
150.0,56.0,-50.0,0.27590825081544146,0.2,1
150.0,56.0,-48.0,0.27590825081544146,0.2,1
150.0,56.0,-46.0,0.27590825081544146,0.2,1
150.0,56.0,-44.0,0.27590825081544146,0.2,1
150.0,56.0,-42.0,0.27590825081544146,0.2,1
150.0,56.0,-40.0,0.27590825081544146,0.2,1
150.0,56.0,-38.0,0.27590825081544146,0.2,1
150.0,56.0,-36.0,0.27590825081544146,0.2,1
150.0,58.0,-52.0,0.27590825081544146,0.2,1
150.0,58.0,-50.0,0.27590825081544146,0.2,1
150.0,58.0,-48.0,0.27590825081544146,0.2,1
150.0,58.0,-46.0,0.27590825081544146,0.2,1
150.0,58.0,-44.0,0.27590825081544146,0.2,1
150.0,58.0,-42.0,0.27590825081544146,0.2,1
150.0,58.0,-40.0,0.27590825081544146,0.2,1
150.0,58.0,-38.0,0.27590825081544146,0.2,1
152.0,50.0,-56.0,0.27590825081544146,0.2,1
152.0,50.0,-54.0,0.27590825081544146,0.2,1
152.0,50.0,-52.0,0.27590825081544146,0.2,1
152.0,50.0,-50.0,0.27590825081544146,0.2,1
152.0,50.0,-48.0,0.27590825081544146,0.2,1
152.0,50.0,-46.0,0.27590825081544146,0.2,1
152.0,50.0,-44.0,0.27590825081544146,0.2,1
152.0,50.0,-42.0,0.27590825081544146,0.2,1
152.0,50.0,-40.0,0.27590825081544146,0.2,1
152.0,50.0,-38.0,0.27590825081544146,0.2,1
152.0,50.0,-36.0,0.27590825081544146,0.2,1
152.0,52.0,-54.0,0.27590825081544146,0.2,1
152.0,52.0,-52.0,0.27590825081544146,0.2,1
152.0,52.0,-50.0,0.27590825081544146,0.2,1
152.0,52.0,-48.0,0.27590825081544146,0.2,1
152.0,52.0,-46.0,0.27590825081544146,0.2,1
152.0,52.0,-44.0,0.27590825081544146,0.2,1
152.0,52.0,-42.0,0.27590825081544146,0.2,1
152.0,52.0,-40.0,0.27590825081544146,0.2,1
152.0,52.0,-38.0,0.27590825081544146,0.2,1
152.0,52.0,-36.0,0.27590825081544146,0.2,1
152.0,54.0,-54.0,0.27590825081544146,0.2,1
152.0,54.0,-52.0,0.27590825081544146,0.2,1
152.0,54.0,-50.0,0.27590825081544146,0.2,1
152.0,54.0,-48.0,0.27590825081544146,0.2,1
152.0,54.0,-46.0,0.27590825081544146,0.2,1
152.0,54.0,-44.0,0.27590825081544146,0.2,1
152.0,54.0,-42.0,0.27590825081544146,0.2,1
152.0,54.0,-40.0,0.27590825081544146,0.2,1
152.0,54.0,-38.0,0.27590825081544146,0.2,1
152.0,54.0,-36.0,0.27590825081544146,0.2,1
152.0,56.0,-52.0,0.27590825081544146,0.2,1
152.0,56.0,-50.0,0.27590825081544146,0.2,1
152.0,56.0,-48.0,0.27590825081544146,0.2,1
152.0,56.0,-46.0,0.27590825081544146,0.2,1
152.0,56.0,-44.0,0.27590825081544146,0.2,1
152.0,56.0,-42.0,0.27590825081544146,0.2,1
152.0,56.0,-40.0,0.27590825081544146,0.2,1
152.0,56.0,-38.0,0.27590825081544146,0.2,1
152.0,56.0,-36.0,0.27590825081544146,0.2,1
152.0,58.0,-34.0,0.27590825081544146,0.2,1
152.0,58.0,-32.0,0.27590825081544146,0.2,1
152.0,60.0,-34.0,0.27590825081544146,0.2,1
152.0,58.0,-30.0,0.27590825081544146,0.2,1
152.0,58.0,-28.0,0.27590825081544146,0.2,1
152.0,58.0,-26.0,0.27590825081544146,0.2,1
152.0,58.0,-24.0,0.27590825081544146,0.2,1
152.0,58.0,-22.0,0.27590825081544146,0.2,1
154.0,48.0,-48.0,0.27590825081544146,0.2,1
154.0,48.0,-46.0,0.27590825081544146,0.2,1
154.0,48.0,-44.0,0.27590825081544146,0.2,1
154.0,48.0,-42.0,0.27590825081544146,0.2,1
154.0,48.0,-40.0,0.27590825081544146,0.2,1
154.0,48.0,-38.0,0.27590825081544146,0.2,1
154.0,48.0,-36.0,0.27590825081544146,0.2,1
154.0,48.0,-34.0,0.27590825081544146,0.2,1
154.0,50.0,-48.0,0.27590825081544146,0.2,1
154.0,50.0,-46.0,0.27590825081544146,0.2,1
154.0,50.0,-44.0,0.27590825081544146,0.2,1
154.0,50.0,-42.0,0.27590825081544146,0.2,1
154.0,50.0,-40.0,0.27590825081544146,0.2,1
154.0,50.0,-38.0,0.27590825081544146,0.2,1
154.0,50.0,-36.0,0.27590825081544146,0.2,1
154.0,50.0,-34.0,0.27590825081544146,0.2,1
154.0,52.0,-48.0,0.27590825081544146,0.2,1
154.0,52.0,-46.0,0.27590825081544146,0.2,1
154.0,52.0,-44.0,0.27590825081544146,0.2,1
154.0,52.0,-42.0,0.27590825081544146,0.2,1
154.0,52.0,-40.0,0.27590825081544146,0.2,1
154.0,52.0,-38.0,0.27590825081544146,0.2,1
154.0,52.0,-36.0,0.27590825081544146,0.2,1
154.0,52.0,-34.0,0.27590825081544146,0.2,1
154.0,54.0,-48.0,0.27590825081544146,0.2,1
154.0,54.0,-46.0,0.27590825081544146,0.2,1
154.0,54.0,-44.0,0.27590825081544146,0.2,1
154.0,54.0,-42.0,0.27590825081544146,0.2,1
154.0,54.0,-40.0,0.27590825081544146,0.2,1
154.0,54.0,-38.0,0.27590825081544146,0.2,1
154.0,54.0,-36.0,0.27590825081544146,0.2,1
154.0,54.0,-34.0,0.27590825081544146,0.2,1
154.0,56.0,-48.0,0.27590825081544146,0.2,1
154.0,56.0,-46.0,0.27590825081544146,0.2,1
154.0,56.0,-44.0,0.27590825081544146,0.2,1
154.0,56.0,-42.0,0.27590825081544146,0.2,1
154.0,56.0,-40.0,0.27590825081544146,0.2,1
154.0,56.0,-38.0,0.27590825081544146,0.2,1
154.0,56.0,-36.0,0.27590825081544146,0.2,1
154.0,56.0,-34.0,0.27590825081544146,0.2,1
154.0,58.0,-32.0,0.27590825081544146,0.2,1
154.0,58.0,-30.0,0.27590825081544146,0.2,1
154.0,58.0,-28.0,0.27590825081544146,0.2,1
154.0,58.0,-26.0,0.27590825081544146,0.2,1
154.0,58.0,-24.0,0.27590825081544146,0.2,1
154.0,58.0,-22.0,0.27590825081544146,0.2,1
154.0,58.0,-20.0,0.27590825081544146,0.2,1
154.0,60.0,-32.0,0.27590825081544146,0.2,1
154.0,60.0,-30.0,0.27590825081544146,0.2,1
154.0,60.0,-28.0,0.27590825081544146,0.2,1
154.0,60.0,-26.0,0.27590825081544146,0.2,1
154.0,60.0,-24.0,0.27590825081544146,0.2,1
154.0,60.0,-22.0,0.27590825081544146,0.2,1
154.0,62.0,-32.0,0.27590825081544146,0.2,1
154.0,62.0,-30.0,0.27590825081544146,0.2,1
154.0,62.0,-28.0,0.27590825081544146,0.2,1
154.0,62.0,-26.0,0.27590825081544146,0.2,1
154.0,62.0,-24.0,0.27590825081544146,0.2,1
154.0,62.0,-22.0,0.27590825081544146,0.2,1
156.0,48.0,-48.0,0.27590825081544146,0.2,1
156.0,48.0,-46.0,0.27590825081544146,0.2,1
156.0,48.0,-44.0,0.27590825081544146,0.2,1
156.0,48.0,-42.0,0.27590825081544146,0.2,1
156.0,48.0,-40.0,0.27590825081544146,0.2,1
156.0,48.0,-38.0,0.27590825081544146,0.2,1
156.0,48.0,-36.0,0.27590825081544146,0.2,1
156.0,48.0,-34.0,0.27590825081544146,0.2,1
156.0,50.0,-48.0,0.27590825081544146,0.2,1
156.0,50.0,-46.0,0.27590825081544146,0.2,1
156.0,50.0,-44.0,0.27590825081544146,0.2,1
156.0,50.0,-42.0,0.27590825081544146,0.2,1
156.0,50.0,-40.0,0.27590825081544146,0.2,1
156.0,50.0,-38.0,0.27590825081544146,0.2,1
156.0,50.0,-36.0,0.27590825081544146,0.2,1
156.0,50.0,-34.0,0.27590825081544146,0.2,1
156.0,52.0,-48.0,0.27590825081544146,0.2,1
156.0,52.0,-46.0,0.27590825081544146,0.2,1
156.0,52.0,-44.0,0.27590825081544146,0.2,1
156.0,52.0,-42.0,0.27590825081544146,0.2,1
156.0,52.0,-40.0,0.27590825081544146,0.2,1
156.0,52.0,-38.0,0.27590825081544146,0.2,1
156.0,52.0,-36.0,0.27590825081544146,0.2,1
156.0,52.0,-34.0,0.27590825081544146,0.2,1
156.0,54.0,-48.0,0.27590825081544146,0.2,1
156.0,54.0,-46.0,0.27590825081544146,0.2,1
156.0,54.0,-44.0,0.27590825081544146,0.2,1
156.0,54.0,-42.0,0.27590825081544146,0.2,1
156.0,54.0,-40.0,0.27590825081544146,0.2,1
156.0,54.0,-38.0,0.27590825081544146,0.2,1
156.0,54.0,-36.0,0.27590825081544146,0.2,1
156.0,54.0,-34.0,0.27590825081544146,0.2,1
156.0,56.0,-32.0,0.27590825081544146,0.2,1
156.0,56.0,-30.0,0.27590825081544146,0.2,1
156.0,56.0,-28.0,0.27590825081544146,0.2,1
156.0,56.0,-26.0,0.27590825081544146,0.2,1
156.0,56.0,-24.0,0.27590825081544146,0.2,1
156.0,56.0,-22.0,0.27590825081544146,0.2,1
156.0,56.0,-20.0,0.27590825081544146,0.2,1
156.0,58.0,-32.0,0.27590825081544146,0.2,1
156.0,58.0,-30.0,0.27590825081544146,0.2,1
156.0,58.0,-28.0,0.27590825081544146,0.2,1
156.0,58.0,-26.0,0.27590825081544146,0.2,1
156.0,58.0,-24.0,0.27590825081544146,0.2,1
156.0,58.0,-22.0,0.27590825081544146,0.2,1
156.0,58.0,-20.0,0.27590825081544146,0.2,1
156.0,60.0,-32.0,0.27590825081544146,0.2,1
156.0,60.0,-30.0,0.27590825081544146,0.2,1
156.0,60.0,-28.0,0.27590825081544146,0.2,1
156.0,60.0,-26.0,0.27590825081544146,0.2,1
156.0,60.0,-24.0,0.27590825081544146,0.2,1
156.0,60.0,-22.0,0.27590825081544146,0.2,1
156.0,60.0,-20.0,0.27590825081544146,0.2,1
156.0,62.0,-32.0,0.27590825081544146,0.2,1
156.0,62.0,-30.0,0.27590825081544146,0.2,1
156.0,62.0,-28.0,0.27590825081544146,0.2,1
156.0,62.0,-26.0,0.27590825081544146,0.2,1
156.0,62.0,-24.0,0.27590825081544146,0.2,1
156.0,62.0,-22.0,0.27590825081544146,0.2,1
156.0,62.0,-20.0,0.27590825081544146,0.2,1
156.0,64.0,-32.0,0.27590825081544146,0.2,1
156.0,64.0,-30.0,0.27590825081544146,0.2,1
156.0,64.0,-28.0,0.27590825081544146,0.2,1
156.0,64.0,-26.0,0.27590825081544146,0.2,1
156.0,64.0,-24.0,0.27590825081544146,0.2,1
156.0,64.0,-22.0,0.27590825081544146,0.2,1
156.0,64.0,-20.0,0.27590825081544146,0.2,1
156.0,66.0,-26.0,0.27590825081544146,0.2,1
156.0,66.0,-24.0,0.27590825081544146,0.2,1
156.0,66.0,-22.0,0.27590825081544146,0.2,1
156.0,66.0,-20.0,0.27590825081544146,0.2,1
158.0,48.0,-48.0,0.27590825081544146,0.2,1
158.0,48.0,-46.0,0.27590825081544146,0.2,1
158.0,48.0,-44.0,0.27590825081544146,0.2,1
158.0,48.0,-42.0,0.27590825081544146,0.2,1
158.0,48.0,-40.0,0.27590825081544146,0.2,1
158.0,48.0,-38.0,0.27590825081544146,0.2,1
158.0,48.0,-36.0,0.27590825081544146,0.2,1
158.0,48.0,-34.0,0.27590825081544146,0.2,1
158.0,48.0,-32.0,0.27590825081544146,0.2,1
158.0,50.0,-48.0,0.27590825081544146,0.2,1
158.0,50.0,-46.0,0.27590825081544146,0.2,1
158.0,50.0,-44.0,0.27590825081544146,0.2,1
158.0,50.0,-42.0,0.27590825081544146,0.2,1
158.0,50.0,-40.0,0.27590825081544146,0.2,1
158.0,50.0,-38.0,0.27590825081544146,0.2,1
158.0,50.0,-36.0,0.27590825081544146,0.2,1
158.0,50.0,-34.0,0.27590825081544146,0.2,1
158.0,50.0,-32.0,0.27590825081544146,0.2,1
158.0,52.0,-48.0,0.27590825081544146,0.2,1
158.0,52.0,-46.0,0.27590825081544146,0.2,1
158.0,52.0,-44.0,0.27590825081544146,0.2,1
158.0,52.0,-42.0,0.27590825081544146,0.2,1
158.0,52.0,-40.0,0.27590825081544146,0.2,1
158.0,52.0,-38.0,0.27590825081544146,0.2,1
158.0,52.0,-36.0,0.27590825081544146,0.2,1
158.0,52.0,-34.0,0.27590825081544146,0.2,1
158.0,52.0,-32.0,0.27590825081544146,0.2,1
158.0,54.0,-48.0,0.27590825081544146,0.2,1
158.0,54.0,-46.0,0.27590825081544146,0.2,1
158.0,54.0,-44.0,0.27590825081544146,0.2,1
158.0,54.0,-42.0,0.27590825081544146,0.2,1
158.0,54.0,-40.0,0.27590825081544146,0.2,1
158.0,54.0,-38.0,0.27590825081544146,0.2,1
158.0,54.0,-36.0,0.27590825081544146,0.2,1
158.0,54.0,-34.0,0.27590825081544146,0.2,1
158.0,54.0,-32.0,0.27590825081544146,0.2,1
158.0,56.0,-30.0,0.27590825081544146,0.2,1
158.0,56.0,-28.0,0.27590825081544146,0.2,1
158.0,56.0,-26.0,0.27590825081544146,0.2,1
158.0,56.0,-24.0,0.27590825081544146,0.2,1
158.0,56.0,-22.0,0.27590825081544146,0.2,1
158.0,56.0,-20.0,0.27590825081544146,0.2,1
158.0,56.0,-18.0,0.27590825081544146,0.2,1
158.0,58.0,-30.0,0.27590825081544146,0.2,1
158.0,58.0,-28.0,0.27590825081544146,0.2,1
158.0,58.0,-26.0,0.27590825081544146,0.2,1
158.0,58.0,-24.0,0.27590825081544146,0.2,1
158.0,58.0,-22.0,0.27590825081544146,0.2,1
158.0,58.0,-20.0,0.27590825081544146,0.2,1
158.0,58.0,-18.0,0.27590825081544146,0.2,1
158.0,60.0,-30.0,0.27590825081544146,0.2,1
158.0,60.0,-28.0,0.27590825081544146,0.2,1
158.0,60.0,-26.0,0.27590825081544146,0.2,1
158.0,60.0,-24.0,0.27590825081544146,0.2,1
158.0,60.0,-22.0,0.27590825081544146,0.2,1
158.0,60.0,-20.0,0.27590825081544146,0.2,1
158.0,60.0,-18.0,0.27590825081544146,0.2,1
158.0,62.0,-30.0,0.27590825081544146,0.2,1
158.0,62.0,-28.0,0.27590825081544146,0.2,1
158.0,62.0,-26.0,0.27590825081544146,0.2,1
158.0,62.0,-24.0,0.27590825081544146,0.2,1
158.0,62.0,-22.0,0.27590825081544146,0.2,1
158.0,62.0,-20.0,0.27590825081544146,0.2,1
158.0,62.0,-18.0,0.27590825081544146,0.2,1
158.0,64.0,-30.0,0.27590825081544146,0.2,1
158.0,64.0,-28.0,0.27590825081544146,0.2,1
158.0,64.0,-26.0,0.27590825081544146,0.2,1
158.0,64.0,-24.0,0.27590825081544146,0.2,1
158.0,64.0,-22.0,0.27590825081544146,0.2,1
158.0,64.0,-20.0,0.27590825081544146,0.2,1
158.0,64.0,-18.0,0.27590825081544146,0.2,1
158.0,66.0,-30.0,0.27590825081544146,0.2,1
158.0,66.0,-28.0,0.27590825081544146,0.2,1
158.0,66.0,-26.0,0.27590825081544146,0.2,1
158.0,66.0,-24.0,0.27590825081544146,0.2,1
158.0,66.0,-22.0,0.27590825081544146,0.2,1
158.0,66.0,-20.0,0.27590825081544146,0.2,1
158.0,66.0,-18.0,0.27590825081544146,0.2,1
158.0,68.0,-30.0,0.27590825081544146,0.2,1
158.0,68.0,-28.0,0.27590825081544146,0.2,1
158.0,68.0,-26.0,0.27590825081544146,0.2,1
158.0,68.0,-24.0,0.27590825081544146,0.2,1
158.0,68.0,-22.0,0.27590825081544146,0.2,1
158.0,68.0,-20.0,0.27590825081544146,0.2,1
158.0,70.0,-24.0,0.27590825081544146,0.2,1
158.0,70.0,-22.0,0.27590825081544146,0.2,1
158.0,70.0,-20.0,0.27590825081544146,0.2,1
158.0,72.0,-20.0,0.27590825081544146,0.2,1
160.0,48.0,-48.0,0.27590825081544146,0.2,1
160.0,48.0,-46.0,0.27590825081544146,0.2,1
160.0,48.0,-44.0,0.27590825081544146,0.2,1
160.0,48.0,-42.0,0.27590825081544146,0.2,1
160.0,48.0,-40.0,0.27590825081544146,0.2,1
160.0,48.0,-38.0,0.27590825081544146,0.2,1
160.0,48.0,-36.0,0.27590825081544146,0.2,1
160.0,48.0,-34.0,0.27590825081544146,0.2,1
160.0,48.0,-32.0,0.27590825081544146,0.2,1
160.0,50.0,-48.0,0.27590825081544146,0.2,1
160.0,50.0,-46.0,0.27590825081544146,0.2,1
160.0,50.0,-44.0,0.27590825081544146,0.2,1
160.0,50.0,-42.0,0.27590825081544146,0.2,1
160.0,50.0,-40.0,0.27590825081544146,0.2,1
160.0,50.0,-38.0,0.27590825081544146,0.2,1
160.0,50.0,-36.0,0.27590825081544146,0.2,1
160.0,50.0,-34.0,0.27590825081544146,0.2,1
160.0,50.0,-32.0,0.27590825081544146,0.2,1
160.0,52.0,-48.0,0.27590825081544146,0.2,1
160.0,52.0,-46.0,0.27590825081544146,0.2,1
160.0,52.0,-44.0,0.27590825081544146,0.2,1
160.0,52.0,-42.0,0.27590825081544146,0.2,1
160.0,52.0,-40.0,0.27590825081544146,0.2,1
160.0,52.0,-38.0,0.27590825081544146,0.2,1
160.0,52.0,-36.0,0.27590825081544146,0.2,1
160.0,52.0,-34.0,0.27590825081544146,0.2,1
160.0,52.0,-32.0,0.27590825081544146,0.2,1
160.0,54.0,-30.0,0.27590825081544146,0.2,1
160.0,54.0,-28.0,0.27590825081544146,0.2,1
160.0,54.0,-26.0,0.27590825081544146,0.2,1
160.0,54.0,-24.0,0.27590825081544146,0.2,1
160.0,54.0,-22.0,0.27590825081544146,0.2,1
160.0,54.0,-20.0,0.27590825081544146,0.2,1
160.0,54.0,-18.0,0.27590825081544146,0.2,1
160.0,54.0,-16.0,0.27590825081544146,0.2,1
160.0,56.0,-30.0,0.27590825081544146,0.2,1
160.0,56.0,-28.0,0.27590825081544146,0.2,1
160.0,56.0,-26.0,0.27590825081544146,0.2,1
160.0,56.0,-24.0,0.27590825081544146,0.2,1
160.0,56.0,-22.0,0.27590825081544146,0.2,1
160.0,56.0,-20.0,0.27590825081544146,0.2,1
160.0,56.0,-18.0,0.27590825081544146,0.2,1
160.0,56.0,-16.0,0.27590825081544146,0.2,1
160.0,58.0,-30.0,0.27590825081544146,0.2,1
160.0,58.0,-28.0,0.27590825081544146,0.2,1
160.0,58.0,-26.0,0.27590825081544146,0.2,1
160.0,58.0,-24.0,0.27590825081544146,0.2,1
160.0,58.0,-22.0,0.27590825081544146,0.2,1
160.0,58.0,-20.0,0.27590825081544146,0.2,1
160.0,58.0,-18.0,0.27590825081544146,0.2,1
160.0,58.0,-16.0,0.27590825081544146,0.2,1
160.0,60.0,-30.0,0.27590825081544146,0.2,1
160.0,60.0,-28.0,0.27590825081544146,0.2,1
160.0,60.0,-26.0,0.27590825081544146,0.2,1
160.0,60.0,-24.0,0.27590825081544146,0.2,1
160.0,60.0,-22.0,0.27590825081544146,0.2,1
160.0,60.0,-20.0,0.27590825081544146,0.2,1
160.0,60.0,-18.0,0.27590825081544146,0.2,1
160.0,60.0,-16.0,0.27590825081544146,0.2,1
160.0,62.0,-30.0,0.27590825081544146,0.2,1
160.0,62.0,-28.0,0.27590825081544146,0.2,1
160.0,62.0,-26.0,0.27590825081544146,0.2,1
160.0,62.0,-24.0,0.27590825081544146,0.2,1
160.0,62.0,-22.0,0.27590825081544146,0.2,1
160.0,62.0,-20.0,0.27590825081544146,0.2,1
160.0,62.0,-18.0,0.27590825081544146,0.2,1
160.0,64.0,-30.0,0.27590825081544146,0.2,1
160.0,64.0,-28.0,0.27590825081544146,0.2,1
160.0,64.0,-26.0,0.27590825081544146,0.2,1
160.0,64.0,-24.0,0.27590825081544146,0.2,1
160.0,64.0,-22.0,0.27590825081544146,0.2,1
160.0,64.0,-20.0,0.27590825081544146,0.2,1
160.0,64.0,-18.0,0.27590825081544146,0.2,1
160.0,66.0,-30.0,0.27590825081544146,0.2,1
160.0,66.0,-28.0,0.27590825081544146,0.2,1
160.0,66.0,-26.0,0.27590825081544146,0.2,1
160.0,66.0,-24.0,0.27590825081544146,0.2,1
160.0,66.0,-22.0,0.27590825081544146,0.2,1
160.0,66.0,-20.0,0.27590825081544146,0.2,1
160.0,66.0,-18.0,0.27590825081544146,0.2,1
160.0,68.0,-30.0,0.27590825081544146,0.2,1
160.0,68.0,-28.0,0.27590825081544146,0.2,1
160.0,68.0,-26.0,0.27590825081544146,0.2,1
160.0,68.0,-24.0,0.27590825081544146,0.2,1
160.0,68.0,-22.0,0.27590825081544146,0.2,1
160.0,68.0,-20.0,0.27590825081544146,0.2,1
160.0,68.0,-18.0,0.27590825081544146,0.2,1
160.0,70.0,-30.0,0.27590825081544146,0.2,1
160.0,70.0,-28.0,0.27590825081544146,0.2,1
160.0,70.0,-26.0,0.27590825081544146,0.2,1
160.0,70.0,-24.0,0.27590825081544146,0.2,1
160.0,70.0,-22.0,0.27590825081544146,0.2,1
160.0,70.0,-20.0,0.27590825081544146,0.2,1
160.0,70.0,-18.0,0.27590825081544146,0.2,1
160.0,72.0,-28.0,0.27590825081544146,0.2,1
160.0,72.0,-26.0,0.27590825081544146,0.2,1
160.0,72.0,-24.0,0.27590825081544146,0.2,1
160.0,72.0,-22.0,0.27590825081544146,0.2,1
160.0,72.0,-20.0,0.27590825081544146,0.2,1
160.0,72.0,-18.0,0.27590825081544146,0.2,1
162.0,48.0,-48.0,0.27590825081544146,0.2,1
162.0,48.0,-46.0,0.27590825081544146,0.2,1
162.0,48.0,-44.0,0.27590825081544146,0.2,1
162.0,48.0,-42.0,0.27590825081544146,0.2,1
162.0,48.0,-40.0,0.27590825081544146,0.2,1
162.0,48.0,-38.0,0.27590825081544146,0.2,1
162.0,48.0,-36.0,0.27590825081544146,0.2,1
162.0,48.0,-34.0,0.27590825081544146,0.2,1
162.0,48.0,-32.0,0.27590825081544146,0.2,1
162.0,48.0,-30.0,0.27590825081544146,0.2,1
162.0,50.0,-48.0,0.27590825081544146,0.2,1
162.0,50.0,-46.0,0.27590825081544146,0.2,1
162.0,50.0,-44.0,0.27590825081544146,0.2,1
162.0,50.0,-42.0,0.27590825081544146,0.2,1
162.0,50.0,-40.0,0.27590825081544146,0.2,1
162.0,50.0,-38.0,0.27590825081544146,0.2,1
162.0,50.0,-36.0,0.27590825081544146,0.2,1
162.0,50.0,-34.0,0.27590825081544146,0.2,1
162.0,50.0,-32.0,0.27590825081544146,0.2,1
162.0,50.0,-30.0,0.27590825081544146,0.2,1
162.0,52.0,-48.0,0.27590825081544146,0.2,1
162.0,52.0,-46.0,0.27590825081544146,0.2,1
162.0,52.0,-44.0,0.27590825081544146,0.2,1
162.0,52.0,-42.0,0.27590825081544146,0.2,1
162.0,52.0,-40.0,0.27590825081544146,0.2,1
162.0,52.0,-38.0,0.27590825081544146,0.2,1
162.0,52.0,-36.0,0.27590825081544146,0.2,1
162.0,52.0,-34.0,0.27590825081544146,0.2,1
162.0,52.0,-32.0,0.27590825081544146,0.2,1
162.0,52.0,-30.0,0.27590825081544146,0.2,1
162.0,54.0,-28.0,0.27590825081544146,0.2,1
162.0,54.0,-26.0,0.27590825081544146,0.2,1
162.0,54.0,-24.0,0.27590825081544146,0.2,1
162.0,54.0,-22.0,0.27590825081544146,0.2,1
162.0,54.0,-20.0,0.27590825081544146,0.2,1
162.0,54.0,-18.0,0.27590825081544146,0.2,1
162.0,54.0,-16.0,0.27590825081544146,0.2,1
162.0,56.0,-28.0,0.27590825081544146,0.2,1
162.0,56.0,-26.0,0.27590825081544146,0.2,1
162.0,56.0,-24.0,0.27590825081544146,0.2,1
162.0,56.0,-22.0,0.27590825081544146,0.2,1
162.0,56.0,-20.0,0.27590825081544146,0.2,1
162.0,56.0,-18.0,0.27590825081544146,0.2,1
162.0,56.0,-16.0,0.27590825081544146,0.2,1
162.0,58.0,-28.0,0.27590825081544146,0.2,1
162.0,58.0,-26.0,0.27590825081544146,0.2,1
162.0,58.0,-24.0,0.27590825081544146,0.2,1
162.0,58.0,-22.0,0.27590825081544146,0.2,1
162.0,58.0,-20.0,0.27590825081544146,0.2,1
162.0,58.0,-18.0,0.27590825081544146,0.2,1
162.0,58.0,-16.0,0.27590825081544146,0.2,1
162.0,60.0,-28.0,0.27590825081544146,0.2,1
162.0,60.0,-26.0,0.27590825081544146,0.2,1
162.0,60.0,-24.0,0.27590825081544146,0.2,1
162.0,60.0,-22.0,0.27590825081544146,0.2,1
162.0,60.0,-20.0,0.27590825081544146,0.2,1
162.0,60.0,-18.0,0.27590825081544146,0.2,1
162.0,60.0,-16.0,0.27590825081544146,0.2,1
162.0,62.0,-28.0,0.27590825081544146,0.2,1
162.0,62.0,-26.0,0.27590825081544146,0.2,1
162.0,62.0,-24.0,0.27590825081544146,0.2,1
162.0,62.0,-22.0,0.27590825081544146,0.2,1
162.0,62.0,-20.0,0.27590825081544146,0.2,1
162.0,62.0,-18.0,0.27590825081544146,0.2,1
162.0,62.0,-16.0,0.27590825081544146,0.2,1
162.0,64.0,-28.0,0.27590825081544146,0.2,1
162.0,64.0,-26.0,0.27590825081544146,0.2,1
162.0,64.0,-24.0,0.27590825081544146,0.2,1
162.0,64.0,-22.0,0.27590825081544146,0.2,1
162.0,64.0,-20.0,0.27590825081544146,0.2,1
162.0,64.0,-18.0,0.27590825081544146,0.2,1
162.0,64.0,-16.0,0.27590825081544146,0.2,1
162.0,66.0,-28.0,0.27590825081544146,0.2,1
162.0,66.0,-26.0,0.27590825081544146,0.2,1
162.0,66.0,-24.0,0.27590825081544146,0.2,1
162.0,66.0,-22.0,0.27590825081544146,0.2,1
162.0,66.0,-20.0,0.27590825081544146,0.2,1
162.0,66.0,-18.0,0.27590825081544146,0.2,1
162.0,66.0,-16.0,0.27590825081544146,0.2,1
162.0,68.0,-28.0,0.27590825081544146,0.2,1
162.0,68.0,-26.0,0.27590825081544146,0.2,1
162.0,68.0,-24.0,0.27590825081544146,0.2,1
162.0,68.0,-22.0,0.27590825081544146,0.2,1
162.0,68.0,-20.0,0.27590825081544146,0.2,1
162.0,68.0,-18.0,0.27590825081544146,0.2,1
162.0,68.0,-16.0,0.27590825081544146,0.2,1
162.0,70.0,-28.0,0.27590825081544146,0.2,1
162.0,70.0,-26.0,0.27590825081544146,0.2,1
162.0,70.0,-24.0,0.27590825081544146,0.2,1
162.0,70.0,-22.0,0.27590825081544146,0.2,1
162.0,70.0,-20.0,0.27590825081544146,0.2,1
162.0,70.0,-18.0,0.27590825081544146,0.2,1
162.0,70.0,-16.0,0.27590825081544146,0.2,1
162.0,72.0,-30.0,0.27590825081544146,0.2,1
162.0,72.0,-28.0,0.27590825081544146,0.2,1
162.0,72.0,-26.0,0.27590825081544146,0.2,1
162.0,72.0,-24.0,0.27590825081544146,0.2,1
162.0,72.0,-22.0,0.27590825081544146,0.2,1
162.0,72.0,-20.0,0.27590825081544146,0.2,1
162.0,72.0,-18.0,0.27590825081544146,0.2,1
162.0,72.0,-16.0,0.27590825081544146,0.2,1
160.0,74.0,-24.0,0.27590825081544146,0.2,1
160.0,74.0,-22.0,0.27590825081544146,0.2,1
160.0,74.0,-20.0,0.27590825081544146,0.2,1
160.0,74.0,-18.0,0.27590825081544146,0.2,1
160.0,76.0,-20.0,0.27590825081544146,0.2,1
160.0,76.0,-18.0,0.27590825081544146,0.2,1
162.0,74.0,-30.0,0.27590825081544146,0.2,1
162.0,74.0,-28.0,0.27590825081544146,0.2,1
162.0,74.0,-26.0,0.27590825081544146,0.2,1
162.0,74.0,-24.0,0.27590825081544146,0.2,1
162.0,74.0,-22.0,0.27590825081544146,0.2,1
162.0,74.0,-20.0,0.27590825081544146,0.2,1
162.0,74.0,-18.0,0.27590825081544146,0.2,1
162.0,74.0,-16.0,0.27590825081544146,0.2,1
162.0,76.0,-26.0,0.27590825081544146,0.2,1
162.0,76.0,-24.0,0.27590825081544146,0.2,1
162.0,76.0,-22.0,0.27590825081544146,0.2,1
162.0,76.0,-20.0,0.27590825081544146,0.2,1
162.0,76.0,-18.0,0.27590825081544146,0.2,1
162.0,78.0,-24.0,0.27590825081544146,0.2,1
162.0,78.0,-22.0,0.27590825081544146,0.2,1
162.0,78.0,-20.0,0.27590825081544146,0.2,1
162.0,78.0,-18.0,0.27590825081544146,0.2,1
162.0,80.0,-22.0,0.27590825081544146,0.2,1
162.0,80.0,-20.0,0.27590825081544146,0.2,1
162.0,80.0,-18.0,0.27590825081544146,0.2,1
162.0,82.0,-20.0,0.27590825081544146,0.2,1
162.0,82.0,-18.0,0.27590825081544146,0.2,1
162.0,84.0,-18.0,0.27590825081544146,0.2,1
118.0,66.0,-68.0,0.2836709931607029,0.2,1
118.0,66.0,-66.0,0.2836709931607029,0.2,1
118.0,66.0,-64.0,0.2836709931607029,0.2,1
118.0,66.0,-62.0,0.2836709931607029,0.2,1
118.0,66.0,-60.0,0.2836709931607029,0.2,1
118.0,66.0,-58.0,0.2836709931607029,0.2,1
118.0,66.0,-56.0,0.2836709931607029,0.2,1
118.0,66.0,-54.0,0.2836709931607029,0.2,1
118.0,66.0,-52.0,0.2836709931607029,0.2,1
118.0,68.0,-68.0,0.2836709931607029,0.2,1
118.0,68.0,-66.0,0.2836709931607029,0.2,1
118.0,68.0,-64.0,0.2836709931607029,0.2,1
118.0,68.0,-62.0,0.2836709931607029,0.2,1
118.0,68.0,-60.0,0.2836709931607029,0.2,1
118.0,68.0,-58.0,0.2836709931607029,0.2,1
118.0,68.0,-56.0,0.2836709931607029,0.2,1
118.0,68.0,-54.0,0.2836709931607029,0.2,1
118.0,68.0,-52.0,0.2836709931607029,0.2,1
118.0,68.0,-50.0,0.2836709931607029,0.2,1
118.0,70.0,-68.0,0.2836709931607029,0.2,1
118.0,70.0,-66.0,0.2836709931607029,0.2,1
118.0,70.0,-64.0,0.2836709931607029,0.2,1
118.0,70.0,-62.0,0.2836709931607029,0.2,1
118.0,70.0,-60.0,0.2836709931607029,0.2,1
118.0,70.0,-58.0,0.2836709931607029,0.2,1
118.0,70.0,-56.0,0.2836709931607029,0.2,1
118.0,70.0,-54.0,0.2836709931607029,0.2,1
118.0,70.0,-52.0,0.2836709931607029,0.2,1
118.0,70.0,-50.0,0.2836709931607029,0.2,1
118.0,70.0,-48.0,0.2836709931607029,0.2,1
118.0,72.0,-68.0,0.2836709931607029,0.2,1
118.0,72.0,-66.0,0.2836709931607029,0.2,1
118.0,72.0,-64.0,0.2836709931607029,0.2,1
118.0,72.0,-62.0,0.2836709931607029,0.2,1
118.0,72.0,-60.0,0.2836709931607029,0.2,1
118.0,72.0,-58.0,0.2836709931607029,0.2,1
118.0,72.0,-56.0,0.2836709931607029,0.2,1
118.0,72.0,-54.0,0.2836709931607029,0.2,1
118.0,72.0,-52.0,0.2836709931607029,0.2,1
118.0,72.0,-50.0,0.2836709931607029,0.2,1
118.0,72.0,-48.0,0.2836709931607029,0.2,1
120.0,66.0,-68.0,0.2836709931607029,0.2,1
120.0,66.0,-66.0,0.2836709931607029,0.2,1
120.0,66.0,-64.0,0.2836709931607029,0.2,1
120.0,66.0,-62.0,0.2836709931607029,0.2,1
120.0,66.0,-60.0,0.2836709931607029,0.2,1
120.0,66.0,-58.0,0.2836709931607029,0.2,1
120.0,66.0,-56.0,0.2836709931607029,0.2,1
120.0,66.0,-54.0,0.2836709931607029,0.2,1
120.0,66.0,-52.0,0.2836709931607029,0.2,1
120.0,68.0,-68.0,0.2836709931607029,0.2,1
120.0,68.0,-66.0,0.2836709931607029,0.2,1
120.0,68.0,-64.0,0.2836709931607029,0.2,1
120.0,68.0,-62.0,0.2836709931607029,0.2,1
120.0,68.0,-60.0,0.2836709931607029,0.2,1
120.0,68.0,-58.0,0.2836709931607029,0.2,1
120.0,68.0,-56.0,0.2836709931607029,0.2,1
120.0,68.0,-54.0,0.2836709931607029,0.2,1
120.0,68.0,-52.0,0.2836709931607029,0.2,1
120.0,68.0,-50.0,0.2836709931607029,0.2,1
120.0,70.0,-68.0,0.2836709931607029,0.2,1
120.0,70.0,-66.0,0.2836709931607029,0.2,1
120.0,70.0,-64.0,0.2836709931607029,0.2,1
120.0,70.0,-62.0,0.2836709931607029,0.2,1
120.0,70.0,-60.0,0.2836709931607029,0.2,1
120.0,70.0,-58.0,0.2836709931607029,0.2,1
120.0,70.0,-56.0,0.2836709931607029,0.2,1
120.0,70.0,-54.0,0.2836709931607029,0.2,1
120.0,70.0,-52.0,0.2836709931607029,0.2,1
120.0,70.0,-50.0,0.2836709931607029,0.2,1
120.0,70.0,-48.0,0.2836709931607029,0.2,1
120.0,72.0,-68.0,0.2836709931607029,0.2,1
120.0,72.0,-66.0,0.2836709931607029,0.2,1
120.0,72.0,-64.0,0.2836709931607029,0.2,1
120.0,72.0,-62.0,0.2836709931607029,0.2,1
120.0,72.0,-60.0,0.2836709931607029,0.2,1
120.0,72.0,-58.0,0.2836709931607029,0.2,1
120.0,72.0,-56.0,0.2836709931607029,0.2,1
120.0,72.0,-54.0,0.2836709931607029,0.2,1
120.0,72.0,-52.0,0.2836709931607029,0.2,1
120.0,72.0,-50.0,0.2836709931607029,0.2,1
120.0,72.0,-48.0,0.2836709931607029,0.2,1
122.0,64.0,-68.0,0.2836709931607029,0.2,1
122.0,64.0,-66.0,0.2836709931607029,0.2,1
122.0,64.0,-64.0,0.2836709931607029,0.2,1
122.0,64.0,-62.0,0.2836709931607029,0.2,1
122.0,64.0,-60.0,0.2836709931607029,0.2,1
122.0,64.0,-58.0,0.2836709931607029,0.2,1
122.0,64.0,-56.0,0.2836709931607029,0.2,1
122.0,64.0,-54.0,0.2836709931607029,0.2,1
122.0,66.0,-68.0,0.2836709931607029,0.2,1
122.0,66.0,-66.0,0.2836709931607029,0.2,1
122.0,66.0,-64.0,0.2836709931607029,0.2,1
122.0,66.0,-62.0,0.2836709931607029,0.2,1
122.0,66.0,-60.0,0.2836709931607029,0.2,1
122.0,66.0,-58.0,0.2836709931607029,0.2,1
122.0,66.0,-56.0,0.2836709931607029,0.2,1
122.0,66.0,-54.0,0.2836709931607029,0.2,1
122.0,66.0,-52.0,0.2836709931607029,0.2,1
122.0,68.0,-68.0,0.2836709931607029,0.2,1
122.0,68.0,-66.0,0.2836709931607029,0.2,1
122.0,68.0,-64.0,0.2836709931607029,0.2,1
122.0,68.0,-62.0,0.2836709931607029,0.2,1
122.0,68.0,-60.0,0.2836709931607029,0.2,1
122.0,68.0,-58.0,0.2836709931607029,0.2,1
122.0,68.0,-56.0,0.2836709931607029,0.2,1
122.0,68.0,-54.0,0.2836709931607029,0.2,1
122.0,68.0,-52.0,0.2836709931607029,0.2,1
122.0,68.0,-50.0,0.2836709931607029,0.2,1
122.0,70.0,-68.0,0.2836709931607029,0.2,1
122.0,70.0,-66.0,0.2836709931607029,0.2,1
122.0,70.0,-64.0,0.2836709931607029,0.2,1
122.0,70.0,-62.0,0.2836709931607029,0.2,1
122.0,70.0,-60.0,0.2836709931607029,0.2,1
122.0,70.0,-58.0,0.2836709931607029,0.2,1
122.0,70.0,-56.0,0.2836709931607029,0.2,1
122.0,70.0,-54.0,0.2836709931607029,0.2,1
122.0,70.0,-52.0,0.2836709931607029,0.2,1
122.0,70.0,-50.0,0.2836709931607029,0.2,1
122.0,72.0,-68.0,0.2836709931607029,0.2,1
122.0,72.0,-66.0,0.2836709931607029,0.2,1
122.0,72.0,-64.0,0.2836709931607029,0.2,1
122.0,72.0,-62.0,0.2836709931607029,0.2,1
122.0,72.0,-60.0,0.2836709931607029,0.2,1
122.0,72.0,-58.0,0.2836709931607029,0.2,1
122.0,72.0,-56.0,0.2836709931607029,0.2,1
122.0,72.0,-54.0,0.2836709931607029,0.2,1
122.0,72.0,-52.0,0.2836709931607029,0.2,1
122.0,72.0,-50.0,0.2836709931607029,0.2,1
122.0,72.0,-48.0,0.2836709931607029,0.2,1
124.0,62.0,-68.0,0.2836709931607029,0.2,1
124.0,62.0,-66.0,0.2836709931607029,0.2,1
124.0,62.0,-64.0,0.2836709931607029,0.2,1
124.0,62.0,-62.0,0.2836709931607029,0.2,1
124.0,62.0,-60.0,0.2836709931607029,0.2,1
124.0,62.0,-58.0,0.2836709931607029,0.2,1
124.0,62.0,-56.0,0.2836709931607029,0.2,1
124.0,64.0,-68.0,0.2836709931607029,0.2,1
124.0,64.0,-66.0,0.2836709931607029,0.2,1
124.0,64.0,-64.0,0.2836709931607029,0.2,1
124.0,64.0,-62.0,0.2836709931607029,0.2,1
124.0,64.0,-60.0,0.2836709931607029,0.2,1
124.0,64.0,-58.0,0.2836709931607029,0.2,1
124.0,64.0,-56.0,0.2836709931607029,0.2,1
124.0,64.0,-54.0,0.2836709931607029,0.2,1
124.0,66.0,-68.0,0.2836709931607029,0.2,1
124.0,66.0,-66.0,0.2836709931607029,0.2,1
124.0,66.0,-64.0,0.2836709931607029,0.2,1
124.0,66.0,-62.0,0.2836709931607029,0.2,1
124.0,66.0,-60.0,0.2836709931607029,0.2,1
124.0,66.0,-58.0,0.2836709931607029,0.2,1
124.0,66.0,-56.0,0.2836709931607029,0.2,1
124.0,66.0,-54.0,0.2836709931607029,0.2,1
124.0,66.0,-52.0,0.2836709931607029,0.2,1
124.0,68.0,-68.0,0.2836709931607029,0.2,1
124.0,68.0,-66.0,0.2836709931607029,0.2,1
124.0,68.0,-64.0,0.2836709931607029,0.2,1
124.0,68.0,-62.0,0.2836709931607029,0.2,1
124.0,68.0,-60.0,0.2836709931607029,0.2,1
124.0,68.0,-58.0,0.2836709931607029,0.2,1
124.0,68.0,-56.0,0.2836709931607029,0.2,1
124.0,68.0,-54.0,0.2836709931607029,0.2,1
124.0,68.0,-52.0,0.2836709931607029,0.2,1
124.0,70.0,-68.0,0.2836709931607029,0.2,1
124.0,70.0,-66.0,0.2836709931607029,0.2,1
124.0,70.0,-64.0,0.2836709931607029,0.2,1
124.0,70.0,-62.0,0.2836709931607029,0.2,1
124.0,70.0,-60.0,0.2836709931607029,0.2,1
124.0,70.0,-58.0,0.2836709931607029,0.2,1
124.0,70.0,-56.0,0.2836709931607029,0.2,1
124.0,70.0,-54.0,0.2836709931607029,0.2,1
124.0,70.0,-52.0,0.2836709931607029,0.2,1
124.0,70.0,-50.0,0.2836709931607029,0.2,1
124.0,72.0,-68.0,0.2836709931607029,0.2,1
124.0,72.0,-66.0,0.2836709931607029,0.2,1
124.0,72.0,-64.0,0.2836709931607029,0.2,1
124.0,72.0,-62.0,0.2836709931607029,0.2,1
124.0,72.0,-60.0,0.2836709931607029,0.2,1
124.0,72.0,-58.0,0.2836709931607029,0.2,1
124.0,72.0,-56.0,0.2836709931607029,0.2,1
124.0,72.0,-54.0,0.2836709931607029,0.2,1
124.0,72.0,-52.0,0.2836709931607029,0.2,1
124.0,72.0,-50.0,0.2836709931607029,0.2,1
124.0,72.0,-48.0,0.2836709931607029,0.2,1
126.0,60.0,-68.0,0.2836709931607029,0.2,1
126.0,60.0,-66.0,0.2836709931607029,0.2,1
126.0,60.0,-64.0,0.2836709931607029,0.2,1
126.0,60.0,-62.0,0.2836709931607029,0.2,1
126.0,60.0,-60.0,0.2836709931607029,0.2,1
126.0,60.0,-58.0,0.2836709931607029,0.2,1
126.0,62.0,-68.0,0.2836709931607029,0.2,1
126.0,62.0,-66.0,0.2836709931607029,0.2,1
126.0,62.0,-64.0,0.2836709931607029,0.2,1
126.0,62.0,-62.0,0.2836709931607029,0.2,1
126.0,62.0,-60.0,0.2836709931607029,0.2,1
126.0,62.0,-58.0,0.2836709931607029,0.2,1
126.0,62.0,-56.0,0.2836709931607029,0.2,1
126.0,64.0,-68.0,0.2836709931607029,0.2,1
126.0,64.0,-66.0,0.2836709931607029,0.2,1
126.0,64.0,-64.0,0.2836709931607029,0.2,1
126.0,64.0,-62.0,0.2836709931607029,0.2,1
126.0,64.0,-60.0,0.2836709931607029,0.2,1
126.0,64.0,-58.0,0.2836709931607029,0.2,1
126.0,64.0,-56.0,0.2836709931607029,0.2,1
126.0,64.0,-54.0,0.2836709931607029,0.2,1
126.0,66.0,-68.0,0.2836709931607029,0.2,1
126.0,66.0,-66.0,0.2836709931607029,0.2,1
126.0,66.0,-64.0,0.2836709931607029,0.2,1
126.0,66.0,-62.0,0.2836709931607029,0.2,1
126.0,66.0,-60.0,0.2836709931607029,0.2,1
126.0,66.0,-58.0,0.2836709931607029,0.2,1
126.0,66.0,-56.0,0.2836709931607029,0.2,1
126.0,66.0,-54.0,0.2836709931607029,0.2,1
126.0,66.0,-52.0,0.2836709931607029,0.2,1
126.0,68.0,-68.0,0.2836709931607029,0.2,1
126.0,68.0,-66.0,0.2836709931607029,0.2,1
126.0,68.0,-64.0,0.2836709931607029,0.2,1
126.0,68.0,-62.0,0.2836709931607029,0.2,1
126.0,68.0,-60.0,0.2836709931607029,0.2,1
126.0,68.0,-58.0,0.2836709931607029,0.2,1
126.0,68.0,-56.0,0.2836709931607029,0.2,1
126.0,68.0,-54.0,0.2836709931607029,0.2,1
126.0,68.0,-52.0,0.2836709931607029,0.2,1
126.0,70.0,-68.0,0.2836709931607029,0.2,1
126.0,70.0,-66.0,0.2836709931607029,0.2,1
126.0,70.0,-64.0,0.2836709931607029,0.2,1
126.0,70.0,-62.0,0.2836709931607029,0.2,1
126.0,70.0,-60.0,0.2836709931607029,0.2,1
126.0,70.0,-58.0,0.2836709931607029,0.2,1
126.0,70.0,-56.0,0.2836709931607029,0.2,1
126.0,70.0,-54.0,0.2836709931607029,0.2,1
126.0,70.0,-52.0,0.2836709931607029,0.2,1
126.0,70.0,-50.0,0.2836709931607029,0.2,1
126.0,72.0,-68.0,0.2836709931607029,0.2,1
126.0,72.0,-66.0,0.2836709931607029,0.2,1
126.0,72.0,-64.0,0.2836709931607029,0.2,1
126.0,72.0,-62.0,0.2836709931607029,0.2,1
126.0,72.0,-60.0,0.2836709931607029,0.2,1
126.0,72.0,-58.0,0.2836709931607029,0.2,1
126.0,72.0,-56.0,0.2836709931607029,0.2,1
126.0,72.0,-54.0,0.2836709931607029,0.2,1
126.0,72.0,-52.0,0.2836709931607029,0.2,1
126.0,72.0,-50.0,0.2836709931607029,0.2,1
126.0,72.0,-48.0,0.2836709931607029,0.2,1
128.0,60.0,-68.0,0.2836709931607029,0.2,1
128.0,60.0,-66.0,0.2836709931607029,0.2,1
128.0,60.0,-64.0,0.2836709931607029,0.2,1
128.0,60.0,-62.0,0.2836709931607029,0.2,1
128.0,60.0,-60.0,0.2836709931607029,0.2,1
128.0,60.0,-58.0,0.2836709931607029,0.2,1
128.0,60.0,-56.0,0.2836709931607029,0.2,1
128.0,62.0,-68.0,0.2836709931607029,0.2,1
128.0,62.0,-66.0,0.2836709931607029,0.2,1
128.0,62.0,-64.0,0.2836709931607029,0.2,1
128.0,62.0,-62.0,0.2836709931607029,0.2,1
128.0,62.0,-60.0,0.2836709931607029,0.2,1
128.0,62.0,-58.0,0.2836709931607029,0.2,1
128.0,62.0,-56.0,0.2836709931607029,0.2,1
128.0,64.0,-68.0,0.2836709931607029,0.2,1
128.0,64.0,-66.0,0.2836709931607029,0.2,1
128.0,64.0,-64.0,0.2836709931607029,0.2,1
128.0,64.0,-62.0,0.2836709931607029,0.2,1
128.0,64.0,-60.0,0.2836709931607029,0.2,1
128.0,64.0,-58.0,0.2836709931607029,0.2,1
128.0,64.0,-56.0,0.2836709931607029,0.2,1
128.0,64.0,-54.0,0.2836709931607029,0.2,1
128.0,66.0,-68.0,0.2836709931607029,0.2,1
128.0,66.0,-66.0,0.2836709931607029,0.2,1
128.0,66.0,-64.0,0.2836709931607029,0.2,1
128.0,66.0,-62.0,0.2836709931607029,0.2,1
128.0,66.0,-60.0,0.2836709931607029,0.2,1
128.0,66.0,-58.0,0.2836709931607029,0.2,1
128.0,66.0,-56.0,0.2836709931607029,0.2,1
128.0,66.0,-54.0,0.2836709931607029,0.2,1
128.0,66.0,-52.0,0.2836709931607029,0.2,1
128.0,68.0,-68.0,0.2836709931607029,0.2,1
128.0,68.0,-66.0,0.2836709931607029,0.2,1
128.0,68.0,-64.0,0.2836709931607029,0.2,1
128.0,68.0,-62.0,0.2836709931607029,0.2,1
128.0,68.0,-60.0,0.2836709931607029,0.2,1
128.0,68.0,-58.0,0.2836709931607029,0.2,1
128.0,68.0,-56.0,0.2836709931607029,0.2,1
128.0,68.0,-54.0,0.2836709931607029,0.2,1
128.0,68.0,-52.0,0.2836709931607029,0.2,1
128.0,70.0,-68.0,0.2836709931607029,0.2,1
128.0,70.0,-66.0,0.2836709931607029,0.2,1
128.0,70.0,-64.0,0.2836709931607029,0.2,1
128.0,70.0,-62.0,0.2836709931607029,0.2,1
128.0,70.0,-60.0,0.2836709931607029,0.2,1
128.0,70.0,-58.0,0.2836709931607029,0.2,1
128.0,70.0,-56.0,0.2836709931607029,0.2,1
128.0,70.0,-54.0,0.2836709931607029,0.2,1
128.0,70.0,-52.0,0.2836709931607029,0.2,1
128.0,70.0,-50.0,0.2836709931607029,0.2,1
128.0,72.0,-68.0,0.2836709931607029,0.2,1
128.0,72.0,-66.0,0.2836709931607029,0.2,1
128.0,72.0,-64.0,0.2836709931607029,0.2,1
128.0,72.0,-62.0,0.2836709931607029,0.2,1
128.0,72.0,-60.0,0.2836709931607029,0.2,1
128.0,72.0,-58.0,0.2836709931607029,0.2,1
128.0,72.0,-56.0,0.2836709931607029,0.2,1
128.0,72.0,-54.0,0.2836709931607029,0.2,1
128.0,72.0,-52.0,0.2836709931607029,0.2,1
128.0,72.0,-50.0,0.2836709931607029,0.2,1
130.0,58.0,-68.0,0.2836709931607029,0.2,1
130.0,58.0,-66.0,0.2836709931607029,0.2,1
130.0,58.0,-64.0,0.2836709931607029,0.2,1
130.0,58.0,-62.0,0.2836709931607029,0.2,1
130.0,58.0,-60.0,0.2836709931607029,0.2,1
130.0,58.0,-58.0,0.2836709931607029,0.2,1
130.0,60.0,-68.0,0.2836709931607029,0.2,1
130.0,60.0,-66.0,0.2836709931607029,0.2,1
130.0,60.0,-64.0,0.2836709931607029,0.2,1
130.0,60.0,-62.0,0.2836709931607029,0.2,1
130.0,60.0,-60.0,0.2836709931607029,0.2,1
130.0,60.0,-58.0,0.2836709931607029,0.2,1
130.0,60.0,-56.0,0.2836709931607029,0.2,1
130.0,62.0,-68.0,0.2836709931607029,0.2,1
130.0,62.0,-66.0,0.2836709931607029,0.2,1
130.0,62.0,-64.0,0.2836709931607029,0.2,1
130.0,62.0,-62.0,0.2836709931607029,0.2,1
130.0,62.0,-60.0,0.2836709931607029,0.2,1
130.0,62.0,-58.0,0.2836709931607029,0.2,1
130.0,62.0,-56.0,0.2836709931607029,0.2,1
130.0,64.0,-68.0,0.2836709931607029,0.2,1
130.0,64.0,-66.0,0.2836709931607029,0.2,1
130.0,64.0,-64.0,0.2836709931607029,0.2,1
130.0,64.0,-62.0,0.2836709931607029,0.2,1
130.0,64.0,-60.0,0.2836709931607029,0.2,1
130.0,64.0,-58.0,0.2836709931607029,0.2,1
130.0,64.0,-56.0,0.2836709931607029,0.2,1
130.0,64.0,-54.0,0.2836709931607029,0.2,1
130.0,66.0,-68.0,0.2836709931607029,0.2,1
130.0,66.0,-66.0,0.2836709931607029,0.2,1
130.0,66.0,-64.0,0.2836709931607029,0.2,1
130.0,66.0,-62.0,0.2836709931607029,0.2,1
130.0,66.0,-60.0,0.2836709931607029,0.2,1
130.0,66.0,-58.0,0.2836709931607029,0.2,1
130.0,66.0,-56.0,0.2836709931607029,0.2,1
130.0,66.0,-54.0,0.2836709931607029,0.2,1
130.0,66.0,-52.0,0.2836709931607029,0.2,1
130.0,68.0,-68.0,0.2836709931607029,0.2,1
130.0,68.0,-66.0,0.2836709931607029,0.2,1
130.0,68.0,-64.0,0.2836709931607029,0.2,1
130.0,68.0,-62.0,0.2836709931607029,0.2,1
130.0,68.0,-60.0,0.2836709931607029,0.2,1
130.0,68.0,-58.0,0.2836709931607029,0.2,1
130.0,68.0,-56.0,0.2836709931607029,0.2,1
130.0,68.0,-54.0,0.2836709931607029,0.2,1
130.0,68.0,-52.0,0.2836709931607029,0.2,1
130.0,70.0,-68.0,0.2836709931607029,0.2,1
130.0,70.0,-66.0,0.2836709931607029,0.2,1
130.0,70.0,-64.0,0.2836709931607029,0.2,1
130.0,70.0,-62.0,0.2836709931607029,0.2,1
130.0,70.0,-60.0,0.2836709931607029,0.2,1
130.0,70.0,-58.0,0.2836709931607029,0.2,1
130.0,70.0,-56.0,0.2836709931607029,0.2,1
130.0,70.0,-54.0,0.2836709931607029,0.2,1
130.0,70.0,-52.0,0.2836709931607029,0.2,1
130.0,70.0,-50.0,0.2836709931607029,0.2,1
130.0,72.0,-68.0,0.2836709931607029,0.2,1
130.0,72.0,-66.0,0.2836709931607029,0.2,1
130.0,72.0,-64.0,0.2836709931607029,0.2,1
130.0,72.0,-62.0,0.2836709931607029,0.2,1
130.0,72.0,-60.0,0.2836709931607029,0.2,1
130.0,72.0,-58.0,0.2836709931607029,0.2,1
130.0,72.0,-56.0,0.2836709931607029,0.2,1
130.0,72.0,-54.0,0.2836709931607029,0.2,1
130.0,72.0,-52.0,0.2836709931607029,0.2,1
130.0,72.0,-50.0,0.2836709931607029,0.2,1
132.0,58.0,-68.0,0.2836709931607029,0.2,1
132.0,58.0,-66.0,0.2836709931607029,0.2,1
132.0,58.0,-64.0,0.2836709931607029,0.2,1
132.0,58.0,-62.0,0.2836709931607029,0.2,1
132.0,58.0,-60.0,0.2836709931607029,0.2,1
132.0,58.0,-58.0,0.2836709931607029,0.2,1
132.0,60.0,-68.0,0.2836709931607029,0.2,1
132.0,60.0,-66.0,0.2836709931607029,0.2,1
132.0,60.0,-64.0,0.2836709931607029,0.2,1
132.0,60.0,-62.0,0.2836709931607029,0.2,1
132.0,60.0,-60.0,0.2836709931607029,0.2,1
132.0,60.0,-58.0,0.2836709931607029,0.2,1
132.0,60.0,-56.0,0.2836709931607029,0.2,1
132.0,62.0,-68.0,0.2836709931607029,0.2,1
132.0,62.0,-66.0,0.2836709931607029,0.2,1
132.0,62.0,-64.0,0.2836709931607029,0.2,1
132.0,62.0,-62.0,0.2836709931607029,0.2,1
132.0,62.0,-60.0,0.2836709931607029,0.2,1
132.0,62.0,-58.0,0.2836709931607029,0.2,1
132.0,62.0,-56.0,0.2836709931607029,0.2,1
132.0,64.0,-68.0,0.2836709931607029,0.2,1
132.0,64.0,-66.0,0.2836709931607029,0.2,1
132.0,64.0,-64.0,0.2836709931607029,0.2,1
132.0,64.0,-62.0,0.2836709931607029,0.2,1
132.0,64.0,-60.0,0.2836709931607029,0.2,1
132.0,64.0,-58.0,0.2836709931607029,0.2,1
132.0,64.0,-56.0,0.2836709931607029,0.2,1
132.0,64.0,-54.0,0.2836709931607029,0.2,1
132.0,66.0,-68.0,0.2836709931607029,0.2,1
132.0,66.0,-66.0,0.2836709931607029,0.2,1
132.0,66.0,-64.0,0.2836709931607029,0.2,1
132.0,66.0,-62.0,0.2836709931607029,0.2,1
132.0,66.0,-60.0,0.2836709931607029,0.2,1
132.0,66.0,-58.0,0.2836709931607029,0.2,1
132.0,66.0,-56.0,0.2836709931607029,0.2,1
132.0,66.0,-54.0,0.2836709931607029,0.2,1
132.0,66.0,-52.0,0.2836709931607029,0.2,1
132.0,68.0,-68.0,0.2836709931607029,0.2,1
132.0,68.0,-66.0,0.2836709931607029,0.2,1
132.0,68.0,-64.0,0.2836709931607029,0.2,1
132.0,68.0,-62.0,0.2836709931607029,0.2,1
132.0,68.0,-60.0,0.2836709931607029,0.2,1
132.0,68.0,-58.0,0.2836709931607029,0.2,1
132.0,68.0,-56.0,0.2836709931607029,0.2,1
132.0,68.0,-54.0,0.2836709931607029,0.2,1
132.0,68.0,-52.0,0.2836709931607029,0.2,1
132.0,70.0,-68.0,0.2836709931607029,0.2,1
132.0,70.0,-66.0,0.2836709931607029,0.2,1
132.0,70.0,-64.0,0.2836709931607029,0.2,1
132.0,70.0,-62.0,0.2836709931607029,0.2,1
132.0,70.0,-60.0,0.2836709931607029,0.2,1
132.0,70.0,-58.0,0.2836709931607029,0.2,1
132.0,70.0,-56.0,0.2836709931607029,0.2,1
132.0,70.0,-54.0,0.2836709931607029,0.2,1
132.0,70.0,-52.0,0.2836709931607029,0.2,1
132.0,70.0,-50.0,0.2836709931607029,0.2,1
132.0,72.0,-68.0,0.2836709931607029,0.2,1
132.0,72.0,-66.0,0.2836709931607029,0.2,1
132.0,72.0,-64.0,0.2836709931607029,0.2,1
132.0,72.0,-62.0,0.2836709931607029,0.2,1
132.0,72.0,-60.0,0.2836709931607029,0.2,1
132.0,72.0,-58.0,0.2836709931607029,0.2,1
132.0,72.0,-56.0,0.2836709931607029,0.2,1
132.0,72.0,-54.0,0.2836709931607029,0.2,1
132.0,72.0,-52.0,0.2836709931607029,0.2,1
132.0,72.0,-50.0,0.2836709931607029,0.2,1
134.0,56.0,-68.0,0.2836709931607029,0.2,1
134.0,56.0,-66.0,0.2836709931607029,0.2,1
134.0,56.0,-64.0,0.2836709931607029,0.2,1
134.0,56.0,-62.0,0.2836709931607029,0.2,1
134.0,56.0,-60.0,0.2836709931607029,0.2,1
134.0,58.0,-68.0,0.2836709931607029,0.2,1
134.0,58.0,-66.0,0.2836709931607029,0.2,1
134.0,58.0,-64.0,0.2836709931607029,0.2,1
134.0,58.0,-62.0,0.2836709931607029,0.2,1
134.0,58.0,-60.0,0.2836709931607029,0.2,1
134.0,58.0,-58.0,0.2836709931607029,0.2,1
134.0,60.0,-68.0,0.2836709931607029,0.2,1
134.0,60.0,-66.0,0.2836709931607029,0.2,1
134.0,60.0,-64.0,0.2836709931607029,0.2,1
134.0,60.0,-62.0,0.2836709931607029,0.2,1
134.0,60.0,-60.0,0.2836709931607029,0.2,1
134.0,60.0,-58.0,0.2836709931607029,0.2,1
134.0,60.0,-56.0,0.2836709931607029,0.2,1
134.0,62.0,-68.0,0.2836709931607029,0.2,1
134.0,62.0,-66.0,0.2836709931607029,0.2,1
134.0,62.0,-64.0,0.2836709931607029,0.2,1
134.0,62.0,-62.0,0.2836709931607029,0.2,1
134.0,62.0,-60.0,0.2836709931607029,0.2,1
134.0,62.0,-58.0,0.2836709931607029,0.2,1
134.0,62.0,-56.0,0.2836709931607029,0.2,1
134.0,64.0,-68.0,0.2836709931607029,0.2,1
134.0,64.0,-66.0,0.2836709931607029,0.2,1
134.0,64.0,-64.0,0.2836709931607029,0.2,1
134.0,64.0,-62.0,0.2836709931607029,0.2,1
134.0,64.0,-60.0,0.2836709931607029,0.2,1
134.0,64.0,-58.0,0.2836709931607029,0.2,1
134.0,64.0,-56.0,0.2836709931607029,0.2,1
134.0,64.0,-54.0,0.2836709931607029,0.2,1
134.0,66.0,-68.0,0.2836709931607029,0.2,1
134.0,66.0,-66.0,0.2836709931607029,0.2,1
134.0,66.0,-64.0,0.2836709931607029,0.2,1
134.0,66.0,-62.0,0.2836709931607029,0.2,1
134.0,66.0,-60.0,0.2836709931607029,0.2,1
134.0,66.0,-58.0,0.2836709931607029,0.2,1
134.0,66.0,-56.0,0.2836709931607029,0.2,1
134.0,66.0,-54.0,0.2836709931607029,0.2,1
134.0,66.0,-52.0,0.2836709931607029,0.2,1
134.0,68.0,-68.0,0.2836709931607029,0.2,1
134.0,68.0,-66.0,0.2836709931607029,0.2,1
134.0,68.0,-64.0,0.2836709931607029,0.2,1
134.0,68.0,-62.0,0.2836709931607029,0.2,1
134.0,68.0,-60.0,0.2836709931607029,0.2,1
134.0,68.0,-58.0,0.2836709931607029,0.2,1
134.0,68.0,-56.0,0.2836709931607029,0.2,1
134.0,68.0,-54.0,0.2836709931607029,0.2,1
134.0,68.0,-52.0,0.2836709931607029,0.2,1
134.0,70.0,-68.0,0.2836709931607029,0.2,1
134.0,70.0,-66.0,0.2836709931607029,0.2,1
134.0,70.0,-64.0,0.2836709931607029,0.2,1
134.0,70.0,-62.0,0.2836709931607029,0.2,1
134.0,70.0,-60.0,0.2836709931607029,0.2,1
134.0,70.0,-58.0,0.2836709931607029,0.2,1
134.0,70.0,-56.0,0.2836709931607029,0.2,1
134.0,70.0,-54.0,0.2836709931607029,0.2,1
134.0,70.0,-52.0,0.2836709931607029,0.2,1
134.0,70.0,-50.0,0.2836709931607029,0.2,1
136.0,56.0,-68.0,0.2836709931607029,0.2,1
136.0,56.0,-66.0,0.2836709931607029,0.2,1
136.0,56.0,-64.0,0.2836709931607029,0.2,1
136.0,56.0,-62.0,0.2836709931607029,0.2,1
136.0,56.0,-60.0,0.2836709931607029,0.2,1
136.0,56.0,-58.0,0.2836709931607029,0.2,1
136.0,58.0,-68.0,0.2836709931607029,0.2,1
136.0,58.0,-66.0,0.2836709931607029,0.2,1
136.0,58.0,-64.0,0.2836709931607029,0.2,1
136.0,58.0,-62.0,0.2836709931607029,0.2,1
136.0,58.0,-60.0,0.2836709931607029,0.2,1
136.0,58.0,-58.0,0.2836709931607029,0.2,1
136.0,60.0,-68.0,0.2836709931607029,0.2,1
136.0,60.0,-66.0,0.2836709931607029,0.2,1
136.0,60.0,-64.0,0.2836709931607029,0.2,1
136.0,60.0,-62.0,0.2836709931607029,0.2,1
136.0,60.0,-60.0,0.2836709931607029,0.2,1
136.0,60.0,-58.0,0.2836709931607029,0.2,1
136.0,60.0,-56.0,0.2836709931607029,0.2,1
136.0,62.0,-68.0,0.2836709931607029,0.2,1
136.0,62.0,-66.0,0.2836709931607029,0.2,1
136.0,62.0,-64.0,0.2836709931607029,0.2,1
136.0,62.0,-62.0,0.2836709931607029,0.2,1
136.0,62.0,-60.0,0.2836709931607029,0.2,1
136.0,62.0,-58.0,0.2836709931607029,0.2,1
136.0,62.0,-56.0,0.2836709931607029,0.2,1
136.0,64.0,-68.0,0.2836709931607029,0.2,1
136.0,64.0,-66.0,0.2836709931607029,0.2,1
136.0,64.0,-64.0,0.2836709931607029,0.2,1
136.0,64.0,-62.0,0.2836709931607029,0.2,1
136.0,64.0,-60.0,0.2836709931607029,0.2,1
136.0,64.0,-58.0,0.2836709931607029,0.2,1
136.0,64.0,-56.0,0.2836709931607029,0.2,1
136.0,64.0,-54.0,0.2836709931607029,0.2,1
136.0,66.0,-68.0,0.2836709931607029,0.2,1
136.0,66.0,-66.0,0.2836709931607029,0.2,1
136.0,66.0,-64.0,0.2836709931607029,0.2,1
136.0,66.0,-62.0,0.2836709931607029,0.2,1
136.0,66.0,-60.0,0.2836709931607029,0.2,1
136.0,66.0,-58.0,0.2836709931607029,0.2,1
136.0,66.0,-56.0,0.2836709931607029,0.2,1
136.0,66.0,-54.0,0.2836709931607029,0.2,1
136.0,66.0,-52.0,0.2836709931607029,0.2,1
136.0,68.0,-68.0,0.2836709931607029,0.2,1
136.0,68.0,-66.0,0.2836709931607029,0.2,1
136.0,68.0,-64.0,0.2836709931607029,0.2,1
136.0,68.0,-62.0,0.2836709931607029,0.2,1
136.0,68.0,-60.0,0.2836709931607029,0.2,1
136.0,68.0,-58.0,0.2836709931607029,0.2,1
136.0,68.0,-56.0,0.2836709931607029,0.2,1
136.0,68.0,-54.0,0.2836709931607029,0.2,1
136.0,68.0,-52.0,0.2836709931607029,0.2,1
138.0,54.0,-60.0,0.2836709931607029,0.2,1
138.0,56.0,-66.0,0.2836709931607029,0.2,1
138.0,56.0,-64.0,0.2836709931607029,0.2,1
138.0,56.0,-62.0,0.2836709931607029,0.2,1
138.0,56.0,-60.0,0.2836709931607029,0.2,1
138.0,56.0,-58.0,0.2836709931607029,0.2,1
138.0,58.0,-68.0,0.2836709931607029,0.2,1
138.0,58.0,-66.0,0.2836709931607029,0.2,1
138.0,58.0,-64.0,0.2836709931607029,0.2,1
138.0,58.0,-62.0,0.2836709931607029,0.2,1
138.0,58.0,-60.0,0.2836709931607029,0.2,1
138.0,58.0,-58.0,0.2836709931607029,0.2,1
138.0,60.0,-68.0,0.2836709931607029,0.2,1
138.0,60.0,-66.0,0.2836709931607029,0.2,1
138.0,60.0,-64.0,0.2836709931607029,0.2,1
138.0,60.0,-62.0,0.2836709931607029,0.2,1
138.0,60.0,-60.0,0.2836709931607029,0.2,1
138.0,60.0,-58.0,0.2836709931607029,0.2,1
138.0,60.0,-56.0,0.2836709931607029,0.2,1
138.0,62.0,-68.0,0.2836709931607029,0.2,1
138.0,62.0,-66.0,0.2836709931607029,0.2,1
138.0,62.0,-64.0,0.2836709931607029,0.2,1
138.0,62.0,-62.0,0.2836709931607029,0.2,1
138.0,62.0,-60.0,0.2836709931607029,0.2,1
138.0,62.0,-58.0,0.2836709931607029,0.2,1
138.0,62.0,-56.0,0.2836709931607029,0.2,1
138.0,62.0,-54.0,0.2836709931607029,0.2,1
138.0,64.0,-68.0,0.2836709931607029,0.2,1
138.0,64.0,-66.0,0.2836709931607029,0.2,1
138.0,64.0,-64.0,0.2836709931607029,0.2,1
138.0,64.0,-62.0,0.2836709931607029,0.2,1
138.0,64.0,-60.0,0.2836709931607029,0.2,1
138.0,64.0,-58.0,0.2836709931607029,0.2,1
138.0,64.0,-56.0,0.2836709931607029,0.2,1
138.0,64.0,-54.0,0.2836709931607029,0.2,1
138.0,66.0,-68.0,0.2836709931607029,0.2,1
138.0,66.0,-66.0,0.2836709931607029,0.2,1
138.0,66.0,-64.0,0.2836709931607029,0.2,1
138.0,66.0,-62.0,0.2836709931607029,0.2,1
138.0,66.0,-60.0,0.2836709931607029,0.2,1
138.0,66.0,-58.0,0.2836709931607029,0.2,1
138.0,66.0,-56.0,0.2836709931607029,0.2,1
138.0,66.0,-54.0,0.2836709931607029,0.2,1
138.0,66.0,-52.0,0.2836709931607029,0.2,1
140.0,56.0,-64.0,0.2836709931607029,0.2,1
140.0,56.0,-62.0,0.2836709931607029,0.2,1
140.0,56.0,-60.0,0.2836709931607029,0.2,1
140.0,56.0,-58.0,0.2836709931607029,0.2,1
140.0,58.0,-68.0,0.2836709931607029,0.2,1
140.0,58.0,-66.0,0.2836709931607029,0.2,1
140.0,58.0,-64.0,0.2836709931607029,0.2,1
140.0,58.0,-62.0,0.2836709931607029,0.2,1
140.0,58.0,-60.0,0.2836709931607029,0.2,1
140.0,58.0,-58.0,0.2836709931607029,0.2,1
140.0,58.0,-56.0,0.2836709931607029,0.2,1
140.0,60.0,-68.0,0.2836709931607029,0.2,1
140.0,60.0,-66.0,0.2836709931607029,0.2,1
140.0,60.0,-64.0,0.2836709931607029,0.2,1
140.0,60.0,-62.0,0.2836709931607029,0.2,1
140.0,60.0,-60.0,0.2836709931607029,0.2,1
140.0,60.0,-58.0,0.2836709931607029,0.2,1
140.0,60.0,-56.0,0.2836709931607029,0.2,1
140.0,62.0,-68.0,0.2836709931607029,0.2,1
140.0,62.0,-66.0,0.2836709931607029,0.2,1
140.0,62.0,-64.0,0.2836709931607029,0.2,1
140.0,62.0,-62.0,0.2836709931607029,0.2,1
140.0,62.0,-60.0,0.2836709931607029,0.2,1
140.0,62.0,-58.0,0.2836709931607029,0.2,1
140.0,62.0,-56.0,0.2836709931607029,0.2,1
140.0,62.0,-54.0,0.2836709931607029,0.2,1
140.0,64.0,-68.0,0.2836709931607029,0.2,1
140.0,64.0,-66.0,0.2836709931607029,0.2,1
140.0,64.0,-64.0,0.2836709931607029,0.2,1
140.0,64.0,-62.0,0.2836709931607029,0.2,1
140.0,64.0,-60.0,0.2836709931607029,0.2,1
140.0,64.0,-58.0,0.2836709931607029,0.2,1
140.0,64.0,-56.0,0.2836709931607029,0.2,1
140.0,64.0,-54.0,0.2836709931607029,0.2,1
142.0,56.0,-58.0,0.2836709931607029,0.2,1
142.0,58.0,-68.0,0.2836709931607029,0.2,1
142.0,58.0,-66.0,0.2836709931607029,0.2,1
142.0,58.0,-64.0,0.2836709931607029,0.2,1
142.0,58.0,-62.0,0.2836709931607029,0.2,1
142.0,58.0,-60.0,0.2836709931607029,0.2,1
142.0,58.0,-58.0,0.2836709931607029,0.2,1
142.0,58.0,-56.0,0.2836709931607029,0.2,1
142.0,60.0,-68.0,0.2836709931607029,0.2,1
142.0,60.0,-66.0,0.2836709931607029,0.2,1
142.0,60.0,-64.0,0.2836709931607029,0.2,1
142.0,60.0,-62.0,0.2836709931607029,0.2,1
142.0,60.0,-60.0,0.2836709931607029,0.2,1
142.0,60.0,-58.0,0.2836709931607029,0.2,1
142.0,60.0,-56.0,0.2836709931607029,0.2,1
142.0,62.0,-68.0,0.2836709931607029,0.2,1
142.0,62.0,-66.0,0.2836709931607029,0.2,1
142.0,62.0,-64.0,0.2836709931607029,0.2,1
142.0,62.0,-62.0,0.2836709931607029,0.2,1
142.0,62.0,-60.0,0.2836709931607029,0.2,1
142.0,62.0,-58.0,0.2836709931607029,0.2,1
142.0,62.0,-56.0,0.2836709931607029,0.2,1
142.0,62.0,-54.0,0.2836709931607029,0.2,1
142.0,64.0,-68.0,0.2836709931607029,0.2,1
142.0,64.0,-66.0,0.2836709931607029,0.2,1
142.0,64.0,-64.0,0.2836709931607029,0.2,1
142.0,64.0,-62.0,0.2836709931607029,0.2,1
142.0,64.0,-60.0,0.2836709931607029,0.2,1
142.0,64.0,-58.0,0.2836709931607029,0.2,1
142.0,64.0,-56.0,0.2836709931607029,0.2,1
142.0,64.0,-54.0,0.2836709931607029,0.2,1
118.0,74.0,-58.0,0.2836709931607029,0.2,1
118.0,74.0,-56.0,0.2836709931607029,0.2,1
118.0,74.0,-54.0,0.2836709931607029,0.2,1
118.0,74.0,-52.0,0.2836709931607029,0.2,1
118.0,74.0,-50.0,0.2836709931607029,0.2,1
118.0,74.0,-48.0,0.2836709931607029,0.2,1
118.0,76.0,-58.0,0.2836709931607029,0.2,1
118.0,76.0,-56.0,0.2836709931607029,0.2,1
118.0,76.0,-54.0,0.2836709931607029,0.2,1
118.0,76.0,-52.0,0.2836709931607029,0.2,1
118.0,76.0,-50.0,0.2836709931607029,0.2,1
118.0,76.0,-48.0,0.2836709931607029,0.2,1
118.0,78.0,-58.0,0.2836709931607029,0.2,1
118.0,78.0,-56.0,0.2836709931607029,0.2,1
118.0,78.0,-54.0,0.2836709931607029,0.2,1
118.0,78.0,-52.0,0.2836709931607029,0.2,1
118.0,78.0,-50.0,0.2836709931607029,0.2,1
118.0,78.0,-48.0,0.2836709931607029,0.2,1
118.0,80.0,-58.0,0.2836709931607029,0.2,1
118.0,80.0,-56.0,0.2836709931607029,0.2,1
118.0,80.0,-54.0,0.2836709931607029,0.2,1
118.0,80.0,-52.0,0.2836709931607029,0.2,1
118.0,80.0,-50.0,0.2836709931607029,0.2,1
118.0,80.0,-48.0,0.2836709931607029,0.2,1
118.0,80.0,-46.0,0.2836709931607029,0.2,1
118.0,82.0,-58.0,0.2836709931607029,0.2,1
118.0,82.0,-56.0,0.2836709931607029,0.2,1
118.0,82.0,-54.0,0.2836709931607029,0.2,1
118.0,82.0,-52.0,0.2836709931607029,0.2,1
118.0,82.0,-50.0,0.2836709931607029,0.2,1
118.0,82.0,-48.0,0.2836709931607029,0.2,1
118.0,82.0,-46.0,0.2836709931607029,0.2,1
118.0,84.0,-58.0,0.2836709931607029,0.2,1
118.0,84.0,-56.0,0.2836709931607029,0.2,1
118.0,84.0,-54.0,0.2836709931607029,0.2,1
118.0,84.0,-52.0,0.2836709931607029,0.2,1
118.0,84.0,-50.0,0.2836709931607029,0.2,1
118.0,84.0,-48.0,0.2836709931607029,0.2,1
118.0,84.0,-46.0,0.2836709931607029,0.2,1
118.0,86.0,-58.0,0.2836709931607029,0.2,1
118.0,86.0,-56.0,0.2836709931607029,0.2,1
118.0,86.0,-54.0,0.2836709931607029,0.2,1
118.0,86.0,-52.0,0.2836709931607029,0.2,1
118.0,86.0,-50.0,0.2836709931607029,0.2,1
118.0,86.0,-48.0,0.2836709931607029,0.2,1
118.0,86.0,-46.0,0.2836709931607029,0.2,1
118.0,88.0,-44.0,0.2836709931607029,0.2,1
118.0,90.0,-44.0,0.2836709931607029,0.2,1
120.0,74.0,-58.0,0.2836709931607029,0.2,1
120.0,74.0,-56.0,0.2836709931607029,0.2,1
120.0,74.0,-54.0,0.2836709931607029,0.2,1
120.0,74.0,-52.0,0.2836709931607029,0.2,1
120.0,74.0,-50.0,0.2836709931607029,0.2,1
120.0,74.0,-48.0,0.2836709931607029,0.2,1
120.0,76.0,-58.0,0.2836709931607029,0.2,1
120.0,76.0,-56.0,0.2836709931607029,0.2,1
120.0,76.0,-54.0,0.2836709931607029,0.2,1
120.0,76.0,-52.0,0.2836709931607029,0.2,1
120.0,76.0,-50.0,0.2836709931607029,0.2,1
120.0,76.0,-48.0,0.2836709931607029,0.2,1
120.0,76.0,-46.0,0.2836709931607029,0.2,1
120.0,78.0,-58.0,0.2836709931607029,0.2,1
120.0,78.0,-56.0,0.2836709931607029,0.2,1
120.0,78.0,-54.0,0.2836709931607029,0.2,1
120.0,78.0,-52.0,0.2836709931607029,0.2,1
120.0,78.0,-50.0,0.2836709931607029,0.2,1
120.0,78.0,-48.0,0.2836709931607029,0.2,1
120.0,78.0,-46.0,0.2836709931607029,0.2,1
120.0,80.0,-58.0,0.2836709931607029,0.2,1
120.0,80.0,-56.0,0.2836709931607029,0.2,1
120.0,80.0,-54.0,0.2836709931607029,0.2,1
120.0,80.0,-52.0,0.2836709931607029,0.2,1
120.0,80.0,-50.0,0.2836709931607029,0.2,1
120.0,80.0,-48.0,0.2836709931607029,0.2,1
120.0,80.0,-46.0,0.2836709931607029,0.2,1
120.0,82.0,-58.0,0.2836709931607029,0.2,1
120.0,82.0,-56.0,0.2836709931607029,0.2,1
120.0,82.0,-54.0,0.2836709931607029,0.2,1
120.0,82.0,-52.0,0.2836709931607029,0.2,1
120.0,82.0,-50.0,0.2836709931607029,0.2,1
120.0,82.0,-48.0,0.2836709931607029,0.2,1
120.0,82.0,-46.0,0.2836709931607029,0.2,1
120.0,84.0,-58.0,0.2836709931607029,0.2,1
120.0,84.0,-56.0,0.2836709931607029,0.2,1
120.0,84.0,-54.0,0.2836709931607029,0.2,1
120.0,84.0,-52.0,0.2836709931607029,0.2,1
120.0,84.0,-50.0,0.2836709931607029,0.2,1
120.0,84.0,-48.0,0.2836709931607029,0.2,1
120.0,84.0,-46.0,0.2836709931607029,0.2,1
120.0,86.0,-44.0,0.2836709931607029,0.2,1
120.0,86.0,-42.0,0.2836709931607029,0.2,1
120.0,88.0,-44.0,0.2836709931607029,0.2,1
120.0,88.0,-42.0,0.2836709931607029,0.2,1
120.0,90.0,-44.0,0.2836709931607029,0.2,1
122.0,74.0,-58.0,0.2836709931607029,0.2,1
122.0,74.0,-56.0,0.2836709931607029,0.2,1
122.0,74.0,-54.0,0.2836709931607029,0.2,1
122.0,74.0,-52.0,0.2836709931607029,0.2,1
122.0,74.0,-50.0,0.2836709931607029,0.2,1
122.0,74.0,-48.0,0.2836709931607029,0.2,1
122.0,74.0,-46.0,0.2836709931607029,0.2,1
122.0,76.0,-58.0,0.2836709931607029,0.2,1
122.0,76.0,-56.0,0.2836709931607029,0.2,1
122.0,76.0,-54.0,0.2836709931607029,0.2,1
122.0,76.0,-52.0,0.2836709931607029,0.2,1
122.0,76.0,-50.0,0.2836709931607029,0.2,1
122.0,76.0,-48.0,0.2836709931607029,0.2,1
122.0,76.0,-46.0,0.2836709931607029,0.2,1
122.0,78.0,-58.0,0.2836709931607029,0.2,1
122.0,78.0,-56.0,0.2836709931607029,0.2,1
122.0,78.0,-54.0,0.2836709931607029,0.2,1
122.0,78.0,-52.0,0.2836709931607029,0.2,1
122.0,78.0,-50.0,0.2836709931607029,0.2,1
122.0,78.0,-48.0,0.2836709931607029,0.2,1
122.0,78.0,-46.0,0.2836709931607029,0.2,1
122.0,80.0,-58.0,0.2836709931607029,0.2,1
122.0,80.0,-56.0,0.2836709931607029,0.2,1
122.0,80.0,-54.0,0.2836709931607029,0.2,1
122.0,80.0,-52.0,0.2836709931607029,0.2,1
122.0,80.0,-50.0,0.2836709931607029,0.2,1
122.0,80.0,-48.0,0.2836709931607029,0.2,1
122.0,80.0,-46.0,0.2836709931607029,0.2,1
122.0,82.0,-44.0,0.2836709931607029,0.2,1
122.0,82.0,-42.0,0.2836709931607029,0.2,1
122.0,84.0,-44.0,0.2836709931607029,0.2,1
122.0,84.0,-42.0,0.2836709931607029,0.2,1
122.0,86.0,-44.0,0.2836709931607029,0.2,1
122.0,86.0,-42.0,0.2836709931607029,0.2,1
122.0,88.0,-44.0,0.2836709931607029,0.2,1
122.0,88.0,-42.0,0.2836709931607029,0.2,1
122.0,90.0,-44.0,0.2836709931607029,0.2,1
122.0,90.0,-42.0,0.2836709931607029,0.2,1
124.0,74.0,-58.0,0.2836709931607029,0.2,1
124.0,74.0,-56.0,0.2836709931607029,0.2,1
124.0,74.0,-54.0,0.2836709931607029,0.2,1
124.0,74.0,-52.0,0.2836709931607029,0.2,1
124.0,74.0,-50.0,0.2836709931607029,0.2,1
124.0,74.0,-48.0,0.2836709931607029,0.2,1
124.0,76.0,-58.0,0.2836709931607029,0.2,1
124.0,76.0,-56.0,0.2836709931607029,0.2,1
124.0,76.0,-54.0,0.2836709931607029,0.2,1
124.0,76.0,-52.0,0.2836709931607029,0.2,1
124.0,76.0,-50.0,0.2836709931607029,0.2,1
124.0,76.0,-48.0,0.2836709931607029,0.2,1
124.0,76.0,-46.0,0.2836709931607029,0.2,1
124.0,78.0,-58.0,0.2836709931607029,0.2,1
124.0,78.0,-56.0,0.2836709931607029,0.2,1
124.0,78.0,-54.0,0.2836709931607029,0.2,1
124.0,78.0,-52.0,0.2836709931607029,0.2,1
124.0,78.0,-50.0,0.2836709931607029,0.2,1
124.0,78.0,-48.0,0.2836709931607029,0.2,1
124.0,78.0,-46.0,0.2836709931607029,0.2,1
124.0,80.0,-58.0,0.2836709931607029,0.2,1
124.0,80.0,-56.0,0.2836709931607029,0.2,1
124.0,80.0,-54.0,0.2836709931607029,0.2,1
124.0,80.0,-52.0,0.2836709931607029,0.2,1
124.0,80.0,-50.0,0.2836709931607029,0.2,1
124.0,80.0,-48.0,0.2836709931607029,0.2,1
124.0,80.0,-46.0,0.2836709931607029,0.2,1
124.0,82.0,-44.0,0.2836709931607029,0.2,1
124.0,84.0,-44.0,0.2836709931607029,0.2,1
124.0,84.0,-42.0,0.2836709931607029,0.2,1
124.0,86.0,-44.0,0.2836709931607029,0.2,1
124.0,86.0,-42.0,0.2836709931607029,0.2,1
124.0,88.0,-44.0,0.2836709931607029,0.2,1
124.0,88.0,-42.0,0.2836709931607029,0.2,1
124.0,90.0,-44.0,0.2836709931607029,0.2,1
124.0,90.0,-42.0,0.2836709931607029,0.2,1
126.0,74.0,-58.0,0.2836709931607029,0.2,1
126.0,74.0,-56.0,0.2836709931607029,0.2,1
126.0,74.0,-54.0,0.2836709931607029,0.2,1
126.0,74.0,-52.0,0.2836709931607029,0.2,1
126.0,74.0,-50.0,0.2836709931607029,0.2,1
126.0,74.0,-48.0,0.2836709931607029,0.2,1
126.0,76.0,-58.0,0.2836709931607029,0.2,1
126.0,76.0,-56.0,0.2836709931607029,0.2,1
126.0,76.0,-54.0,0.2836709931607029,0.2,1
126.0,76.0,-52.0,0.2836709931607029,0.2,1
126.0,76.0,-50.0,0.2836709931607029,0.2,1
126.0,76.0,-48.0,0.2836709931607029,0.2,1
126.0,76.0,-46.0,0.2836709931607029,0.2,1
126.0,78.0,-58.0,0.2836709931607029,0.2,1
126.0,78.0,-56.0,0.2836709931607029,0.2,1
126.0,78.0,-54.0,0.2836709931607029,0.2,1
126.0,78.0,-52.0,0.2836709931607029,0.2,1
126.0,78.0,-50.0,0.2836709931607029,0.2,1
126.0,78.0,-48.0,0.2836709931607029,0.2,1
126.0,78.0,-46.0,0.2836709931607029,0.2,1
126.0,80.0,-44.0,0.2836709931607029,0.2,1
126.0,82.0,-44.0,0.2836709931607029,0.2,1
126.0,84.0,-44.0,0.2836709931607029,0.2,1
126.0,86.0,-44.0,0.2836709931607029,0.2,1
126.0,86.0,-42.0,0.2836709931607029,0.2,1
126.0,88.0,-44.0,0.2836709931607029,0.2,1
126.0,88.0,-42.0,0.2836709931607029,0.2,1
126.0,90.0,-44.0,0.2836709931607029,0.2,1
126.0,90.0,-42.0,0.2836709931607029,0.2,1
128.0,74.0,-58.0,0.2836709931607029,0.2,1
128.0,74.0,-56.0,0.2836709931607029,0.2,1
128.0,74.0,-54.0,0.2836709931607029,0.2,1
128.0,74.0,-52.0,0.2836709931607029,0.2,1
128.0,74.0,-50.0,0.2836709931607029,0.2,1
128.0,74.0,-48.0,0.2836709931607029,0.2,1
128.0,76.0,-58.0,0.2836709931607029,0.2,1
128.0,76.0,-56.0,0.2836709931607029,0.2,1
128.0,76.0,-54.0,0.2836709931607029,0.2,1
128.0,76.0,-52.0,0.2836709931607029,0.2,1
128.0,76.0,-50.0,0.2836709931607029,0.2,1
128.0,76.0,-48.0,0.2836709931607029,0.2,1
128.0,82.0,-44.0,0.2836709931607029,0.2,1
128.0,84.0,-44.0,0.2836709931607029,0.2,1
128.0,86.0,-44.0,0.2836709931607029,0.2,1
128.0,88.0,-44.0,0.2836709931607029,0.2,1
128.0,88.0,-42.0,0.2836709931607029,0.2,1
128.0,90.0,-44.0,0.2836709931607029,0.2,1
128.0,90.0,-42.0,0.2836709931607029,0.2,1
130.0,74.0,-58.0,0.2836709931607029,0.2,1
130.0,74.0,-56.0,0.2836709931607029,0.2,1
130.0,74.0,-54.0,0.2836709931607029,0.2,1
130.0,74.0,-52.0,0.2836709931607029,0.2,1
130.0,74.0,-50.0,0.2836709931607029,0.2,1
130.0,74.0,-48.0,0.2836709931607029,0.2,1
130.0,84.0,-44.0,0.2836709931607029,0.2,1
130.0,86.0,-44.0,0.2836709931607029,0.2,1
130.0,88.0,-44.0,0.2836709931607029,0.2,1
130.0,90.0,-44.0,0.2836709931607029,0.2,1
130.0,90.0,-42.0,0.2836709931607029,0.2,1
132.0,88.0,-44.0,0.2836709931607029,0.2,1
132.0,90.0,-44.0,0.2836709931607029,0.2,1
134.0,90.0,-44.0,0.2836709931607029,0.2,1
144.0,58.0,-62.0,0.2836709931607029,0.2,1
144.0,58.0,-60.0,0.2836709931607029,0.2,1
144.0,58.0,-58.0,0.2836709931607029,0.2,1
144.0,58.0,-56.0,0.2836709931607029,0.2,1
144.0,60.0,-68.0,0.2836709931607029,0.2,1
144.0,60.0,-66.0,0.2836709931607029,0.2,1
144.0,60.0,-64.0,0.2836709931607029,0.2,1
144.0,60.0,-62.0,0.2836709931607029,0.2,1
144.0,60.0,-60.0,0.2836709931607029,0.2,1
144.0,60.0,-58.0,0.2836709931607029,0.2,1
144.0,60.0,-56.0,0.2836709931607029,0.2,1
144.0,60.0,-54.0,0.2836709931607029,0.2,1
144.0,62.0,-68.0,0.2836709931607029,0.2,1
144.0,62.0,-66.0,0.2836709931607029,0.2,1
144.0,62.0,-64.0,0.2836709931607029,0.2,1
144.0,62.0,-62.0,0.2836709931607029,0.2,1
144.0,62.0,-60.0,0.2836709931607029,0.2,1
144.0,62.0,-58.0,0.2836709931607029,0.2,1
144.0,62.0,-56.0,0.2836709931607029,0.2,1
144.0,62.0,-54.0,0.2836709931607029,0.2,1
146.0,58.0,-56.0,0.2836709931607029,0.2,1
146.0,60.0,-68.0,0.2836709931607029,0.2,1
146.0,60.0,-66.0,0.2836709931607029,0.2,1
146.0,60.0,-64.0,0.2836709931607029,0.2,1
146.0,60.0,-62.0,0.2836709931607029,0.2,1
146.0,60.0,-60.0,0.2836709931607029,0.2,1
146.0,60.0,-58.0,0.2836709931607029,0.2,1
146.0,60.0,-56.0,0.2836709931607029,0.2,1
146.0,60.0,-54.0,0.2836709931607029,0.2,1
148.0,60.0,-62.0,0.2836709931607029,0.2,1
148.0,60.0,-60.0,0.2836709931607029,0.2,1
148.0,60.0,-58.0,0.2836709931607029,0.2,1
148.0,60.0,-56.0,0.2836709931607029,0.2,1
148.0,60.0,-54.0,0.2836709931607029,0.2,1
162.0,90.0,-34.0,0.2836709931607029,0.2,1
162.0,90.0,-32.0,0.2836709931607029,0.2,1
162.0,90.0,-30.0,0.2836709931607029,0.2,1
162.0,90.0,-28.0,0.2836709931607029,0.2,1
162.0,90.0,-26.0,0.2836709931607029,0.2,1
162.0,90.0,-24.0,0.2836709931607029,0.2,1
162.0,90.0,-22.0,0.2836709931607029,0.2,1
162.0,90.0,-20.0,0.2836709931607029,0.2,1
128.0,48.0,-66.0,0.36816634884862026,0.4,2
128.0,48.0,-64.0,0.36816634884862026,0.4,2
130.0,48.0,-66.0,0.36816634884862026,0.4,2
130.0,48.0,-64.0,0.36816634884862026,0.4,2
130.0,48.0,-62.0,0.36816634884862026,0.4,2
132.0,48.0,-64.0,0.36816634884862026,0.4,2
132.0,48.0,-62.0,0.36816634884862026,0.4,2
132.0,48.0,-60.0,0.36816634884862026,0.4,2
132.0,48.0,-58.0,0.36816634884862026,0.4,2
132.0,50.0,-62.0,0.36816634884862026,0.4,2
134.0,48.0,-64.0,0.36816634884862026,0.4,2
134.0,48.0,-62.0,0.36816634884862026,0.4,2
134.0,48.0,-60.0,0.36816634884862026,0.4,2
134.0,48.0,-58.0,0.36816634884862026,0.4,2
134.0,48.0,-56.0,0.36816634884862026,0.4,2
134.0,50.0,-62.0,0.36816634884862026,0.4,2
134.0,50.0,-60.0,0.36816634884862026,0.4,2
136.0,48.0,-64.0,0.36816634884862026,0.4,2
136.0,48.0,-62.0,0.36816634884862026,0.4,2
136.0,48.0,-60.0,0.36816634884862026,0.4,2
136.0,48.0,-58.0,0.36816634884862026,0.4,2
136.0,48.0,-56.0,0.36816634884862026,0.4,2
136.0,48.0,-54.0,0.36816634884862026,0.4,2
136.0,48.0,-52.0,0.36816634884862026,0.4,2
136.0,50.0,-62.0,0.36816634884862026,0.4,2
136.0,50.0,-60.0,0.36816634884862026,0.4,2
136.0,50.0,-58.0,0.36816634884862026,0.4,2
136.0,50.0,-56.0,0.36816634884862026,0.4,2
136.0,52.0,-60.0,0.36816634884862026,0.4,2
138.0,48.0,-62.0,0.36816634884862026,0.4,2
138.0,48.0,-60.0,0.36816634884862026,0.4,2
138.0,48.0,-58.0,0.36816634884862026,0.4,2
138.0,48.0,-56.0,0.36816634884862026,0.4,2
138.0,48.0,-54.0,0.36816634884862026,0.4,2
138.0,48.0,-52.0,0.36816634884862026,0.4,2
138.0,48.0,-50.0,0.36816634884862026,0.4,2
138.0,48.0,-48.0,0.36816634884862026,0.4,2
138.0,50.0,-60.0,0.36816634884862026,0.4,2
138.0,50.0,-58.0,0.36816634884862026,0.4,2
138.0,50.0,-56.0,0.36816634884862026,0.4,2
138.0,50.0,-54.0,0.36816634884862026,0.4,2
138.0,50.0,-52.0,0.36816634884862026,0.4,2
138.0,52.0,-60.0,0.36816634884862026,0.4,2
138.0,52.0,-58.0,0.36816634884862026,0.4,2
138.0,52.0,-56.0,0.36816634884862026,0.4,2
140.0,48.0,-62.0,0.36816634884862026,0.4,2
140.0,48.0,-60.0,0.36816634884862026,0.4,2
140.0,48.0,-58.0,0.36816634884862026,0.4,2
140.0,48.0,-56.0,0.36816634884862026,0.4,2
140.0,48.0,-54.0,0.36816634884862026,0.4,2
140.0,48.0,-52.0,0.36816634884862026,0.4,2
140.0,48.0,-50.0,0.36816634884862026,0.4,2
140.0,48.0,-48.0,0.36816634884862026,0.4,2
140.0,48.0,-46.0,0.36816634884862026,0.4,2
140.0,48.0,-44.0,0.36816634884862026,0.4,2
140.0,50.0,-60.0,0.36816634884862026,0.4,2
140.0,50.0,-58.0,0.36816634884862026,0.4,2
140.0,50.0,-56.0,0.36816634884862026,0.4,2
140.0,50.0,-54.0,0.36816634884862026,0.4,2
140.0,50.0,-52.0,0.36816634884862026,0.4,2
140.0,50.0,-50.0,0.36816634884862026,0.4,2
140.0,50.0,-48.0,0.36816634884862026,0.4,2
140.0,52.0,-58.0,0.36816634884862026,0.4,2
140.0,52.0,-56.0,0.36816634884862026,0.4,2
140.0,52.0,-54.0,0.36816634884862026,0.4,2
140.0,52.0,-52.0,0.36816634884862026,0.4,2
142.0,48.0,-60.0,0.36816634884862026,0.4,2
142.0,48.0,-58.0,0.36816634884862026,0.4,2
142.0,48.0,-56.0,0.36816634884862026,0.4,2
142.0,48.0,-54.0,0.36816634884862026,0.4,2
142.0,48.0,-52.0,0.36816634884862026,0.4,2
142.0,48.0,-50.0,0.36816634884862026,0.4,2
142.0,48.0,-48.0,0.36816634884862026,0.4,2
142.0,48.0,-46.0,0.36816634884862026,0.4,2
142.0,48.0,-44.0,0.36816634884862026,0.4,2
142.0,48.0,-42.0,0.36816634884862026,0.4,2
142.0,50.0,-60.0,0.36816634884862026,0.4,2
142.0,50.0,-58.0,0.36816634884862026,0.4,2
142.0,50.0,-56.0,0.36816634884862026,0.4,2
142.0,50.0,-54.0,0.36816634884862026,0.4,2
142.0,50.0,-52.0,0.36816634884862026,0.4,2
142.0,50.0,-50.0,0.36816634884862026,0.4,2
142.0,50.0,-48.0,0.36816634884862026,0.4,2
142.0,50.0,-46.0,0.36816634884862026,0.4,2
142.0,50.0,-44.0,0.36816634884862026,0.4,2
142.0,50.0,-42.0,0.36816634884862026,0.4,2
144.0,48.0,-60.0,0.36816634884862026,0.4,2
144.0,48.0,-58.0,0.36816634884862026,0.4,2
144.0,48.0,-56.0,0.36816634884862026,0.4,2
144.0,48.0,-54.0,0.36816634884862026,0.4,2
144.0,48.0,-52.0,0.36816634884862026,0.4,2
144.0,48.0,-50.0,0.36816634884862026,0.4,2
144.0,48.0,-48.0,0.36816634884862026,0.4,2
144.0,48.0,-46.0,0.36816634884862026,0.4,2
144.0,48.0,-44.0,0.36816634884862026,0.4,2
144.0,48.0,-42.0,0.36816634884862026,0.4,2
144.0,48.0,-40.0,0.36816634884862026,0.4,2
144.0,50.0,-58.0,0.36816634884862026,0.4,2
144.0,50.0,-56.0,0.36816634884862026,0.4,2
144.0,50.0,-54.0,0.36816634884862026,0.4,2
144.0,50.0,-52.0,0.36816634884862026,0.4,2
144.0,50.0,-50.0,0.36816634884862026,0.4,2
144.0,50.0,-48.0,0.36816634884862026,0.4,2
144.0,50.0,-46.0,0.36816634884862026,0.4,2
144.0,50.0,-44.0,0.36816634884862026,0.4,2
144.0,50.0,-42.0,0.36816634884862026,0.4,2
144.0,50.0,-40.0,0.36816634884862026,0.4,2
146.0,48.0,-60.0,0.36816634884862026,0.4,2
146.0,48.0,-58.0,0.36816634884862026,0.4,2
146.0,48.0,-56.0,0.36816634884862026,0.4,2
146.0,48.0,-54.0,0.36816634884862026,0.4,2
146.0,48.0,-52.0,0.36816634884862026,0.4,2
146.0,48.0,-50.0,0.36816634884862026,0.4,2
146.0,48.0,-48.0,0.36816634884862026,0.4,2
146.0,48.0,-46.0,0.36816634884862026,0.4,2
146.0,48.0,-44.0,0.36816634884862026,0.4,2
146.0,48.0,-42.0,0.36816634884862026,0.4,2
146.0,48.0,-40.0,0.36816634884862026,0.4,2
146.0,50.0,-58.0,0.36816634884862026,0.4,2
146.0,50.0,-56.0,0.36816634884862026,0.4,2
146.0,50.0,-54.0,0.36816634884862026,0.4,2
146.0,50.0,-52.0,0.36816634884862026,0.4,2
146.0,50.0,-50.0,0.36816634884862026,0.4,2
146.0,50.0,-48.0,0.36816634884862026,0.4,2
146.0,50.0,-46.0,0.36816634884862026,0.4,2
146.0,50.0,-44.0,0.36816634884862026,0.4,2
146.0,50.0,-42.0,0.36816634884862026,0.4,2
146.0,50.0,-40.0,0.36816634884862026,0.4,2
148.0,48.0,-58.0,0.36816634884862026,0.4,2
148.0,48.0,-56.0,0.36816634884862026,0.4,2
148.0,48.0,-54.0,0.36816634884862026,0.4,2
148.0,48.0,-52.0,0.36816634884862026,0.4,2
148.0,48.0,-50.0,0.36816634884862026,0.4,2
148.0,48.0,-48.0,0.36816634884862026,0.4,2
148.0,48.0,-46.0,0.36816634884862026,0.4,2
148.0,48.0,-44.0,0.36816634884862026,0.4,2
148.0,48.0,-42.0,0.36816634884862026,0.4,2
148.0,48.0,-40.0,0.36816634884862026,0.4,2
148.0,48.0,-38.0,0.36816634884862026,0.4,2
150.0,48.0,-58.0,0.36816634884862026,0.4,2
150.0,48.0,-56.0,0.36816634884862026,0.4,2
150.0,48.0,-54.0,0.36816634884862026,0.4,2
150.0,48.0,-52.0,0.36816634884862026,0.4,2
150.0,48.0,-50.0,0.36816634884862026,0.4,2
150.0,48.0,-48.0,0.36816634884862026,0.4,2
150.0,48.0,-46.0,0.36816634884862026,0.4,2
150.0,48.0,-44.0,0.36816634884862026,0.4,2
150.0,48.0,-42.0,0.36816634884862026,0.4,2
150.0,48.0,-40.0,0.36816634884862026,0.4,2
150.0,48.0,-38.0,0.36816634884862026,0.4,2
152.0,48.0,-56.0,0.36816634884862026,0.4,2
152.0,48.0,-54.0,0.36816634884862026,0.4,2
152.0,48.0,-52.0,0.36816634884862026,0.4,2
152.0,48.0,-50.0,0.36816634884862026,0.4,2
152.0,48.0,-48.0,0.36816634884862026,0.4,2
152.0,48.0,-46.0,0.36816634884862026,0.4,2
152.0,48.0,-44.0,0.36816634884862026,0.4,2
152.0,48.0,-42.0,0.36816634884862026,0.4,2
152.0,48.0,-40.0,0.36816634884862026,0.4,2
152.0,48.0,-38.0,0.36816634884862026,0.4,2
152.0,48.0,-36.0,0.36816634884862026,0.4,2
154.0,58.0,-18.0,0.36816634884862026,0.4,2
154.0,58.0,-16.0,0.36816634884862026,0.4,2
154.0,58.0,-14.0,0.36816634884862026,0.4,2
154.0,58.0,-12.0,0.36816634884862026,0.4,2
154.0,60.0,-20.0,0.36816634884862026,0.4,2
154.0,60.0,-18.0,0.36816634884862026,0.4,2
154.0,60.0,-16.0,0.36816634884862026,0.4,2
154.0,60.0,-14.0,0.36816634884862026,0.4,2
154.0,60.0,-12.0,0.36816634884862026,0.4,2
154.0,62.0,-20.0,0.36816634884862026,0.4,2
154.0,62.0,-18.0,0.36816634884862026,0.4,2
154.0,62.0,-16.0,0.36816634884862026,0.4,2
154.0,62.0,-14.0,0.36816634884862026,0.4,2
154.0,62.0,-12.0,0.36816634884862026,0.4,2
156.0,56.0,-18.0,0.36816634884862026,0.4,2
156.0,56.0,-16.0,0.36816634884862026,0.4,2
156.0,56.0,-14.0,0.36816634884862026,0.4,2
156.0,56.0,-12.0,0.36816634884862026,0.4,2
156.0,58.0,-18.0,0.36816634884862026,0.4,2
156.0,58.0,-16.0,0.36816634884862026,0.4,2
156.0,58.0,-14.0,0.36816634884862026,0.4,2
156.0,58.0,-12.0,0.36816634884862026,0.4,2
156.0,60.0,-18.0,0.36816634884862026,0.4,2
156.0,60.0,-16.0,0.36816634884862026,0.4,2
156.0,60.0,-14.0,0.36816634884862026,0.4,2
156.0,60.0,-12.0,0.36816634884862026,0.4,2
156.0,62.0,-18.0,0.36816634884862026,0.4,2
156.0,62.0,-16.0,0.36816634884862026,0.4,2
156.0,62.0,-14.0,0.36816634884862026,0.4,2
156.0,62.0,-12.0,0.36816634884862026,0.4,2
156.0,64.0,-18.0,0.36816634884862026,0.4,2
156.0,64.0,-16.0,0.36816634884862026,0.4,2
156.0,64.0,-14.0,0.36816634884862026,0.4,2
156.0,64.0,-12.0,0.36816634884862026,0.4,2
156.0,66.0,-18.0,0.36816634884862026,0.4,2
156.0,66.0,-16.0,0.36816634884862026,0.4,2
156.0,66.0,-14.0,0.36816634884862026,0.4,2
156.0,66.0,-12.0,0.36816634884862026,0.4,2
156.0,68.0,-16.0,0.36816634884862026,0.4,2
156.0,68.0,-14.0,0.36816634884862026,0.4,2
156.0,68.0,-12.0,0.36816634884862026,0.4,2
156.0,70.0,-12.0,0.36816634884862026,0.4,2
158.0,56.0,-16.0,0.36816634884862026,0.4,2
158.0,56.0,-14.0,0.36816634884862026,0.4,2
158.0,56.0,-12.0,0.36816634884862026,0.4,2
158.0,58.0,-16.0,0.36816634884862026,0.4,2
158.0,58.0,-14.0,0.36816634884862026,0.4,2
158.0,58.0,-12.0,0.36816634884862026,0.4,2
158.0,60.0,-16.0,0.36816634884862026,0.4,2
158.0,60.0,-14.0,0.36816634884862026,0.4,2
158.0,60.0,-12.0,0.36816634884862026,0.4,2
158.0,62.0,-16.0,0.36816634884862026,0.4,2
158.0,62.0,-14.0,0.36816634884862026,0.4,2
158.0,62.0,-12.0,0.36816634884862026,0.4,2
158.0,64.0,-16.0,0.36816634884862026,0.4,2
158.0,64.0,-14.0,0.36816634884862026,0.4,2
158.0,64.0,-12.0,0.36816634884862026,0.4,2
158.0,66.0,-16.0,0.36816634884862026,0.4,2
158.0,66.0,-14.0,0.36816634884862026,0.4,2
158.0,66.0,-12.0,0.36816634884862026,0.4,2
158.0,68.0,-18.0,0.36816634884862026,0.4,2
158.0,68.0,-16.0,0.36816634884862026,0.4,2
158.0,68.0,-14.0,0.36816634884862026,0.4,2
158.0,68.0,-12.0,0.36816634884862026,0.4,2
158.0,70.0,-18.0,0.36816634884862026,0.4,2
158.0,70.0,-16.0,0.36816634884862026,0.4,2
158.0,70.0,-14.0,0.36816634884862026,0.4,2
158.0,70.0,-12.0,0.36816634884862026,0.4,2
158.0,72.0,-18.0,0.36816634884862026,0.4,2
158.0,72.0,-16.0,0.36816634884862026,0.4,2
158.0,72.0,-14.0,0.36816634884862026,0.4,2
158.0,72.0,-12.0,0.36816634884862026,0.4,2
160.0,54.0,-14.0,0.36816634884862026,0.4,2
160.0,54.0,-12.0,0.36816634884862026,0.4,2
160.0,56.0,-14.0,0.36816634884862026,0.4,2
160.0,56.0,-12.0,0.36816634884862026,0.4,2
160.0,58.0,-14.0,0.36816634884862026,0.4,2
160.0,58.0,-12.0,0.36816634884862026,0.4,2
160.0,60.0,-14.0,0.36816634884862026,0.4,2
160.0,60.0,-12.0,0.36816634884862026,0.4,2
160.0,62.0,-16.0,0.36816634884862026,0.4,2
160.0,62.0,-14.0,0.36816634884862026,0.4,2
160.0,62.0,-12.0,0.36816634884862026,0.4,2
160.0,64.0,-16.0,0.36816634884862026,0.4,2
160.0,64.0,-14.0,0.36816634884862026,0.4,2
160.0,64.0,-12.0,0.36816634884862026,0.4,2
160.0,66.0,-16.0,0.36816634884862026,0.4,2
160.0,66.0,-14.0,0.36816634884862026,0.4,2
160.0,66.0,-12.0,0.36816634884862026,0.4,2
160.0,68.0,-16.0,0.36816634884862026,0.4,2
160.0,68.0,-14.0,0.36816634884862026,0.4,2
160.0,68.0,-12.0,0.36816634884862026,0.4,2
160.0,70.0,-16.0,0.36816634884862026,0.4,2
160.0,70.0,-14.0,0.36816634884862026,0.4,2
160.0,70.0,-12.0,0.36816634884862026,0.4,2
160.0,72.0,-16.0,0.36816634884862026,0.4,2
160.0,72.0,-14.0,0.36816634884862026,0.4,2
160.0,72.0,-12.0,0.36816634884862026,0.4,2
162.0,54.0,-14.0,0.36816634884862026,0.4,2
162.0,54.0,-12.0,0.36816634884862026,0.4,2
162.0,56.0,-14.0,0.36816634884862026,0.4,2
162.0,56.0,-12.0,0.36816634884862026,0.4,2
162.0,58.0,-14.0,0.36816634884862026,0.4,2
162.0,58.0,-12.0,0.36816634884862026,0.4,2
162.0,60.0,-14.0,0.36816634884862026,0.4,2
162.0,60.0,-12.0,0.36816634884862026,0.4,2
162.0,62.0,-14.0,0.36816634884862026,0.4,2
162.0,62.0,-12.0,0.36816634884862026,0.4,2
162.0,64.0,-14.0,0.36816634884862026,0.4,2
162.0,64.0,-12.0,0.36816634884862026,0.4,2
162.0,66.0,-14.0,0.36816634884862026,0.4,2
162.0,66.0,-12.0,0.36816634884862026,0.4,2
162.0,68.0,-14.0,0.36816634884862026,0.4,2
162.0,68.0,-12.0,0.36816634884862026,0.4,2
162.0,70.0,-14.0,0.36816634884862026,0.4,2
162.0,70.0,-12.0,0.36816634884862026,0.4,2
162.0,72.0,-14.0,0.36816634884862026,0.4,2
162.0,72.0,-12.0,0.36816634884862026,0.4,2
158.0,74.0,-16.0,0.36816634884862026,0.4,2
158.0,74.0,-14.0,0.36816634884862026,0.4,2
158.0,74.0,-12.0,0.36816634884862026,0.4,2
158.0,76.0,-14.0,0.36816634884862026,0.4,2
158.0,76.0,-12.0,0.36816634884862026,0.4,2
158.0,78.0,-12.0,0.36816634884862026,0.4,2
160.0,74.0,-16.0,0.36816634884862026,0.4,2
160.0,74.0,-14.0,0.36816634884862026,0.4,2
160.0,74.0,-12.0,0.36816634884862026,0.4,2
160.0,76.0,-16.0,0.36816634884862026,0.4,2
160.0,76.0,-14.0,0.36816634884862026,0.4,2
160.0,76.0,-12.0,0.36816634884862026,0.4,2
160.0,78.0,-18.0,0.36816634884862026,0.4,2
160.0,78.0,-16.0,0.36816634884862026,0.4,2
160.0,78.0,-14.0,0.36816634884862026,0.4,2
160.0,78.0,-12.0,0.36816634884862026,0.4,2
160.0,80.0,-16.0,0.36816634884862026,0.4,2
160.0,80.0,-14.0,0.36816634884862026,0.4,2
160.0,80.0,-12.0,0.36816634884862026,0.4,2
160.0,82.0,-14.0,0.36816634884862026,0.4,2
160.0,82.0,-12.0,0.36816634884862026,0.4,2
162.0,74.0,-14.0,0.36816634884862026,0.4,2
162.0,74.0,-12.0,0.36816634884862026,0.4,2
162.0,76.0,-16.0,0.36816634884862026,0.4,2
162.0,76.0,-14.0,0.36816634884862026,0.4,2
162.0,76.0,-12.0,0.36816634884862026,0.4,2
162.0,78.0,-16.0,0.36816634884862026,0.4,2
162.0,78.0,-14.0,0.36816634884862026,0.4,2
162.0,78.0,-12.0,0.36816634884862026,0.4,2
162.0,80.0,-16.0,0.36816634884862026,0.4,2
162.0,80.0,-14.0,0.36816634884862026,0.4,2
162.0,80.0,-12.0,0.36816634884862026,0.4,2
162.0,82.0,-16.0,0.36816634884862026,0.4,2
162.0,82.0,-14.0,0.36816634884862026,0.4,2
162.0,82.0,-12.0,0.36816634884862026,0.4,2
160.0,84.0,-12.0,0.36816634884862026,0.4,2
160.0,86.0,-12.0,0.36816634884862026,0.4,2
162.0,84.0,-16.0,0.36816634884862026,0.4,2
162.0,84.0,-14.0,0.36816634884862026,0.4,2
162.0,84.0,-12.0,0.36816634884862026,0.4,2
162.0,86.0,-16.0,0.36816634884862026,0.4,2
162.0,86.0,-14.0,0.36816634884862026,0.4,2
162.0,86.0,-12.0,0.36816634884862026,0.4,2
162.0,88.0,-14.0,0.36816634884862026,0.4,2
162.0,88.0,-12.0,0.36816634884862026,0.4,2
146.0,52.0,-38.0,0.3750994966066656,0.4,2
146.0,52.0,-36.0,0.3750994966066656,0.4,2
148.0,50.0,-36.0,0.3750994966066656,0.4,2
148.0,50.0,-34.0,0.3750994966066656,0.4,2
148.0,50.0,-32.0,0.3750994966066656,0.4,2
148.0,52.0,-36.0,0.3750994966066656,0.4,2
148.0,52.0,-34.0,0.3750994966066656,0.4,2
148.0,52.0,-32.0,0.3750994966066656,0.4,2
148.0,54.0,-36.0,0.3750994966066656,0.4,2
148.0,54.0,-34.0,0.3750994966066656,0.4,2
150.0,50.0,-34.0,0.3750994966066656,0.4,2
150.0,50.0,-32.0,0.3750994966066656,0.4,2
150.0,52.0,-34.0,0.3750994966066656,0.4,2
150.0,52.0,-32.0,0.3750994966066656,0.4,2
150.0,54.0,-34.0,0.3750994966066656,0.4,2
150.0,54.0,-32.0,0.3750994966066656,0.4,2
150.0,56.0,-34.0,0.3750994966066656,0.4,2
150.0,56.0,-32.0,0.3750994966066656,0.4,2
152.0,50.0,-34.0,0.3750994966066656,0.4,2
152.0,50.0,-32.0,0.3750994966066656,0.4,2
152.0,52.0,-34.0,0.3750994966066656,0.4,2
152.0,52.0,-32.0,0.3750994966066656,0.4,2
152.0,54.0,-34.0,0.3750994966066656,0.4,2
152.0,54.0,-32.0,0.3750994966066656,0.4,2
152.0,56.0,-34.0,0.3750994966066656,0.4,2
152.0,56.0,-32.0,0.3750994966066656,0.4,2
152.0,58.0,-52.0,0.3750994966066656,0.4,2
152.0,58.0,-50.0,0.3750994966066656,0.4,2
152.0,58.0,-48.0,0.3750994966066656,0.4,2
152.0,58.0,-46.0,0.3750994966066656,0.4,2
152.0,58.0,-44.0,0.3750994966066656,0.4,2
152.0,58.0,-42.0,0.3750994966066656,0.4,2
152.0,58.0,-40.0,0.3750994966066656,0.4,2
152.0,58.0,-38.0,0.3750994966066656,0.4,2
152.0,58.0,-36.0,0.3750994966066656,0.4,2
152.0,60.0,-52.0,0.3750994966066656,0.4,2
152.0,60.0,-50.0,0.3750994966066656,0.4,2
152.0,60.0,-48.0,0.3750994966066656,0.4,2
152.0,60.0,-46.0,0.3750994966066656,0.4,2
152.0,60.0,-44.0,0.3750994966066656,0.4,2
152.0,60.0,-42.0,0.3750994966066656,0.4,2
152.0,60.0,-40.0,0.3750994966066656,0.4,2
152.0,60.0,-38.0,0.3750994966066656,0.4,2
152.0,60.0,-36.0,0.3750994966066656,0.4,2
148.0,48.0,-22.0,0.3750994966066656,0.4,2
148.0,50.0,-30.0,0.3750994966066656,0.4,2
148.0,50.0,-28.0,0.3750994966066656,0.4,2
148.0,50.0,-26.0,0.3750994966066656,0.4,2
148.0,50.0,-24.0,0.3750994966066656,0.4,2
148.0,52.0,-30.0,0.3750994966066656,0.4,2
148.0,52.0,-28.0,0.3750994966066656,0.4,2
150.0,48.0,-22.0,0.3750994966066656,0.4,2
150.0,48.0,-20.0,0.3750994966066656,0.4,2
150.0,48.0,-18.0,0.3750994966066656,0.4,2
150.0,48.0,-16.0,0.3750994966066656,0.4,2
150.0,50.0,-30.0,0.3750994966066656,0.4,2
150.0,50.0,-28.0,0.3750994966066656,0.4,2
150.0,50.0,-26.0,0.3750994966066656,0.4,2
150.0,50.0,-24.0,0.3750994966066656,0.4,2
150.0,52.0,-30.0,0.3750994966066656,0.4,2
150.0,52.0,-28.0,0.3750994966066656,0.4,2
150.0,52.0,-26.0,0.3750994966066656,0.4,2
150.0,52.0,-24.0,0.3750994966066656,0.4,2
150.0,54.0,-30.0,0.3750994966066656,0.4,2
150.0,54.0,-28.0,0.3750994966066656,0.4,2
150.0,54.0,-26.0,0.3750994966066656,0.4,2
150.0,54.0,-24.0,0.3750994966066656,0.4,2
150.0,56.0,-30.0,0.3750994966066656,0.4,2
152.0,48.0,-20.0,0.3750994966066656,0.4,2
152.0,48.0,-18.0,0.3750994966066656,0.4,2
152.0,48.0,-16.0,0.3750994966066656,0.4,2
152.0,48.0,-14.0,0.3750994966066656,0.4,2
152.0,48.0,-12.0,0.3750994966066656,0.4,2
152.0,50.0,-30.0,0.3750994966066656,0.4,2
152.0,50.0,-28.0,0.3750994966066656,0.4,2
152.0,50.0,-26.0,0.3750994966066656,0.4,2
152.0,50.0,-24.0,0.3750994966066656,0.4,2
152.0,50.0,-22.0,0.3750994966066656,0.4,2
152.0,52.0,-30.0,0.3750994966066656,0.4,2
152.0,52.0,-28.0,0.3750994966066656,0.4,2
152.0,52.0,-26.0,0.3750994966066656,0.4,2
152.0,52.0,-24.0,0.3750994966066656,0.4,2
152.0,52.0,-22.0,0.3750994966066656,0.4,2
152.0,54.0,-30.0,0.3750994966066656,0.4,2
152.0,54.0,-28.0,0.3750994966066656,0.4,2
152.0,54.0,-26.0,0.3750994966066656,0.4,2
152.0,54.0,-24.0,0.3750994966066656,0.4,2
152.0,54.0,-22.0,0.3750994966066656,0.4,2
152.0,56.0,-30.0,0.3750994966066656,0.4,2
152.0,56.0,-28.0,0.3750994966066656,0.4,2
152.0,56.0,-26.0,0.3750994966066656,0.4,2
152.0,56.0,-24.0,0.3750994966066656,0.4,2
152.0,56.0,-22.0,0.3750994966066656,0.4,2
154.0,48.0,-32.0,0.3750994966066656,0.4,2
154.0,48.0,-30.0,0.3750994966066656,0.4,2
154.0,48.0,-28.0,0.3750994966066656,0.4,2
154.0,48.0,-26.0,0.3750994966066656,0.4,2
154.0,48.0,-24.0,0.3750994966066656,0.4,2
154.0,48.0,-22.0,0.3750994966066656,0.4,2
154.0,48.0,-20.0,0.3750994966066656,0.4,2
154.0,50.0,-32.0,0.3750994966066656,0.4,2
154.0,50.0,-30.0,0.3750994966066656,0.4,2
154.0,50.0,-28.0,0.3750994966066656,0.4,2
154.0,50.0,-26.0,0.3750994966066656,0.4,2
154.0,50.0,-24.0,0.3750994966066656,0.4,2
154.0,50.0,-22.0,0.3750994966066656,0.4,2
154.0,50.0,-20.0,0.3750994966066656,0.4,2
154.0,52.0,-32.0,0.3750994966066656,0.4,2
154.0,52.0,-30.0,0.3750994966066656,0.4,2
154.0,52.0,-28.0,0.3750994966066656,0.4,2
154.0,52.0,-26.0,0.3750994966066656,0.4,2
154.0,52.0,-24.0,0.3750994966066656,0.4,2
154.0,52.0,-22.0,0.3750994966066656,0.4,2
154.0,52.0,-20.0,0.3750994966066656,0.4,2
154.0,54.0,-32.0,0.3750994966066656,0.4,2
154.0,54.0,-30.0,0.3750994966066656,0.4,2
154.0,54.0,-28.0,0.3750994966066656,0.4,2
154.0,54.0,-26.0,0.3750994966066656,0.4,2
154.0,54.0,-24.0,0.3750994966066656,0.4,2
154.0,54.0,-22.0,0.3750994966066656,0.4,2
154.0,54.0,-20.0,0.3750994966066656,0.4,2
154.0,56.0,-32.0,0.3750994966066656,0.4,2
154.0,56.0,-30.0,0.3750994966066656,0.4,2
154.0,56.0,-28.0,0.3750994966066656,0.4,2
154.0,56.0,-26.0,0.3750994966066656,0.4,2
154.0,56.0,-24.0,0.3750994966066656,0.4,2
154.0,56.0,-22.0,0.3750994966066656,0.4,2
154.0,56.0,-20.0,0.3750994966066656,0.4,2
154.0,58.0,-48.0,0.3750994966066656,0.4,2
154.0,58.0,-46.0,0.3750994966066656,0.4,2
154.0,58.0,-44.0,0.3750994966066656,0.4,2
154.0,58.0,-42.0,0.3750994966066656,0.4,2
154.0,58.0,-40.0,0.3750994966066656,0.4,2
154.0,58.0,-38.0,0.3750994966066656,0.4,2
154.0,58.0,-36.0,0.3750994966066656,0.4,2
154.0,58.0,-34.0,0.3750994966066656,0.4,2
154.0,60.0,-48.0,0.3750994966066656,0.4,2
154.0,60.0,-46.0,0.3750994966066656,0.4,2
154.0,60.0,-44.0,0.3750994966066656,0.4,2
154.0,60.0,-42.0,0.3750994966066656,0.4,2
154.0,60.0,-40.0,0.3750994966066656,0.4,2
154.0,60.0,-38.0,0.3750994966066656,0.4,2
154.0,60.0,-36.0,0.3750994966066656,0.4,2
154.0,60.0,-34.0,0.3750994966066656,0.4,2
154.0,62.0,-48.0,0.3750994966066656,0.4,2
154.0,62.0,-46.0,0.3750994966066656,0.4,2
154.0,62.0,-44.0,0.3750994966066656,0.4,2
154.0,62.0,-42.0,0.3750994966066656,0.4,2
154.0,62.0,-40.0,0.3750994966066656,0.4,2
154.0,62.0,-38.0,0.3750994966066656,0.4,2
154.0,62.0,-36.0,0.3750994966066656,0.4,2
154.0,62.0,-34.0,0.3750994966066656,0.4,2
156.0,48.0,-32.0,0.3750994966066656,0.4,2
156.0,48.0,-30.0,0.3750994966066656,0.4,2
156.0,48.0,-28.0,0.3750994966066656,0.4,2
156.0,48.0,-26.0,0.3750994966066656,0.4,2
156.0,48.0,-24.0,0.3750994966066656,0.4,2
156.0,48.0,-22.0,0.3750994966066656,0.4,2
156.0,48.0,-20.0,0.3750994966066656,0.4,2
156.0,50.0,-32.0,0.3750994966066656,0.4,2
156.0,50.0,-30.0,0.3750994966066656,0.4,2
156.0,50.0,-28.0,0.3750994966066656,0.4,2
156.0,50.0,-26.0,0.3750994966066656,0.4,2
156.0,50.0,-24.0,0.3750994966066656,0.4,2
156.0,50.0,-22.0,0.3750994966066656,0.4,2
156.0,50.0,-20.0,0.3750994966066656,0.4,2
156.0,52.0,-32.0,0.3750994966066656,0.4,2
156.0,52.0,-30.0,0.3750994966066656,0.4,2
156.0,52.0,-28.0,0.3750994966066656,0.4,2
156.0,52.0,-26.0,0.3750994966066656,0.4,2
156.0,52.0,-24.0,0.3750994966066656,0.4,2
156.0,52.0,-22.0,0.3750994966066656,0.4,2
156.0,52.0,-20.0,0.3750994966066656,0.4,2
156.0,54.0,-32.0,0.3750994966066656,0.4,2
156.0,54.0,-30.0,0.3750994966066656,0.4,2
156.0,54.0,-28.0,0.3750994966066656,0.4,2
156.0,54.0,-26.0,0.3750994966066656,0.4,2
156.0,54.0,-24.0,0.3750994966066656,0.4,2
156.0,54.0,-22.0,0.3750994966066656,0.4,2
156.0,54.0,-20.0,0.3750994966066656,0.4,2
156.0,56.0,-48.0,0.3750994966066656,0.4,2
156.0,56.0,-46.0,0.3750994966066656,0.4,2
156.0,56.0,-44.0,0.3750994966066656,0.4,2
156.0,56.0,-42.0,0.3750994966066656,0.4,2
156.0,56.0,-40.0,0.3750994966066656,0.4,2
156.0,56.0,-38.0,0.3750994966066656,0.4,2
156.0,56.0,-36.0,0.3750994966066656,0.4,2
156.0,56.0,-34.0,0.3750994966066656,0.4,2
156.0,58.0,-48.0,0.3750994966066656,0.4,2
156.0,58.0,-46.0,0.3750994966066656,0.4,2
156.0,58.0,-44.0,0.3750994966066656,0.4,2
156.0,58.0,-42.0,0.3750994966066656,0.4,2
156.0,58.0,-40.0,0.3750994966066656,0.4,2
156.0,58.0,-38.0,0.3750994966066656,0.4,2
156.0,58.0,-36.0,0.3750994966066656,0.4,2
156.0,58.0,-34.0,0.3750994966066656,0.4,2
156.0,60.0,-48.0,0.3750994966066656,0.4,2
156.0,60.0,-46.0,0.3750994966066656,0.4,2
156.0,60.0,-44.0,0.3750994966066656,0.4,2
156.0,60.0,-42.0,0.3750994966066656,0.4,2
156.0,60.0,-40.0,0.3750994966066656,0.4,2
156.0,60.0,-38.0,0.3750994966066656,0.4,2
156.0,60.0,-36.0,0.3750994966066656,0.4,2
156.0,60.0,-34.0,0.3750994966066656,0.4,2
156.0,62.0,-48.0,0.3750994966066656,0.4,2
156.0,62.0,-46.0,0.3750994966066656,0.4,2
156.0,62.0,-44.0,0.3750994966066656,0.4,2
156.0,62.0,-42.0,0.3750994966066656,0.4,2
156.0,62.0,-40.0,0.3750994966066656,0.4,2
156.0,62.0,-38.0,0.3750994966066656,0.4,2
156.0,62.0,-36.0,0.3750994966066656,0.4,2
156.0,62.0,-34.0,0.3750994966066656,0.4,2
156.0,64.0,-48.0,0.3750994966066656,0.4,2
156.0,64.0,-46.0,0.3750994966066656,0.4,2
156.0,64.0,-44.0,0.3750994966066656,0.4,2
156.0,64.0,-42.0,0.3750994966066656,0.4,2
156.0,64.0,-40.0,0.3750994966066656,0.4,2
156.0,64.0,-38.0,0.3750994966066656,0.4,2
156.0,64.0,-36.0,0.3750994966066656,0.4,2
156.0,64.0,-34.0,0.3750994966066656,0.4,2
158.0,48.0,-30.0,0.3750994966066656,0.4,2
158.0,48.0,-28.0,0.3750994966066656,0.4,2
158.0,48.0,-26.0,0.3750994966066656,0.4,2
158.0,48.0,-24.0,0.3750994966066656,0.4,2
158.0,48.0,-22.0,0.3750994966066656,0.4,2
158.0,48.0,-20.0,0.3750994966066656,0.4,2
158.0,48.0,-18.0,0.3750994966066656,0.4,2
158.0,50.0,-30.0,0.3750994966066656,0.4,2
158.0,50.0,-28.0,0.3750994966066656,0.4,2
158.0,50.0,-26.0,0.3750994966066656,0.4,2
158.0,50.0,-24.0,0.3750994966066656,0.4,2
158.0,50.0,-22.0,0.3750994966066656,0.4,2
158.0,50.0,-20.0,0.3750994966066656,0.4,2
158.0,50.0,-18.0,0.3750994966066656,0.4,2
158.0,52.0,-30.0,0.3750994966066656,0.4,2
158.0,52.0,-28.0,0.3750994966066656,0.4,2
158.0,52.0,-26.0,0.3750994966066656,0.4,2
158.0,52.0,-24.0,0.3750994966066656,0.4,2
158.0,52.0,-22.0,0.3750994966066656,0.4,2
158.0,52.0,-20.0,0.3750994966066656,0.4,2
158.0,52.0,-18.0,0.3750994966066656,0.4,2
158.0,54.0,-30.0,0.3750994966066656,0.4,2
158.0,54.0,-28.0,0.3750994966066656,0.4,2
158.0,54.0,-26.0,0.3750994966066656,0.4,2
158.0,54.0,-24.0,0.3750994966066656,0.4,2
158.0,54.0,-22.0,0.3750994966066656,0.4,2
158.0,54.0,-20.0,0.3750994966066656,0.4,2
158.0,54.0,-18.0,0.3750994966066656,0.4,2
158.0,56.0,-48.0,0.3750994966066656,0.4,2
158.0,56.0,-46.0,0.3750994966066656,0.4,2
158.0,56.0,-44.0,0.3750994966066656,0.4,2
158.0,56.0,-42.0,0.3750994966066656,0.4,2
158.0,56.0,-40.0,0.3750994966066656,0.4,2
158.0,56.0,-38.0,0.3750994966066656,0.4,2
158.0,56.0,-36.0,0.3750994966066656,0.4,2
158.0,56.0,-34.0,0.3750994966066656,0.4,2
158.0,56.0,-32.0,0.3750994966066656,0.4,2
158.0,58.0,-48.0,0.3750994966066656,0.4,2
158.0,58.0,-46.0,0.3750994966066656,0.4,2
158.0,58.0,-44.0,0.3750994966066656,0.4,2
158.0,58.0,-42.0,0.3750994966066656,0.4,2
158.0,58.0,-40.0,0.3750994966066656,0.4,2
158.0,58.0,-38.0,0.3750994966066656,0.4,2
158.0,58.0,-36.0,0.3750994966066656,0.4,2
158.0,58.0,-34.0,0.3750994966066656,0.4,2
158.0,58.0,-32.0,0.3750994966066656,0.4,2
158.0,60.0,-48.0,0.3750994966066656,0.4,2
158.0,60.0,-46.0,0.3750994966066656,0.4,2
158.0,60.0,-44.0,0.3750994966066656,0.4,2
158.0,60.0,-42.0,0.3750994966066656,0.4,2
158.0,60.0,-40.0,0.3750994966066656,0.4,2
158.0,60.0,-38.0,0.3750994966066656,0.4,2
158.0,60.0,-36.0,0.3750994966066656,0.4,2
158.0,60.0,-34.0,0.3750994966066656,0.4,2
158.0,60.0,-32.0,0.3750994966066656,0.4,2
158.0,62.0,-48.0,0.3750994966066656,0.4,2
158.0,62.0,-46.0,0.3750994966066656,0.4,2
158.0,62.0,-44.0,0.3750994966066656,0.4,2
158.0,62.0,-42.0,0.3750994966066656,0.4,2
158.0,62.0,-40.0,0.3750994966066656,0.4,2
158.0,62.0,-38.0,0.3750994966066656,0.4,2
158.0,62.0,-36.0,0.3750994966066656,0.4,2
158.0,62.0,-34.0,0.3750994966066656,0.4,2
158.0,62.0,-32.0,0.3750994966066656,0.4,2
158.0,64.0,-48.0,0.3750994966066656,0.4,2
158.0,64.0,-46.0,0.3750994966066656,0.4,2
158.0,64.0,-44.0,0.3750994966066656,0.4,2
158.0,64.0,-42.0,0.3750994966066656,0.4,2
158.0,64.0,-40.0,0.3750994966066656,0.4,2
158.0,64.0,-38.0,0.3750994966066656,0.4,2
158.0,64.0,-36.0,0.3750994966066656,0.4,2
158.0,64.0,-34.0,0.3750994966066656,0.4,2
158.0,64.0,-32.0,0.3750994966066656,0.4,2
158.0,66.0,-46.0,0.3750994966066656,0.4,2
158.0,66.0,-44.0,0.3750994966066656,0.4,2
158.0,66.0,-42.0,0.3750994966066656,0.4,2
158.0,66.0,-40.0,0.3750994966066656,0.4,2
158.0,66.0,-38.0,0.3750994966066656,0.4,2
158.0,66.0,-36.0,0.3750994966066656,0.4,2
158.0,66.0,-34.0,0.3750994966066656,0.4,2
158.0,66.0,-32.0,0.3750994966066656,0.4,2
158.0,68.0,-32.0,0.3750994966066656,0.4,2
160.0,48.0,-30.0,0.3750994966066656,0.4,2
160.0,48.0,-28.0,0.3750994966066656,0.4,2
160.0,48.0,-26.0,0.3750994966066656,0.4,2
160.0,48.0,-24.0,0.3750994966066656,0.4,2
160.0,48.0,-22.0,0.3750994966066656,0.4,2
160.0,48.0,-20.0,0.3750994966066656,0.4,2
160.0,48.0,-18.0,0.3750994966066656,0.4,2
160.0,48.0,-16.0,0.3750994966066656,0.4,2
160.0,50.0,-30.0,0.3750994966066656,0.4,2
160.0,50.0,-28.0,0.3750994966066656,0.4,2
160.0,50.0,-26.0,0.3750994966066656,0.4,2
160.0,50.0,-24.0,0.3750994966066656,0.4,2
160.0,50.0,-22.0,0.3750994966066656,0.4,2
160.0,50.0,-20.0,0.3750994966066656,0.4,2
160.0,50.0,-18.0,0.3750994966066656,0.4,2
160.0,50.0,-16.0,0.3750994966066656,0.4,2
160.0,52.0,-30.0,0.3750994966066656,0.4,2
160.0,52.0,-28.0,0.3750994966066656,0.4,2
160.0,52.0,-26.0,0.3750994966066656,0.4,2
160.0,52.0,-24.0,0.3750994966066656,0.4,2
160.0,52.0,-22.0,0.3750994966066656,0.4,2
160.0,52.0,-20.0,0.3750994966066656,0.4,2
160.0,52.0,-18.0,0.3750994966066656,0.4,2
160.0,52.0,-16.0,0.3750994966066656,0.4,2
160.0,54.0,-48.0,0.3750994966066656,0.4,2
160.0,54.0,-46.0,0.3750994966066656,0.4,2
160.0,54.0,-44.0,0.3750994966066656,0.4,2
160.0,54.0,-42.0,0.3750994966066656,0.4,2
160.0,54.0,-40.0,0.3750994966066656,0.4,2
160.0,54.0,-38.0,0.3750994966066656,0.4,2
160.0,54.0,-36.0,0.3750994966066656,0.4,2
160.0,54.0,-34.0,0.3750994966066656,0.4,2
160.0,54.0,-32.0,0.3750994966066656,0.4,2
160.0,56.0,-48.0,0.3750994966066656,0.4,2
160.0,56.0,-46.0,0.3750994966066656,0.4,2
160.0,56.0,-44.0,0.3750994966066656,0.4,2
160.0,56.0,-42.0,0.3750994966066656,0.4,2
160.0,56.0,-40.0,0.3750994966066656,0.4,2
160.0,56.0,-38.0,0.3750994966066656,0.4,2
160.0,56.0,-36.0,0.3750994966066656,0.4,2
160.0,56.0,-34.0,0.3750994966066656,0.4,2
160.0,56.0,-32.0,0.3750994966066656,0.4,2
160.0,58.0,-48.0,0.3750994966066656,0.4,2
160.0,58.0,-46.0,0.3750994966066656,0.4,2
160.0,58.0,-44.0,0.3750994966066656,0.4,2
160.0,58.0,-42.0,0.3750994966066656,0.4,2
160.0,58.0,-40.0,0.3750994966066656,0.4,2
160.0,58.0,-38.0,0.3750994966066656,0.4,2
160.0,58.0,-36.0,0.3750994966066656,0.4,2
160.0,58.0,-34.0,0.3750994966066656,0.4,2
160.0,58.0,-32.0,0.3750994966066656,0.4,2
160.0,60.0,-48.0,0.3750994966066656,0.4,2
160.0,60.0,-46.0,0.3750994966066656,0.4,2
160.0,60.0,-44.0,0.3750994966066656,0.4,2
160.0,60.0,-42.0,0.3750994966066656,0.4,2
160.0,60.0,-40.0,0.3750994966066656,0.4,2
160.0,60.0,-38.0,0.3750994966066656,0.4,2
160.0,60.0,-36.0,0.3750994966066656,0.4,2
160.0,60.0,-34.0,0.3750994966066656,0.4,2
160.0,60.0,-32.0,0.3750994966066656,0.4,2
160.0,62.0,-48.0,0.3750994966066656,0.4,2
160.0,62.0,-46.0,0.3750994966066656,0.4,2
160.0,62.0,-44.0,0.3750994966066656,0.4,2
160.0,62.0,-42.0,0.3750994966066656,0.4,2
160.0,62.0,-40.0,0.3750994966066656,0.4,2
160.0,62.0,-38.0,0.3750994966066656,0.4,2
160.0,62.0,-36.0,0.3750994966066656,0.4,2
160.0,62.0,-34.0,0.3750994966066656,0.4,2
160.0,62.0,-32.0,0.3750994966066656,0.4,2
160.0,64.0,-48.0,0.3750994966066656,0.4,2
160.0,64.0,-46.0,0.3750994966066656,0.4,2
160.0,64.0,-44.0,0.3750994966066656,0.4,2
160.0,64.0,-42.0,0.3750994966066656,0.4,2
160.0,64.0,-40.0,0.3750994966066656,0.4,2
160.0,64.0,-38.0,0.3750994966066656,0.4,2
160.0,64.0,-36.0,0.3750994966066656,0.4,2
160.0,64.0,-34.0,0.3750994966066656,0.4,2
160.0,64.0,-32.0,0.3750994966066656,0.4,2
160.0,66.0,-48.0,0.3750994966066656,0.4,2
160.0,66.0,-46.0,0.3750994966066656,0.4,2
160.0,66.0,-44.0,0.3750994966066656,0.4,2
160.0,66.0,-42.0,0.3750994966066656,0.4,2
160.0,66.0,-40.0,0.3750994966066656,0.4,2
160.0,66.0,-38.0,0.3750994966066656,0.4,2
160.0,66.0,-36.0,0.3750994966066656,0.4,2
160.0,66.0,-34.0,0.3750994966066656,0.4,2
160.0,66.0,-32.0,0.3750994966066656,0.4,2
160.0,68.0,-44.0,0.3750994966066656,0.4,2
160.0,68.0,-42.0,0.3750994966066656,0.4,2
160.0,68.0,-40.0,0.3750994966066656,0.4,2
160.0,68.0,-38.0,0.3750994966066656,0.4,2
160.0,68.0,-36.0,0.3750994966066656,0.4,2
160.0,68.0,-34.0,0.3750994966066656,0.4,2
160.0,68.0,-32.0,0.3750994966066656,0.4,2
160.0,70.0,-34.0,0.3750994966066656,0.4,2
160.0,70.0,-32.0,0.3750994966066656,0.4,2
162.0,48.0,-28.0,0.3750994966066656,0.4,2
162.0,48.0,-26.0,0.3750994966066656,0.4,2
162.0,48.0,-24.0,0.3750994966066656,0.4,2
162.0,48.0,-22.0,0.3750994966066656,0.4,2
162.0,48.0,-20.0,0.3750994966066656,0.4,2
162.0,48.0,-18.0,0.3750994966066656,0.4,2
162.0,48.0,-16.0,0.3750994966066656,0.4,2
162.0,50.0,-28.0,0.3750994966066656,0.4,2
162.0,50.0,-26.0,0.3750994966066656,0.4,2
162.0,50.0,-24.0,0.3750994966066656,0.4,2
162.0,50.0,-22.0,0.3750994966066656,0.4,2
162.0,50.0,-20.0,0.3750994966066656,0.4,2
162.0,50.0,-18.0,0.3750994966066656,0.4,2
162.0,50.0,-16.0,0.3750994966066656,0.4,2
162.0,52.0,-28.0,0.3750994966066656,0.4,2
162.0,52.0,-26.0,0.3750994966066656,0.4,2
162.0,52.0,-24.0,0.3750994966066656,0.4,2
162.0,52.0,-22.0,0.3750994966066656,0.4,2
162.0,52.0,-20.0,0.3750994966066656,0.4,2
162.0,52.0,-18.0,0.3750994966066656,0.4,2
162.0,52.0,-16.0,0.3750994966066656,0.4,2
162.0,54.0,-48.0,0.3750994966066656,0.4,2
162.0,54.0,-46.0,0.3750994966066656,0.4,2
162.0,54.0,-44.0,0.3750994966066656,0.4,2
162.0,54.0,-42.0,0.3750994966066656,0.4,2
162.0,54.0,-40.0,0.3750994966066656,0.4,2
162.0,54.0,-38.0,0.3750994966066656,0.4,2
162.0,54.0,-36.0,0.3750994966066656,0.4,2
162.0,54.0,-34.0,0.3750994966066656,0.4,2
162.0,54.0,-32.0,0.3750994966066656,0.4,2
162.0,54.0,-30.0,0.3750994966066656,0.4,2
162.0,56.0,-48.0,0.3750994966066656,0.4,2
162.0,56.0,-46.0,0.3750994966066656,0.4,2
162.0,56.0,-44.0,0.3750994966066656,0.4,2
162.0,56.0,-42.0,0.3750994966066656,0.4,2
162.0,56.0,-40.0,0.3750994966066656,0.4,2
162.0,56.0,-38.0,0.3750994966066656,0.4,2
162.0,56.0,-36.0,0.3750994966066656,0.4,2
162.0,56.0,-34.0,0.3750994966066656,0.4,2
162.0,56.0,-32.0,0.3750994966066656,0.4,2
162.0,56.0,-30.0,0.3750994966066656,0.4,2
162.0,58.0,-48.0,0.3750994966066656,0.4,2
162.0,58.0,-46.0,0.3750994966066656,0.4,2
162.0,58.0,-44.0,0.3750994966066656,0.4,2
162.0,58.0,-42.0,0.3750994966066656,0.4,2
162.0,58.0,-40.0,0.3750994966066656,0.4,2
162.0,58.0,-38.0,0.3750994966066656,0.4,2
162.0,58.0,-36.0,0.3750994966066656,0.4,2
162.0,58.0,-34.0,0.3750994966066656,0.4,2
162.0,58.0,-32.0,0.3750994966066656,0.4,2
162.0,58.0,-30.0,0.3750994966066656,0.4,2
162.0,60.0,-48.0,0.3750994966066656,0.4,2
162.0,60.0,-46.0,0.3750994966066656,0.4,2
162.0,60.0,-44.0,0.3750994966066656,0.4,2
162.0,60.0,-42.0,0.3750994966066656,0.4,2
162.0,60.0,-40.0,0.3750994966066656,0.4,2
162.0,60.0,-38.0,0.3750994966066656,0.4,2
162.0,60.0,-36.0,0.3750994966066656,0.4,2
162.0,60.0,-34.0,0.3750994966066656,0.4,2
162.0,60.0,-32.0,0.3750994966066656,0.4,2
162.0,60.0,-30.0,0.3750994966066656,0.4,2
162.0,62.0,-48.0,0.3750994966066656,0.4,2
162.0,62.0,-46.0,0.3750994966066656,0.4,2
162.0,62.0,-44.0,0.3750994966066656,0.4,2
162.0,62.0,-42.0,0.3750994966066656,0.4,2
162.0,62.0,-40.0,0.3750994966066656,0.4,2
162.0,62.0,-38.0,0.3750994966066656,0.4,2
162.0,62.0,-36.0,0.3750994966066656,0.4,2
162.0,62.0,-34.0,0.3750994966066656,0.4,2
162.0,62.0,-32.0,0.3750994966066656,0.4,2
162.0,62.0,-30.0,0.3750994966066656,0.4,2
162.0,64.0,-48.0,0.3750994966066656,0.4,2
162.0,64.0,-46.0,0.3750994966066656,0.4,2
162.0,64.0,-44.0,0.3750994966066656,0.4,2
162.0,64.0,-42.0,0.3750994966066656,0.4,2
162.0,64.0,-40.0,0.3750994966066656,0.4,2
162.0,64.0,-38.0,0.3750994966066656,0.4,2
162.0,64.0,-36.0,0.3750994966066656,0.4,2
162.0,64.0,-34.0,0.3750994966066656,0.4,2
162.0,64.0,-32.0,0.3750994966066656,0.4,2
162.0,64.0,-30.0,0.3750994966066656,0.4,2
162.0,66.0,-48.0,0.3750994966066656,0.4,2
162.0,66.0,-46.0,0.3750994966066656,0.4,2
162.0,66.0,-44.0,0.3750994966066656,0.4,2
162.0,66.0,-42.0,0.3750994966066656,0.4,2
162.0,66.0,-40.0,0.3750994966066656,0.4,2
162.0,66.0,-38.0,0.3750994966066656,0.4,2
162.0,66.0,-36.0,0.3750994966066656,0.4,2
162.0,66.0,-34.0,0.3750994966066656,0.4,2
162.0,66.0,-32.0,0.3750994966066656,0.4,2
162.0,66.0,-30.0,0.3750994966066656,0.4,2
162.0,68.0,-46.0,0.3750994966066656,0.4,2
162.0,68.0,-44.0,0.3750994966066656,0.4,2
162.0,68.0,-42.0,0.3750994966066656,0.4,2
162.0,68.0,-40.0,0.3750994966066656,0.4,2
162.0,68.0,-38.0,0.3750994966066656,0.4,2
162.0,68.0,-36.0,0.3750994966066656,0.4,2
162.0,68.0,-34.0,0.3750994966066656,0.4,2
162.0,68.0,-32.0,0.3750994966066656,0.4,2
162.0,68.0,-30.0,0.3750994966066656,0.4,2
162.0,70.0,-42.0,0.3750994966066656,0.4,2
162.0,70.0,-40.0,0.3750994966066656,0.4,2
162.0,70.0,-38.0,0.3750994966066656,0.4,2
162.0,70.0,-36.0,0.3750994966066656,0.4,2
162.0,70.0,-34.0,0.3750994966066656,0.4,2
162.0,70.0,-32.0,0.3750994966066656,0.4,2
162.0,70.0,-30.0,0.3750994966066656,0.4,2
162.0,72.0,-36.0,0.3750994966066656,0.4,2
162.0,72.0,-34.0,0.3750994966066656,0.4,2
162.0,72.0,-32.0,0.3750994966066656,0.4,2
118.0,50.0,-68.0,0.3759290911938817,0.4,2
118.0,52.0,-68.0,0.3759290911938817,0.4,2
118.0,52.0,-66.0,0.3759290911938817,0.4,2
118.0,54.0,-68.0,0.3759290911938817,0.4,2
118.0,54.0,-66.0,0.3759290911938817,0.4,2
118.0,54.0,-64.0,0.3759290911938817,0.4,2
118.0,56.0,-68.0,0.3759290911938817,0.4,2
118.0,56.0,-66.0,0.3759290911938817,0.4,2
118.0,56.0,-64.0,0.3759290911938817,0.4,2
118.0,56.0,-62.0,0.3759290911938817,0.4,2
118.0,58.0,-68.0,0.3759290911938817,0.4,2
118.0,58.0,-66.0,0.3759290911938817,0.4,2
118.0,58.0,-64.0,0.3759290911938817,0.4,2
118.0,58.0,-62.0,0.3759290911938817,0.4,2
118.0,58.0,-60.0,0.3759290911938817,0.4,2
118.0,58.0,-58.0,0.3759290911938817,0.4,2
118.0,60.0,-68.0,0.3759290911938817,0.4,2
118.0,60.0,-66.0,0.3759290911938817,0.4,2
118.0,60.0,-64.0,0.3759290911938817,0.4,2
118.0,60.0,-62.0,0.3759290911938817,0.4,2
118.0,60.0,-60.0,0.3759290911938817,0.4,2
118.0,60.0,-58.0,0.3759290911938817,0.4,2
118.0,60.0,-56.0,0.3759290911938817,0.4,2
118.0,62.0,-68.0,0.3759290911938817,0.4,2
118.0,62.0,-66.0,0.3759290911938817,0.4,2
118.0,62.0,-64.0,0.3759290911938817,0.4,2
118.0,62.0,-62.0,0.3759290911938817,0.4,2
118.0,62.0,-60.0,0.3759290911938817,0.4,2
118.0,62.0,-58.0,0.3759290911938817,0.4,2
118.0,62.0,-56.0,0.3759290911938817,0.4,2
118.0,62.0,-54.0,0.3759290911938817,0.4,2
118.0,64.0,-68.0,0.3759290911938817,0.4,2
118.0,64.0,-66.0,0.3759290911938817,0.4,2
118.0,64.0,-64.0,0.3759290911938817,0.4,2
118.0,64.0,-62.0,0.3759290911938817,0.4,2
118.0,64.0,-60.0,0.3759290911938817,0.4,2
118.0,64.0,-58.0,0.3759290911938817,0.4,2
118.0,64.0,-56.0,0.3759290911938817,0.4,2
118.0,64.0,-54.0,0.3759290911938817,0.4,2
120.0,50.0,-68.0,0.3759290911938817,0.4,2
120.0,52.0,-68.0,0.3759290911938817,0.4,2
120.0,52.0,-66.0,0.3759290911938817,0.4,2
120.0,54.0,-68.0,0.3759290911938817,0.4,2
120.0,54.0,-66.0,0.3759290911938817,0.4,2
120.0,54.0,-64.0,0.3759290911938817,0.4,2
120.0,56.0,-68.0,0.3759290911938817,0.4,2
120.0,56.0,-66.0,0.3759290911938817,0.4,2
120.0,56.0,-64.0,0.3759290911938817,0.4,2
120.0,56.0,-62.0,0.3759290911938817,0.4,2
120.0,56.0,-60.0,0.3759290911938817,0.4,2
120.0,58.0,-68.0,0.3759290911938817,0.4,2
120.0,58.0,-66.0,0.3759290911938817,0.4,2
120.0,58.0,-64.0,0.3759290911938817,0.4,2
120.0,58.0,-62.0,0.3759290911938817,0.4,2
120.0,58.0,-60.0,0.3759290911938817,0.4,2
120.0,58.0,-58.0,0.3759290911938817,0.4,2
120.0,60.0,-68.0,0.3759290911938817,0.4,2
120.0,60.0,-66.0,0.3759290911938817,0.4,2
120.0,60.0,-64.0,0.3759290911938817,0.4,2
120.0,60.0,-62.0,0.3759290911938817,0.4,2
120.0,60.0,-60.0,0.3759290911938817,0.4,2
120.0,60.0,-58.0,0.3759290911938817,0.4,2
120.0,60.0,-56.0,0.3759290911938817,0.4,2
120.0,62.0,-68.0,0.3759290911938817,0.4,2
120.0,62.0,-66.0,0.3759290911938817,0.4,2
120.0,62.0,-64.0,0.3759290911938817,0.4,2
120.0,62.0,-62.0,0.3759290911938817,0.4,2
120.0,62.0,-60.0,0.3759290911938817,0.4,2
120.0,62.0,-58.0,0.3759290911938817,0.4,2
120.0,62.0,-56.0,0.3759290911938817,0.4,2
120.0,64.0,-68.0,0.3759290911938817,0.4,2
120.0,64.0,-66.0,0.3759290911938817,0.4,2
120.0,64.0,-64.0,0.3759290911938817,0.4,2
120.0,64.0,-62.0,0.3759290911938817,0.4,2
120.0,64.0,-60.0,0.3759290911938817,0.4,2
120.0,64.0,-58.0,0.3759290911938817,0.4,2
120.0,64.0,-56.0,0.3759290911938817,0.4,2
120.0,64.0,-54.0,0.3759290911938817,0.4,2
122.0,50.0,-68.0,0.3759290911938817,0.4,2
122.0,52.0,-68.0,0.3759290911938817,0.4,2
122.0,52.0,-66.0,0.3759290911938817,0.4,2
122.0,54.0,-68.0,0.3759290911938817,0.4,2
122.0,54.0,-66.0,0.3759290911938817,0.4,2
122.0,54.0,-64.0,0.3759290911938817,0.4,2
122.0,54.0,-62.0,0.3759290911938817,0.4,2
122.0,56.0,-68.0,0.3759290911938817,0.4,2
122.0,56.0,-66.0,0.3759290911938817,0.4,2
122.0,56.0,-64.0,0.3759290911938817,0.4,2
122.0,56.0,-62.0,0.3759290911938817,0.4,2
122.0,56.0,-60.0,0.3759290911938817,0.4,2
122.0,58.0,-68.0,0.3759290911938817,0.4,2
122.0,58.0,-66.0,0.3759290911938817,0.4,2
122.0,58.0,-64.0,0.3759290911938817,0.4,2
122.0,58.0,-62.0,0.3759290911938817,0.4,2
122.0,58.0,-60.0,0.3759290911938817,0.4,2
122.0,58.0,-58.0,0.3759290911938817,0.4,2
122.0,60.0,-68.0,0.3759290911938817,0.4,2
122.0,60.0,-66.0,0.3759290911938817,0.4,2
122.0,60.0,-64.0,0.3759290911938817,0.4,2
122.0,60.0,-62.0,0.3759290911938817,0.4,2
122.0,60.0,-60.0,0.3759290911938817,0.4,2
122.0,60.0,-58.0,0.3759290911938817,0.4,2
122.0,62.0,-68.0,0.3759290911938817,0.4,2
122.0,62.0,-66.0,0.3759290911938817,0.4,2
122.0,62.0,-64.0,0.3759290911938817,0.4,2
122.0,62.0,-62.0,0.3759290911938817,0.4,2
122.0,62.0,-60.0,0.3759290911938817,0.4,2
122.0,62.0,-58.0,0.3759290911938817,0.4,2
122.0,62.0,-56.0,0.3759290911938817,0.4,2
124.0,50.0,-68.0,0.3759290911938817,0.4,2
124.0,50.0,-66.0,0.3759290911938817,0.4,2
124.0,52.0,-68.0,0.3759290911938817,0.4,2
124.0,52.0,-66.0,0.3759290911938817,0.4,2
124.0,52.0,-64.0,0.3759290911938817,0.4,2
124.0,54.0,-68.0,0.3759290911938817,0.4,2
124.0,54.0,-66.0,0.3759290911938817,0.4,2
124.0,54.0,-64.0,0.3759290911938817,0.4,2
124.0,54.0,-62.0,0.3759290911938817,0.4,2
124.0,56.0,-68.0,0.3759290911938817,0.4,2
124.0,56.0,-66.0,0.3759290911938817,0.4,2
124.0,56.0,-64.0,0.3759290911938817,0.4,2
124.0,56.0,-62.0,0.3759290911938817,0.4,2
124.0,56.0,-60.0,0.3759290911938817,0.4,2
124.0,58.0,-68.0,0.3759290911938817,0.4,2
124.0,58.0,-66.0,0.3759290911938817,0.4,2
124.0,58.0,-64.0,0.3759290911938817,0.4,2
124.0,58.0,-62.0,0.3759290911938817,0.4,2
124.0,58.0,-60.0,0.3759290911938817,0.4,2
124.0,58.0,-58.0,0.3759290911938817,0.4,2
124.0,60.0,-68.0,0.3759290911938817,0.4,2
124.0,60.0,-66.0,0.3759290911938817,0.4,2
124.0,60.0,-64.0,0.3759290911938817,0.4,2
124.0,60.0,-62.0,0.3759290911938817,0.4,2
124.0,60.0,-60.0,0.3759290911938817,0.4,2
124.0,60.0,-58.0,0.3759290911938817,0.4,2
126.0,50.0,-68.0,0.3759290911938817,0.4,2
126.0,50.0,-66.0,0.3759290911938817,0.4,2
126.0,52.0,-68.0,0.3759290911938817,0.4,2
126.0,52.0,-66.0,0.3759290911938817,0.4,2
126.0,52.0,-64.0,0.3759290911938817,0.4,2
126.0,54.0,-68.0,0.3759290911938817,0.4,2
126.0,54.0,-66.0,0.3759290911938817,0.4,2
126.0,54.0,-64.0,0.3759290911938817,0.4,2
126.0,54.0,-62.0,0.3759290911938817,0.4,2
126.0,56.0,-68.0,0.3759290911938817,0.4,2
126.0,56.0,-66.0,0.3759290911938817,0.4,2
126.0,56.0,-64.0,0.3759290911938817,0.4,2
126.0,56.0,-62.0,0.3759290911938817,0.4,2
126.0,56.0,-60.0,0.3759290911938817,0.4,2
126.0,58.0,-68.0,0.3759290911938817,0.4,2
126.0,58.0,-66.0,0.3759290911938817,0.4,2
126.0,58.0,-64.0,0.3759290911938817,0.4,2
126.0,58.0,-62.0,0.3759290911938817,0.4,2
126.0,58.0,-60.0,0.3759290911938817,0.4,2
126.0,58.0,-58.0,0.3759290911938817,0.4,2
128.0,50.0,-66.0,0.3759290911938817,0.4,2
128.0,52.0,-68.0,0.3759290911938817,0.4,2
128.0,52.0,-66.0,0.3759290911938817,0.4,2
128.0,52.0,-64.0,0.3759290911938817,0.4,2
128.0,54.0,-68.0,0.3759290911938817,0.4,2
128.0,54.0,-66.0,0.3759290911938817,0.4,2
128.0,54.0,-64.0,0.3759290911938817,0.4,2
128.0,54.0,-62.0,0.3759290911938817,0.4,2
128.0,56.0,-68.0,0.3759290911938817,0.4,2
128.0,56.0,-66.0,0.3759290911938817,0.4,2
128.0,56.0,-64.0,0.3759290911938817,0.4,2
128.0,56.0,-62.0,0.3759290911938817,0.4,2
128.0,56.0,-60.0,0.3759290911938817,0.4,2
128.0,58.0,-68.0,0.3759290911938817,0.4,2
128.0,58.0,-66.0,0.3759290911938817,0.4,2
128.0,58.0,-64.0,0.3759290911938817,0.4,2
128.0,58.0,-62.0,0.3759290911938817,0.4,2
128.0,58.0,-60.0,0.3759290911938817,0.4,2
128.0,58.0,-58.0,0.3759290911938817,0.4,2
130.0,52.0,-68.0,0.3759290911938817,0.4,2
130.0,52.0,-66.0,0.3759290911938817,0.4,2
130.0,52.0,-64.0,0.3759290911938817,0.4,2
130.0,54.0,-68.0,0.3759290911938817,0.4,2
130.0,54.0,-66.0,0.3759290911938817,0.4,2
130.0,54.0,-64.0,0.3759290911938817,0.4,2
130.0,54.0,-62.0,0.3759290911938817,0.4,2
130.0,56.0,-68.0,0.3759290911938817,0.4,2
130.0,56.0,-66.0,0.3759290911938817,0.4,2
130.0,56.0,-64.0,0.3759290911938817,0.4,2
130.0,56.0,-62.0,0.3759290911938817,0.4,2
130.0,56.0,-60.0,0.3759290911938817,0.4,2
132.0,52.0,-66.0,0.3759290911938817,0.4,2
132.0,52.0,-64.0,0.3759290911938817,0.4,2
132.0,52.0,-62.0,0.3759290911938817,0.4,2
132.0,54.0,-68.0,0.3759290911938817,0.4,2
132.0,54.0,-66.0,0.3759290911938817,0.4,2
132.0,54.0,-64.0,0.3759290911938817,0.4,2
132.0,54.0,-62.0,0.3759290911938817,0.4,2
132.0,56.0,-68.0,0.3759290911938817,0.4,2
132.0,56.0,-66.0,0.3759290911938817,0.4,2
132.0,56.0,-64.0,0.3759290911938817,0.4,2
132.0,56.0,-62.0,0.3759290911938817,0.4,2
132.0,56.0,-60.0,0.3759290911938817,0.4,2
134.0,52.0,-62.0,0.3759290911938817,0.4,2
134.0,54.0,-68.0,0.3759290911938817,0.4,2
134.0,54.0,-66.0,0.3759290911938817,0.4,2
134.0,54.0,-64.0,0.3759290911938817,0.4,2
134.0,54.0,-62.0,0.3759290911938817,0.4,2
134.0,54.0,-60.0,0.3759290911938817,0.4,2
136.0,54.0,-64.0,0.3759290911938817,0.4,2
136.0,54.0,-62.0,0.3759290911938817,0.4,2
136.0,54.0,-60.0,0.3759290911938817,0.4,2
118.0,88.0,-42.0,0.3759290911938817,0.4,2
118.0,88.0,-40.0,0.3759290911938817,0.4,2
118.0,90.0,-42.0,0.3759290911938817,0.4,2
118.0,90.0,-40.0,0.3759290911938817,0.4,2
118.0,90.0,-38.0,0.3759290911938817,0.4,2
120.0,86.0,-40.0,0.3759290911938817,0.4,2
120.0,88.0,-40.0,0.3759290911938817,0.4,2
120.0,90.0,-42.0,0.3759290911938817,0.4,2
120.0,90.0,-40.0,0.3759290911938817,0.4,2
122.0,88.0,-40.0,0.3759290911938817,0.4,2
122.0,90.0,-40.0,0.3759290911938817,0.4,2
124.0,90.0,-40.0,0.3759290911938817,0.4,2
162.0,90.0,-18.0,0.3759290911938817,0.4,2
162.0,90.0,-16.0,0.3759290911938817,0.4,2
134.0,72.0,-68.0,0.38286223895192706,0.4,2
134.0,72.0,-66.0,0.38286223895192706,0.4,2
134.0,72.0,-64.0,0.38286223895192706,0.4,2
134.0,72.0,-62.0,0.38286223895192706,0.4,2
134.0,72.0,-60.0,0.38286223895192706,0.4,2
134.0,72.0,-58.0,0.38286223895192706,0.4,2
134.0,72.0,-56.0,0.38286223895192706,0.4,2
134.0,72.0,-54.0,0.38286223895192706,0.4,2
134.0,72.0,-52.0,0.38286223895192706,0.4,2
134.0,72.0,-50.0,0.38286223895192706,0.4,2
136.0,70.0,-68.0,0.38286223895192706,0.4,2
136.0,70.0,-66.0,0.38286223895192706,0.4,2
136.0,70.0,-64.0,0.38286223895192706,0.4,2
136.0,70.0,-62.0,0.38286223895192706,0.4,2
136.0,70.0,-60.0,0.38286223895192706,0.4,2
136.0,70.0,-58.0,0.38286223895192706,0.4,2
136.0,70.0,-56.0,0.38286223895192706,0.4,2
136.0,70.0,-54.0,0.38286223895192706,0.4,2
136.0,70.0,-52.0,0.38286223895192706,0.4,2
136.0,70.0,-50.0,0.38286223895192706,0.4,2
136.0,72.0,-68.0,0.38286223895192706,0.4,2
136.0,72.0,-66.0,0.38286223895192706,0.4,2
136.0,72.0,-64.0,0.38286223895192706,0.4,2
136.0,72.0,-62.0,0.38286223895192706,0.4,2
136.0,72.0,-60.0,0.38286223895192706,0.4,2
136.0,72.0,-58.0,0.38286223895192706,0.4,2
136.0,72.0,-56.0,0.38286223895192706,0.4,2
136.0,72.0,-54.0,0.38286223895192706,0.4,2
136.0,72.0,-52.0,0.38286223895192706,0.4,2
136.0,72.0,-50.0,0.38286223895192706,0.4,2
138.0,68.0,-68.0,0.38286223895192706,0.4,2
138.0,68.0,-66.0,0.38286223895192706,0.4,2
138.0,68.0,-64.0,0.38286223895192706,0.4,2
138.0,68.0,-62.0,0.38286223895192706,0.4,2
138.0,68.0,-60.0,0.38286223895192706,0.4,2
138.0,68.0,-58.0,0.38286223895192706,0.4,2
138.0,68.0,-56.0,0.38286223895192706,0.4,2
138.0,68.0,-54.0,0.38286223895192706,0.4,2
138.0,68.0,-52.0,0.38286223895192706,0.4,2
138.0,70.0,-68.0,0.38286223895192706,0.4,2
138.0,70.0,-66.0,0.38286223895192706,0.4,2
138.0,70.0,-64.0,0.38286223895192706,0.4,2
138.0,70.0,-62.0,0.38286223895192706,0.4,2
138.0,70.0,-60.0,0.38286223895192706,0.4,2
138.0,70.0,-58.0,0.38286223895192706,0.4,2
138.0,70.0,-56.0,0.38286223895192706,0.4,2
138.0,70.0,-54.0,0.38286223895192706,0.4,2
138.0,70.0,-52.0,0.38286223895192706,0.4,2
138.0,70.0,-50.0,0.38286223895192706,0.4,2
138.0,72.0,-68.0,0.38286223895192706,0.4,2
138.0,72.0,-66.0,0.38286223895192706,0.4,2
138.0,72.0,-64.0,0.38286223895192706,0.4,2
138.0,72.0,-62.0,0.38286223895192706,0.4,2
138.0,72.0,-60.0,0.38286223895192706,0.4,2
138.0,72.0,-58.0,0.38286223895192706,0.4,2
138.0,72.0,-56.0,0.38286223895192706,0.4,2
138.0,72.0,-54.0,0.38286223895192706,0.4,2
138.0,72.0,-52.0,0.38286223895192706,0.4,2
138.0,72.0,-50.0,0.38286223895192706,0.4,2
140.0,66.0,-68.0,0.38286223895192706,0.4,2
140.0,66.0,-66.0,0.38286223895192706,0.4,2
140.0,66.0,-64.0,0.38286223895192706,0.4,2
140.0,66.0,-62.0,0.38286223895192706,0.4,2
140.0,66.0,-60.0,0.38286223895192706,0.4,2
140.0,66.0,-58.0,0.38286223895192706,0.4,2
140.0,66.0,-56.0,0.38286223895192706,0.4,2
140.0,66.0,-54.0,0.38286223895192706,0.4,2
140.0,66.0,-52.0,0.38286223895192706,0.4,2
140.0,68.0,-68.0,0.38286223895192706,0.4,2
140.0,68.0,-66.0,0.38286223895192706,0.4,2
140.0,68.0,-64.0,0.38286223895192706,0.4,2
140.0,68.0,-62.0,0.38286223895192706,0.4,2
140.0,68.0,-60.0,0.38286223895192706,0.4,2
140.0,68.0,-58.0,0.38286223895192706,0.4,2
140.0,68.0,-56.0,0.38286223895192706,0.4,2
140.0,68.0,-54.0,0.38286223895192706,0.4,2
140.0,68.0,-52.0,0.38286223895192706,0.4,2
140.0,70.0,-68.0,0.38286223895192706,0.4,2
140.0,70.0,-66.0,0.38286223895192706,0.4,2
140.0,70.0,-64.0,0.38286223895192706,0.4,2
140.0,70.0,-62.0,0.38286223895192706,0.4,2
140.0,70.0,-60.0,0.38286223895192706,0.4,2
140.0,70.0,-58.0,0.38286223895192706,0.4,2
140.0,70.0,-56.0,0.38286223895192706,0.4,2
140.0,70.0,-54.0,0.38286223895192706,0.4,2
140.0,70.0,-52.0,0.38286223895192706,0.4,2
140.0,70.0,-50.0,0.38286223895192706,0.4,2
140.0,72.0,-68.0,0.38286223895192706,0.4,2
140.0,72.0,-66.0,0.38286223895192706,0.4,2
140.0,72.0,-64.0,0.38286223895192706,0.4,2
140.0,72.0,-62.0,0.38286223895192706,0.4,2
140.0,72.0,-60.0,0.38286223895192706,0.4,2
140.0,72.0,-58.0,0.38286223895192706,0.4,2
140.0,72.0,-56.0,0.38286223895192706,0.4,2
140.0,72.0,-54.0,0.38286223895192706,0.4,2
140.0,72.0,-52.0,0.38286223895192706,0.4,2
140.0,72.0,-50.0,0.38286223895192706,0.4,2
142.0,66.0,-68.0,0.38286223895192706,0.4,2
142.0,66.0,-66.0,0.38286223895192706,0.4,2
142.0,66.0,-64.0,0.38286223895192706,0.4,2
142.0,66.0,-62.0,0.38286223895192706,0.4,2
142.0,66.0,-60.0,0.38286223895192706,0.4,2
142.0,66.0,-58.0,0.38286223895192706,0.4,2
142.0,66.0,-56.0,0.38286223895192706,0.4,2
142.0,66.0,-54.0,0.38286223895192706,0.4,2
142.0,66.0,-52.0,0.38286223895192706,0.4,2
142.0,68.0,-68.0,0.38286223895192706,0.4,2
142.0,68.0,-66.0,0.38286223895192706,0.4,2
142.0,68.0,-64.0,0.38286223895192706,0.4,2
142.0,68.0,-62.0,0.38286223895192706,0.4,2
142.0,68.0,-60.0,0.38286223895192706,0.4,2
142.0,68.0,-58.0,0.38286223895192706,0.4,2
142.0,68.0,-56.0,0.38286223895192706,0.4,2
142.0,68.0,-54.0,0.38286223895192706,0.4,2
142.0,68.0,-52.0,0.38286223895192706,0.4,2
142.0,70.0,-68.0,0.38286223895192706,0.4,2
142.0,70.0,-66.0,0.38286223895192706,0.4,2
142.0,70.0,-64.0,0.38286223895192706,0.4,2
142.0,70.0,-62.0,0.38286223895192706,0.4,2
142.0,70.0,-60.0,0.38286223895192706,0.4,2
142.0,70.0,-58.0,0.38286223895192706,0.4,2
142.0,70.0,-56.0,0.38286223895192706,0.4,2
142.0,70.0,-54.0,0.38286223895192706,0.4,2
142.0,70.0,-52.0,0.38286223895192706,0.4,2
142.0,70.0,-50.0,0.38286223895192706,0.4,2
142.0,72.0,-68.0,0.38286223895192706,0.4,2
142.0,72.0,-66.0,0.38286223895192706,0.4,2
142.0,72.0,-64.0,0.38286223895192706,0.4,2
142.0,72.0,-62.0,0.38286223895192706,0.4,2
142.0,72.0,-60.0,0.38286223895192706,0.4,2
142.0,72.0,-58.0,0.38286223895192706,0.4,2
142.0,72.0,-56.0,0.38286223895192706,0.4,2
142.0,72.0,-54.0,0.38286223895192706,0.4,2
142.0,72.0,-52.0,0.38286223895192706,0.4,2
142.0,72.0,-50.0,0.38286223895192706,0.4,2
118.0,74.0,-46.0,0.38286223895192706,0.4,2
118.0,76.0,-46.0,0.38286223895192706,0.4,2
118.0,76.0,-44.0,0.38286223895192706,0.4,2
118.0,78.0,-46.0,0.38286223895192706,0.4,2
118.0,78.0,-44.0,0.38286223895192706,0.4,2
118.0,80.0,-44.0,0.38286223895192706,0.4,2
118.0,80.0,-42.0,0.38286223895192706,0.4,2
118.0,82.0,-44.0,0.38286223895192706,0.4,2
118.0,82.0,-42.0,0.38286223895192706,0.4,2
118.0,84.0,-44.0,0.38286223895192706,0.4,2
118.0,84.0,-42.0,0.38286223895192706,0.4,2
118.0,86.0,-44.0,0.38286223895192706,0.4,2
118.0,88.0,-58.0,0.38286223895192706,0.4,2
118.0,88.0,-56.0,0.38286223895192706,0.4,2
118.0,88.0,-54.0,0.38286223895192706,0.4,2
118.0,88.0,-52.0,0.38286223895192706,0.4,2
118.0,88.0,-50.0,0.38286223895192706,0.4,2
118.0,88.0,-48.0,0.38286223895192706,0.4,2
118.0,88.0,-46.0,0.38286223895192706,0.4,2
118.0,90.0,-58.0,0.38286223895192706,0.4,2
118.0,90.0,-56.0,0.38286223895192706,0.4,2
118.0,90.0,-54.0,0.38286223895192706,0.4,2
118.0,90.0,-52.0,0.38286223895192706,0.4,2
118.0,90.0,-50.0,0.38286223895192706,0.4,2
118.0,90.0,-48.0,0.38286223895192706,0.4,2
118.0,90.0,-46.0,0.38286223895192706,0.4,2
120.0,74.0,-46.0,0.38286223895192706,0.4,2
120.0,78.0,-44.0,0.38286223895192706,0.4,2
120.0,80.0,-44.0,0.38286223895192706,0.4,2
120.0,82.0,-44.0,0.38286223895192706,0.4,2
120.0,82.0,-42.0,0.38286223895192706,0.4,2
120.0,84.0,-44.0,0.38286223895192706,0.4,2
120.0,84.0,-42.0,0.38286223895192706,0.4,2
120.0,86.0,-58.0,0.38286223895192706,0.4,2
120.0,86.0,-56.0,0.38286223895192706,0.4,2
120.0,86.0,-54.0,0.38286223895192706,0.4,2
120.0,86.0,-52.0,0.38286223895192706,0.4,2
120.0,86.0,-50.0,0.38286223895192706,0.4,2
120.0,86.0,-48.0,0.38286223895192706,0.4,2
120.0,86.0,-46.0,0.38286223895192706,0.4,2
120.0,88.0,-58.0,0.38286223895192706,0.4,2
120.0,88.0,-56.0,0.38286223895192706,0.4,2
120.0,88.0,-54.0,0.38286223895192706,0.4,2
120.0,88.0,-52.0,0.38286223895192706,0.4,2
120.0,88.0,-50.0,0.38286223895192706,0.4,2
120.0,88.0,-48.0,0.38286223895192706,0.4,2
120.0,88.0,-46.0,0.38286223895192706,0.4,2
120.0,90.0,-58.0,0.38286223895192706,0.4,2
120.0,90.0,-56.0,0.38286223895192706,0.4,2
120.0,90.0,-54.0,0.38286223895192706,0.4,2
120.0,90.0,-52.0,0.38286223895192706,0.4,2
120.0,90.0,-50.0,0.38286223895192706,0.4,2
120.0,90.0,-48.0,0.38286223895192706,0.4,2
120.0,90.0,-46.0,0.38286223895192706,0.4,2
122.0,78.0,-44.0,0.38286223895192706,0.4,2
122.0,80.0,-44.0,0.38286223895192706,0.4,2
122.0,82.0,-58.0,0.38286223895192706,0.4,2
122.0,82.0,-56.0,0.38286223895192706,0.4,2
122.0,82.0,-54.0,0.38286223895192706,0.4,2
122.0,82.0,-52.0,0.38286223895192706,0.4,2
122.0,82.0,-50.0,0.38286223895192706,0.4,2
122.0,82.0,-48.0,0.38286223895192706,0.4,2
122.0,82.0,-46.0,0.38286223895192706,0.4,2
122.0,84.0,-58.0,0.38286223895192706,0.4,2
122.0,84.0,-56.0,0.38286223895192706,0.4,2
122.0,84.0,-54.0,0.38286223895192706,0.4,2
122.0,84.0,-52.0,0.38286223895192706,0.4,2
122.0,84.0,-50.0,0.38286223895192706,0.4,2
122.0,84.0,-48.0,0.38286223895192706,0.4,2
122.0,84.0,-46.0,0.38286223895192706,0.4,2
122.0,86.0,-58.0,0.38286223895192706,0.4,2
122.0,86.0,-56.0,0.38286223895192706,0.4,2
122.0,86.0,-54.0,0.38286223895192706,0.4,2
122.0,86.0,-52.0,0.38286223895192706,0.4,2
122.0,86.0,-50.0,0.38286223895192706,0.4,2
122.0,86.0,-48.0,0.38286223895192706,0.4,2
122.0,86.0,-46.0,0.38286223895192706,0.4,2
122.0,88.0,-58.0,0.38286223895192706,0.4,2
122.0,88.0,-56.0,0.38286223895192706,0.4,2
122.0,88.0,-54.0,0.38286223895192706,0.4,2
122.0,88.0,-52.0,0.38286223895192706,0.4,2
122.0,88.0,-50.0,0.38286223895192706,0.4,2
122.0,88.0,-48.0,0.38286223895192706,0.4,2
122.0,88.0,-46.0,0.38286223895192706,0.4,2
122.0,90.0,-58.0,0.38286223895192706,0.4,2
122.0,90.0,-56.0,0.38286223895192706,0.4,2
122.0,90.0,-54.0,0.38286223895192706,0.4,2
122.0,90.0,-52.0,0.38286223895192706,0.4,2
122.0,90.0,-50.0,0.38286223895192706,0.4,2
122.0,90.0,-48.0,0.38286223895192706,0.4,2
122.0,90.0,-46.0,0.38286223895192706,0.4,2
124.0,80.0,-44.0,0.38286223895192706,0.4,2
124.0,82.0,-58.0,0.38286223895192706,0.4,2
124.0,82.0,-56.0,0.38286223895192706,0.4,2
124.0,82.0,-54.0,0.38286223895192706,0.4,2
124.0,82.0,-52.0,0.38286223895192706,0.4,2
124.0,82.0,-50.0,0.38286223895192706,0.4,2
124.0,82.0,-48.0,0.38286223895192706,0.4,2
124.0,82.0,-46.0,0.38286223895192706,0.4,2
124.0,84.0,-58.0,0.38286223895192706,0.4,2
124.0,84.0,-56.0,0.38286223895192706,0.4,2
124.0,84.0,-54.0,0.38286223895192706,0.4,2
124.0,84.0,-52.0,0.38286223895192706,0.4,2
124.0,84.0,-50.0,0.38286223895192706,0.4,2
124.0,84.0,-48.0,0.38286223895192706,0.4,2
124.0,84.0,-46.0,0.38286223895192706,0.4,2
124.0,86.0,-58.0,0.38286223895192706,0.4,2
124.0,86.0,-56.0,0.38286223895192706,0.4,2
124.0,86.0,-54.0,0.38286223895192706,0.4,2
124.0,86.0,-52.0,0.38286223895192706,0.4,2
124.0,86.0,-50.0,0.38286223895192706,0.4,2
124.0,86.0,-48.0,0.38286223895192706,0.4,2
124.0,86.0,-46.0,0.38286223895192706,0.4,2
124.0,88.0,-58.0,0.38286223895192706,0.4,2
124.0,88.0,-56.0,0.38286223895192706,0.4,2
124.0,88.0,-54.0,0.38286223895192706,0.4,2
124.0,88.0,-52.0,0.38286223895192706,0.4,2
124.0,88.0,-50.0,0.38286223895192706,0.4,2
124.0,88.0,-48.0,0.38286223895192706,0.4,2
124.0,88.0,-46.0,0.38286223895192706,0.4,2
124.0,90.0,-58.0,0.38286223895192706,0.4,2
124.0,90.0,-56.0,0.38286223895192706,0.4,2
124.0,90.0,-54.0,0.38286223895192706,0.4,2
124.0,90.0,-52.0,0.38286223895192706,0.4,2
124.0,90.0,-50.0,0.38286223895192706,0.4,2
124.0,90.0,-48.0,0.38286223895192706,0.4,2
124.0,90.0,-46.0,0.38286223895192706,0.4,2
126.0,80.0,-58.0,0.38286223895192706,0.4,2
126.0,80.0,-56.0,0.38286223895192706,0.4,2
126.0,80.0,-54.0,0.38286223895192706,0.4,2
126.0,80.0,-52.0,0.38286223895192706,0.4,2
126.0,80.0,-50.0,0.38286223895192706,0.4,2
126.0,80.0,-48.0,0.38286223895192706,0.4,2
126.0,80.0,-46.0,0.38286223895192706,0.4,2
126.0,82.0,-58.0,0.38286223895192706,0.4,2
126.0,82.0,-56.0,0.38286223895192706,0.4,2
126.0,82.0,-54.0,0.38286223895192706,0.4,2
126.0,82.0,-52.0,0.38286223895192706,0.4,2
126.0,82.0,-50.0,0.38286223895192706,0.4,2
126.0,82.0,-48.0,0.38286223895192706,0.4,2
126.0,82.0,-46.0,0.38286223895192706,0.4,2
126.0,84.0,-58.0,0.38286223895192706,0.4,2
126.0,84.0,-56.0,0.38286223895192706,0.4,2
126.0,84.0,-54.0,0.38286223895192706,0.4,2
126.0,84.0,-52.0,0.38286223895192706,0.4,2
126.0,84.0,-50.0,0.38286223895192706,0.4,2
126.0,84.0,-48.0,0.38286223895192706,0.4,2
126.0,84.0,-46.0,0.38286223895192706,0.4,2
126.0,86.0,-58.0,0.38286223895192706,0.4,2
126.0,86.0,-56.0,0.38286223895192706,0.4,2
126.0,86.0,-54.0,0.38286223895192706,0.4,2
126.0,86.0,-52.0,0.38286223895192706,0.4,2
126.0,86.0,-50.0,0.38286223895192706,0.4,2
126.0,86.0,-48.0,0.38286223895192706,0.4,2
126.0,86.0,-46.0,0.38286223895192706,0.4,2
126.0,88.0,-58.0,0.38286223895192706,0.4,2
126.0,88.0,-56.0,0.38286223895192706,0.4,2
126.0,88.0,-54.0,0.38286223895192706,0.4,2
126.0,88.0,-52.0,0.38286223895192706,0.4,2
126.0,88.0,-50.0,0.38286223895192706,0.4,2
126.0,88.0,-48.0,0.38286223895192706,0.4,2
126.0,88.0,-46.0,0.38286223895192706,0.4,2
126.0,90.0,-58.0,0.38286223895192706,0.4,2
126.0,90.0,-56.0,0.38286223895192706,0.4,2
126.0,90.0,-54.0,0.38286223895192706,0.4,2
126.0,90.0,-52.0,0.38286223895192706,0.4,2
126.0,90.0,-50.0,0.38286223895192706,0.4,2
126.0,90.0,-48.0,0.38286223895192706,0.4,2
126.0,90.0,-46.0,0.38286223895192706,0.4,2
128.0,78.0,-58.0,0.38286223895192706,0.4,2
128.0,78.0,-56.0,0.38286223895192706,0.4,2
128.0,78.0,-54.0,0.38286223895192706,0.4,2
128.0,78.0,-52.0,0.38286223895192706,0.4,2
128.0,78.0,-50.0,0.38286223895192706,0.4,2
128.0,78.0,-48.0,0.38286223895192706,0.4,2
128.0,78.0,-46.0,0.38286223895192706,0.4,2
128.0,80.0,-58.0,0.38286223895192706,0.4,2
128.0,80.0,-56.0,0.38286223895192706,0.4,2
128.0,80.0,-54.0,0.38286223895192706,0.4,2
128.0,80.0,-52.0,0.38286223895192706,0.4,2
128.0,80.0,-50.0,0.38286223895192706,0.4,2
128.0,80.0,-48.0,0.38286223895192706,0.4,2
128.0,80.0,-46.0,0.38286223895192706,0.4,2
128.0,82.0,-58.0,0.38286223895192706,0.4,2
128.0,82.0,-56.0,0.38286223895192706,0.4,2
128.0,82.0,-54.0,0.38286223895192706,0.4,2
128.0,82.0,-52.0,0.38286223895192706,0.4,2
128.0,82.0,-50.0,0.38286223895192706,0.4,2
128.0,82.0,-48.0,0.38286223895192706,0.4,2
128.0,82.0,-46.0,0.38286223895192706,0.4,2
128.0,84.0,-58.0,0.38286223895192706,0.4,2
128.0,84.0,-56.0,0.38286223895192706,0.4,2
128.0,84.0,-54.0,0.38286223895192706,0.4,2
128.0,84.0,-52.0,0.38286223895192706,0.4,2
128.0,84.0,-50.0,0.38286223895192706,0.4,2
128.0,84.0,-48.0,0.38286223895192706,0.4,2
128.0,84.0,-46.0,0.38286223895192706,0.4,2
128.0,86.0,-58.0,0.38286223895192706,0.4,2
128.0,86.0,-56.0,0.38286223895192706,0.4,2
128.0,86.0,-54.0,0.38286223895192706,0.4,2
128.0,86.0,-52.0,0.38286223895192706,0.4,2
128.0,86.0,-50.0,0.38286223895192706,0.4,2
128.0,86.0,-48.0,0.38286223895192706,0.4,2
128.0,86.0,-46.0,0.38286223895192706,0.4,2
128.0,88.0,-58.0,0.38286223895192706,0.4,2
128.0,88.0,-56.0,0.38286223895192706,0.4,2
128.0,88.0,-54.0,0.38286223895192706,0.4,2
128.0,88.0,-52.0,0.38286223895192706,0.4,2
128.0,88.0,-50.0,0.38286223895192706,0.4,2
128.0,88.0,-48.0,0.38286223895192706,0.4,2
128.0,88.0,-46.0,0.38286223895192706,0.4,2
128.0,90.0,-58.0,0.38286223895192706,0.4,2
128.0,90.0,-56.0,0.38286223895192706,0.4,2
128.0,90.0,-54.0,0.38286223895192706,0.4,2
128.0,90.0,-52.0,0.38286223895192706,0.4,2
128.0,90.0,-50.0,0.38286223895192706,0.4,2
128.0,90.0,-48.0,0.38286223895192706,0.4,2
128.0,90.0,-46.0,0.38286223895192706,0.4,2
130.0,76.0,-58.0,0.38286223895192706,0.4,2
130.0,76.0,-56.0,0.38286223895192706,0.4,2
130.0,76.0,-54.0,0.38286223895192706,0.4,2
130.0,76.0,-52.0,0.38286223895192706,0.4,2
130.0,76.0,-50.0,0.38286223895192706,0.4,2
130.0,76.0,-48.0,0.38286223895192706,0.4,2
130.0,78.0,-58.0,0.38286223895192706,0.4,2
130.0,78.0,-56.0,0.38286223895192706,0.4,2
130.0,78.0,-54.0,0.38286223895192706,0.4,2
130.0,78.0,-52.0,0.38286223895192706,0.4,2
130.0,78.0,-50.0,0.38286223895192706,0.4,2
130.0,78.0,-48.0,0.38286223895192706,0.4,2
130.0,78.0,-46.0,0.38286223895192706,0.4,2
130.0,80.0,-58.0,0.38286223895192706,0.4,2
130.0,80.0,-56.0,0.38286223895192706,0.4,2
130.0,80.0,-54.0,0.38286223895192706,0.4,2
130.0,80.0,-52.0,0.38286223895192706,0.4,2
130.0,80.0,-50.0,0.38286223895192706,0.4,2
130.0,80.0,-48.0,0.38286223895192706,0.4,2
130.0,80.0,-46.0,0.38286223895192706,0.4,2
130.0,82.0,-58.0,0.38286223895192706,0.4,2
130.0,82.0,-56.0,0.38286223895192706,0.4,2
130.0,82.0,-54.0,0.38286223895192706,0.4,2
130.0,82.0,-52.0,0.38286223895192706,0.4,2
130.0,82.0,-50.0,0.38286223895192706,0.4,2
130.0,82.0,-48.0,0.38286223895192706,0.4,2
130.0,82.0,-46.0,0.38286223895192706,0.4,2
130.0,84.0,-58.0,0.38286223895192706,0.4,2
130.0,84.0,-56.0,0.38286223895192706,0.4,2
130.0,84.0,-54.0,0.38286223895192706,0.4,2
130.0,84.0,-52.0,0.38286223895192706,0.4,2
130.0,84.0,-50.0,0.38286223895192706,0.4,2
130.0,84.0,-48.0,0.38286223895192706,0.4,2
130.0,84.0,-46.0,0.38286223895192706,0.4,2
130.0,86.0,-58.0,0.38286223895192706,0.4,2
130.0,86.0,-56.0,0.38286223895192706,0.4,2
130.0,86.0,-54.0,0.38286223895192706,0.4,2
130.0,86.0,-52.0,0.38286223895192706,0.4,2
130.0,86.0,-50.0,0.38286223895192706,0.4,2
130.0,86.0,-48.0,0.38286223895192706,0.4,2
130.0,86.0,-46.0,0.38286223895192706,0.4,2
130.0,88.0,-58.0,0.38286223895192706,0.4,2
130.0,88.0,-56.0,0.38286223895192706,0.4,2
130.0,88.0,-54.0,0.38286223895192706,0.4,2
130.0,88.0,-52.0,0.38286223895192706,0.4,2
130.0,88.0,-50.0,0.38286223895192706,0.4,2
130.0,88.0,-48.0,0.38286223895192706,0.4,2
130.0,88.0,-46.0,0.38286223895192706,0.4,2
130.0,90.0,-58.0,0.38286223895192706,0.4,2
130.0,90.0,-56.0,0.38286223895192706,0.4,2
130.0,90.0,-54.0,0.38286223895192706,0.4,2
130.0,90.0,-52.0,0.38286223895192706,0.4,2
130.0,90.0,-50.0,0.38286223895192706,0.4,2
130.0,90.0,-48.0,0.38286223895192706,0.4,2
130.0,90.0,-46.0,0.38286223895192706,0.4,2
132.0,74.0,-58.0,0.38286223895192706,0.4,2
132.0,74.0,-56.0,0.38286223895192706,0.4,2
132.0,74.0,-54.0,0.38286223895192706,0.4,2
132.0,74.0,-52.0,0.38286223895192706,0.4,2
132.0,74.0,-50.0,0.38286223895192706,0.4,2
132.0,74.0,-48.0,0.38286223895192706,0.4,2
132.0,76.0,-58.0,0.38286223895192706,0.4,2
132.0,76.0,-56.0,0.38286223895192706,0.4,2
132.0,76.0,-54.0,0.38286223895192706,0.4,2
132.0,76.0,-52.0,0.38286223895192706,0.4,2
132.0,76.0,-50.0,0.38286223895192706,0.4,2
132.0,76.0,-48.0,0.38286223895192706,0.4,2
132.0,78.0,-58.0,0.38286223895192706,0.4,2
132.0,78.0,-56.0,0.38286223895192706,0.4,2
132.0,78.0,-54.0,0.38286223895192706,0.4,2
132.0,78.0,-52.0,0.38286223895192706,0.4,2
132.0,78.0,-50.0,0.38286223895192706,0.4,2
132.0,78.0,-48.0,0.38286223895192706,0.4,2
132.0,80.0,-58.0,0.38286223895192706,0.4,2
132.0,80.0,-56.0,0.38286223895192706,0.4,2
132.0,80.0,-54.0,0.38286223895192706,0.4,2
132.0,80.0,-52.0,0.38286223895192706,0.4,2
132.0,80.0,-50.0,0.38286223895192706,0.4,2
132.0,80.0,-48.0,0.38286223895192706,0.4,2
132.0,80.0,-46.0,0.38286223895192706,0.4,2
132.0,82.0,-58.0,0.38286223895192706,0.4,2
132.0,82.0,-56.0,0.38286223895192706,0.4,2
132.0,82.0,-54.0,0.38286223895192706,0.4,2
132.0,82.0,-52.0,0.38286223895192706,0.4,2
132.0,82.0,-50.0,0.38286223895192706,0.4,2
132.0,82.0,-48.0,0.38286223895192706,0.4,2
132.0,82.0,-46.0,0.38286223895192706,0.4,2
132.0,84.0,-58.0,0.38286223895192706,0.4,2
132.0,84.0,-56.0,0.38286223895192706,0.4,2
132.0,84.0,-54.0,0.38286223895192706,0.4,2
132.0,84.0,-52.0,0.38286223895192706,0.4,2
132.0,84.0,-50.0,0.38286223895192706,0.4,2
132.0,84.0,-48.0,0.38286223895192706,0.4,2
132.0,84.0,-46.0,0.38286223895192706,0.4,2
132.0,84.0,-44.0,0.38286223895192706,0.4,2
132.0,86.0,-58.0,0.38286223895192706,0.4,2
132.0,86.0,-56.0,0.38286223895192706,0.4,2
132.0,86.0,-54.0,0.38286223895192706,0.4,2
132.0,86.0,-52.0,0.38286223895192706,0.4,2
132.0,86.0,-50.0,0.38286223895192706,0.4,2
132.0,86.0,-48.0,0.38286223895192706,0.4,2
132.0,86.0,-46.0,0.38286223895192706,0.4,2
132.0,86.0,-44.0,0.38286223895192706,0.4,2
132.0,88.0,-58.0,0.38286223895192706,0.4,2
132.0,88.0,-56.0,0.38286223895192706,0.4,2
132.0,88.0,-54.0,0.38286223895192706,0.4,2
132.0,88.0,-52.0,0.38286223895192706,0.4,2
132.0,88.0,-50.0,0.38286223895192706,0.4,2
132.0,88.0,-48.0,0.38286223895192706,0.4,2
132.0,88.0,-46.0,0.38286223895192706,0.4,2
132.0,90.0,-58.0,0.38286223895192706,0.4,2
132.0,90.0,-56.0,0.38286223895192706,0.4,2
132.0,90.0,-54.0,0.38286223895192706,0.4,2
132.0,90.0,-52.0,0.38286223895192706,0.4,2
132.0,90.0,-50.0,0.38286223895192706,0.4,2
132.0,90.0,-48.0,0.38286223895192706,0.4,2
132.0,90.0,-46.0,0.38286223895192706,0.4,2
134.0,74.0,-58.0,0.38286223895192706,0.4,2
134.0,74.0,-56.0,0.38286223895192706,0.4,2
134.0,74.0,-54.0,0.38286223895192706,0.4,2
134.0,74.0,-52.0,0.38286223895192706,0.4,2
134.0,74.0,-50.0,0.38286223895192706,0.4,2
134.0,74.0,-48.0,0.38286223895192706,0.4,2
134.0,76.0,-58.0,0.38286223895192706,0.4,2
134.0,76.0,-56.0,0.38286223895192706,0.4,2
134.0,76.0,-54.0,0.38286223895192706,0.4,2
134.0,76.0,-52.0,0.38286223895192706,0.4,2
134.0,76.0,-50.0,0.38286223895192706,0.4,2
134.0,76.0,-48.0,0.38286223895192706,0.4,2
134.0,78.0,-58.0,0.38286223895192706,0.4,2
134.0,78.0,-56.0,0.38286223895192706,0.4,2
134.0,78.0,-54.0,0.38286223895192706,0.4,2
134.0,78.0,-52.0,0.38286223895192706,0.4,2
134.0,78.0,-50.0,0.38286223895192706,0.4,2
134.0,78.0,-48.0,0.38286223895192706,0.4,2
134.0,80.0,-58.0,0.38286223895192706,0.4,2
134.0,80.0,-56.0,0.38286223895192706,0.4,2
134.0,80.0,-54.0,0.38286223895192706,0.4,2
134.0,80.0,-52.0,0.38286223895192706,0.4,2
134.0,80.0,-50.0,0.38286223895192706,0.4,2
134.0,80.0,-48.0,0.38286223895192706,0.4,2
134.0,80.0,-46.0,0.38286223895192706,0.4,2
134.0,82.0,-58.0,0.38286223895192706,0.4,2
134.0,82.0,-56.0,0.38286223895192706,0.4,2
134.0,82.0,-54.0,0.38286223895192706,0.4,2
134.0,82.0,-52.0,0.38286223895192706,0.4,2
134.0,82.0,-50.0,0.38286223895192706,0.4,2
134.0,82.0,-48.0,0.38286223895192706,0.4,2
134.0,82.0,-46.0,0.38286223895192706,0.4,2
134.0,84.0,-58.0,0.38286223895192706,0.4,2
134.0,84.0,-56.0,0.38286223895192706,0.4,2
134.0,84.0,-54.0,0.38286223895192706,0.4,2
134.0,84.0,-52.0,0.38286223895192706,0.4,2
134.0,84.0,-50.0,0.38286223895192706,0.4,2
134.0,84.0,-48.0,0.38286223895192706,0.4,2
134.0,84.0,-46.0,0.38286223895192706,0.4,2
134.0,86.0,-58.0,0.38286223895192706,0.4,2
134.0,86.0,-56.0,0.38286223895192706,0.4,2
134.0,86.0,-54.0,0.38286223895192706,0.4,2
134.0,86.0,-52.0,0.38286223895192706,0.4,2
134.0,86.0,-50.0,0.38286223895192706,0.4,2
134.0,86.0,-48.0,0.38286223895192706,0.4,2
134.0,86.0,-46.0,0.38286223895192706,0.4,2
134.0,86.0,-44.0,0.38286223895192706,0.4,2
134.0,88.0,-58.0,0.38286223895192706,0.4,2
134.0,88.0,-56.0,0.38286223895192706,0.4,2
134.0,88.0,-54.0,0.38286223895192706,0.4,2
134.0,88.0,-52.0,0.38286223895192706,0.4,2
134.0,88.0,-50.0,0.38286223895192706,0.4,2
134.0,88.0,-48.0,0.38286223895192706,0.4,2
134.0,88.0,-46.0,0.38286223895192706,0.4,2
134.0,88.0,-44.0,0.38286223895192706,0.4,2
134.0,90.0,-58.0,0.38286223895192706,0.4,2
134.0,90.0,-56.0,0.38286223895192706,0.4,2
134.0,90.0,-54.0,0.38286223895192706,0.4,2
134.0,90.0,-52.0,0.38286223895192706,0.4,2
134.0,90.0,-50.0,0.38286223895192706,0.4,2
134.0,90.0,-48.0,0.38286223895192706,0.4,2
134.0,90.0,-46.0,0.38286223895192706,0.4,2
136.0,74.0,-58.0,0.38286223895192706,0.4,2
136.0,74.0,-56.0,0.38286223895192706,0.4,2
136.0,74.0,-54.0,0.38286223895192706,0.4,2
136.0,74.0,-52.0,0.38286223895192706,0.4,2
136.0,74.0,-50.0,0.38286223895192706,0.4,2
136.0,76.0,-58.0,0.38286223895192706,0.4,2
136.0,76.0,-56.0,0.38286223895192706,0.4,2
136.0,76.0,-54.0,0.38286223895192706,0.4,2
136.0,76.0,-52.0,0.38286223895192706,0.4,2
136.0,76.0,-50.0,0.38286223895192706,0.4,2
136.0,76.0,-48.0,0.38286223895192706,0.4,2
136.0,78.0,-58.0,0.38286223895192706,0.4,2
136.0,78.0,-56.0,0.38286223895192706,0.4,2
136.0,78.0,-54.0,0.38286223895192706,0.4,2
136.0,78.0,-52.0,0.38286223895192706,0.4,2
136.0,78.0,-50.0,0.38286223895192706,0.4,2
136.0,78.0,-48.0,0.38286223895192706,0.4,2
136.0,80.0,-58.0,0.38286223895192706,0.4,2
136.0,80.0,-56.0,0.38286223895192706,0.4,2
136.0,80.0,-54.0,0.38286223895192706,0.4,2
136.0,80.0,-52.0,0.38286223895192706,0.4,2
136.0,80.0,-50.0,0.38286223895192706,0.4,2
136.0,80.0,-48.0,0.38286223895192706,0.4,2
136.0,80.0,-46.0,0.38286223895192706,0.4,2
136.0,82.0,-58.0,0.38286223895192706,0.4,2
136.0,82.0,-56.0,0.38286223895192706,0.4,2
136.0,82.0,-54.0,0.38286223895192706,0.4,2
136.0,82.0,-52.0,0.38286223895192706,0.4,2
136.0,82.0,-50.0,0.38286223895192706,0.4,2
136.0,82.0,-48.0,0.38286223895192706,0.4,2
136.0,82.0,-46.0,0.38286223895192706,0.4,2
136.0,84.0,-58.0,0.38286223895192706,0.4,2
136.0,84.0,-56.0,0.38286223895192706,0.4,2
136.0,84.0,-54.0,0.38286223895192706,0.4,2
136.0,84.0,-52.0,0.38286223895192706,0.4,2
136.0,84.0,-50.0,0.38286223895192706,0.4,2
136.0,84.0,-48.0,0.38286223895192706,0.4,2
136.0,84.0,-46.0,0.38286223895192706,0.4,2
136.0,86.0,-58.0,0.38286223895192706,0.4,2
136.0,86.0,-56.0,0.38286223895192706,0.4,2
136.0,86.0,-54.0,0.38286223895192706,0.4,2
136.0,86.0,-52.0,0.38286223895192706,0.4,2
136.0,86.0,-50.0,0.38286223895192706,0.4,2
136.0,86.0,-48.0,0.38286223895192706,0.4,2
136.0,86.0,-46.0,0.38286223895192706,0.4,2
136.0,88.0,-58.0,0.38286223895192706,0.4,2
136.0,88.0,-56.0,0.38286223895192706,0.4,2
136.0,88.0,-54.0,0.38286223895192706,0.4,2
136.0,88.0,-52.0,0.38286223895192706,0.4,2
136.0,88.0,-50.0,0.38286223895192706,0.4,2
136.0,88.0,-48.0,0.38286223895192706,0.4,2
136.0,88.0,-46.0,0.38286223895192706,0.4,2
136.0,88.0,-44.0,0.38286223895192706,0.4,2
136.0,90.0,-58.0,0.38286223895192706,0.4,2
136.0,90.0,-56.0,0.38286223895192706,0.4,2
136.0,90.0,-54.0,0.38286223895192706,0.4,2
136.0,90.0,-52.0,0.38286223895192706,0.4,2
136.0,90.0,-50.0,0.38286223895192706,0.4,2
136.0,90.0,-48.0,0.38286223895192706,0.4,2
136.0,90.0,-46.0,0.38286223895192706,0.4,2
136.0,90.0,-44.0,0.38286223895192706,0.4,2
138.0,74.0,-58.0,0.38286223895192706,0.4,2
138.0,74.0,-56.0,0.38286223895192706,0.4,2
138.0,74.0,-54.0,0.38286223895192706,0.4,2
138.0,74.0,-52.0,0.38286223895192706,0.4,2
138.0,74.0,-50.0,0.38286223895192706,0.4,2
138.0,76.0,-58.0,0.38286223895192706,0.4,2
138.0,76.0,-56.0,0.38286223895192706,0.4,2
138.0,76.0,-54.0,0.38286223895192706,0.4,2
138.0,76.0,-52.0,0.38286223895192706,0.4,2
138.0,76.0,-50.0,0.38286223895192706,0.4,2
138.0,76.0,-48.0,0.38286223895192706,0.4,2
138.0,78.0,-58.0,0.38286223895192706,0.4,2
138.0,78.0,-56.0,0.38286223895192706,0.4,2
138.0,78.0,-54.0,0.38286223895192706,0.4,2
138.0,78.0,-52.0,0.38286223895192706,0.4,2
138.0,78.0,-50.0,0.38286223895192706,0.4,2
138.0,78.0,-48.0,0.38286223895192706,0.4,2
138.0,80.0,-58.0,0.38286223895192706,0.4,2
138.0,80.0,-56.0,0.38286223895192706,0.4,2
138.0,80.0,-54.0,0.38286223895192706,0.4,2
138.0,80.0,-52.0,0.38286223895192706,0.4,2
138.0,80.0,-50.0,0.38286223895192706,0.4,2
138.0,80.0,-48.0,0.38286223895192706,0.4,2
138.0,82.0,-58.0,0.38286223895192706,0.4,2
138.0,82.0,-56.0,0.38286223895192706,0.4,2
138.0,82.0,-54.0,0.38286223895192706,0.4,2
138.0,82.0,-52.0,0.38286223895192706,0.4,2
138.0,82.0,-50.0,0.38286223895192706,0.4,2
138.0,82.0,-48.0,0.38286223895192706,0.4,2
138.0,82.0,-46.0,0.38286223895192706,0.4,2
138.0,84.0,-58.0,0.38286223895192706,0.4,2
138.0,84.0,-56.0,0.38286223895192706,0.4,2
138.0,84.0,-54.0,0.38286223895192706,0.4,2
138.0,84.0,-52.0,0.38286223895192706,0.4,2
138.0,84.0,-50.0,0.38286223895192706,0.4,2
138.0,84.0,-48.0,0.38286223895192706,0.4,2
138.0,84.0,-46.0,0.38286223895192706,0.4,2
138.0,86.0,-58.0,0.38286223895192706,0.4,2
138.0,86.0,-56.0,0.38286223895192706,0.4,2
138.0,86.0,-54.0,0.38286223895192706,0.4,2
138.0,86.0,-52.0,0.38286223895192706,0.4,2
138.0,86.0,-50.0,0.38286223895192706,0.4,2
138.0,86.0,-48.0,0.38286223895192706,0.4,2
138.0,86.0,-46.0,0.38286223895192706,0.4,2
138.0,88.0,-58.0,0.38286223895192706,0.4,2
138.0,88.0,-56.0,0.38286223895192706,0.4,2
138.0,88.0,-54.0,0.38286223895192706,0.4,2
138.0,88.0,-52.0,0.38286223895192706,0.4,2
138.0,88.0,-50.0,0.38286223895192706,0.4,2
138.0,88.0,-48.0,0.38286223895192706,0.4,2
138.0,88.0,-46.0,0.38286223895192706,0.4,2
138.0,90.0,-58.0,0.38286223895192706,0.4,2
138.0,90.0,-56.0,0.38286223895192706,0.4,2
138.0,90.0,-54.0,0.38286223895192706,0.4,2
138.0,90.0,-52.0,0.38286223895192706,0.4,2
138.0,90.0,-50.0,0.38286223895192706,0.4,2
138.0,90.0,-48.0,0.38286223895192706,0.4,2
138.0,90.0,-46.0,0.38286223895192706,0.4,2
138.0,90.0,-44.0,0.38286223895192706,0.4,2
140.0,74.0,-58.0,0.38286223895192706,0.4,2
140.0,74.0,-56.0,0.38286223895192706,0.4,2
140.0,74.0,-54.0,0.38286223895192706,0.4,2
140.0,74.0,-52.0,0.38286223895192706,0.4,2
140.0,74.0,-50.0,0.38286223895192706,0.4,2
140.0,76.0,-58.0,0.38286223895192706,0.4,2
140.0,76.0,-56.0,0.38286223895192706,0.4,2
140.0,76.0,-54.0,0.38286223895192706,0.4,2
140.0,76.0,-52.0,0.38286223895192706,0.4,2
140.0,76.0,-50.0,0.38286223895192706,0.4,2
140.0,76.0,-48.0,0.38286223895192706,0.4,2
140.0,78.0,-58.0,0.38286223895192706,0.4,2
140.0,78.0,-56.0,0.38286223895192706,0.4,2
140.0,78.0,-54.0,0.38286223895192706,0.4,2
140.0,78.0,-52.0,0.38286223895192706,0.4,2
140.0,78.0,-50.0,0.38286223895192706,0.4,2
140.0,78.0,-48.0,0.38286223895192706,0.4,2
140.0,80.0,-58.0,0.38286223895192706,0.4,2
140.0,80.0,-56.0,0.38286223895192706,0.4,2
140.0,80.0,-54.0,0.38286223895192706,0.4,2
140.0,80.0,-52.0,0.38286223895192706,0.4,2
140.0,80.0,-50.0,0.38286223895192706,0.4,2
140.0,80.0,-48.0,0.38286223895192706,0.4,2
140.0,82.0,-58.0,0.38286223895192706,0.4,2
140.0,82.0,-56.0,0.38286223895192706,0.4,2
140.0,82.0,-54.0,0.38286223895192706,0.4,2
140.0,82.0,-52.0,0.38286223895192706,0.4,2
140.0,82.0,-50.0,0.38286223895192706,0.4,2
140.0,82.0,-48.0,0.38286223895192706,0.4,2
140.0,82.0,-46.0,0.38286223895192706,0.4,2
140.0,84.0,-58.0,0.38286223895192706,0.4,2
140.0,84.0,-56.0,0.38286223895192706,0.4,2
140.0,84.0,-54.0,0.38286223895192706,0.4,2
140.0,84.0,-52.0,0.38286223895192706,0.4,2
140.0,84.0,-50.0,0.38286223895192706,0.4,2
140.0,84.0,-48.0,0.38286223895192706,0.4,2
140.0,84.0,-46.0,0.38286223895192706,0.4,2
140.0,86.0,-58.0,0.38286223895192706,0.4,2
140.0,86.0,-56.0,0.38286223895192706,0.4,2
140.0,86.0,-54.0,0.38286223895192706,0.4,2
140.0,86.0,-52.0,0.38286223895192706,0.4,2
140.0,86.0,-50.0,0.38286223895192706,0.4,2
140.0,86.0,-48.0,0.38286223895192706,0.4,2
140.0,86.0,-46.0,0.38286223895192706,0.4,2
140.0,88.0,-58.0,0.38286223895192706,0.4,2
140.0,88.0,-56.0,0.38286223895192706,0.4,2
140.0,88.0,-54.0,0.38286223895192706,0.4,2
140.0,88.0,-52.0,0.38286223895192706,0.4,2
140.0,88.0,-50.0,0.38286223895192706,0.4,2
140.0,88.0,-48.0,0.38286223895192706,0.4,2
140.0,88.0,-46.0,0.38286223895192706,0.4,2
140.0,90.0,-58.0,0.38286223895192706,0.4,2
140.0,90.0,-56.0,0.38286223895192706,0.4,2
140.0,90.0,-54.0,0.38286223895192706,0.4,2
140.0,90.0,-52.0,0.38286223895192706,0.4,2
140.0,90.0,-50.0,0.38286223895192706,0.4,2
140.0,90.0,-48.0,0.38286223895192706,0.4,2
140.0,90.0,-46.0,0.38286223895192706,0.4,2
142.0,74.0,-58.0,0.38286223895192706,0.4,2
142.0,74.0,-56.0,0.38286223895192706,0.4,2
142.0,74.0,-54.0,0.38286223895192706,0.4,2
142.0,74.0,-52.0,0.38286223895192706,0.4,2
142.0,74.0,-50.0,0.38286223895192706,0.4,2
142.0,76.0,-58.0,0.38286223895192706,0.4,2
142.0,76.0,-56.0,0.38286223895192706,0.4,2
142.0,76.0,-54.0,0.38286223895192706,0.4,2
142.0,76.0,-52.0,0.38286223895192706,0.4,2
142.0,76.0,-50.0,0.38286223895192706,0.4,2
142.0,76.0,-48.0,0.38286223895192706,0.4,2
142.0,78.0,-58.0,0.38286223895192706,0.4,2
142.0,78.0,-56.0,0.38286223895192706,0.4,2
142.0,78.0,-54.0,0.38286223895192706,0.4,2
142.0,78.0,-52.0,0.38286223895192706,0.4,2
142.0,78.0,-50.0,0.38286223895192706,0.4,2
142.0,78.0,-48.0,0.38286223895192706,0.4,2
142.0,80.0,-58.0,0.38286223895192706,0.4,2
142.0,80.0,-56.0,0.38286223895192706,0.4,2
142.0,80.0,-54.0,0.38286223895192706,0.4,2
142.0,80.0,-52.0,0.38286223895192706,0.4,2
142.0,80.0,-50.0,0.38286223895192706,0.4,2
142.0,80.0,-48.0,0.38286223895192706,0.4,2
142.0,82.0,-58.0,0.38286223895192706,0.4,2
142.0,82.0,-56.0,0.38286223895192706,0.4,2
142.0,82.0,-54.0,0.38286223895192706,0.4,2
142.0,82.0,-52.0,0.38286223895192706,0.4,2
142.0,82.0,-50.0,0.38286223895192706,0.4,2
142.0,82.0,-48.0,0.38286223895192706,0.4,2
142.0,84.0,-58.0,0.38286223895192706,0.4,2
142.0,84.0,-56.0,0.38286223895192706,0.4,2
142.0,84.0,-54.0,0.38286223895192706,0.4,2
142.0,84.0,-52.0,0.38286223895192706,0.4,2
142.0,84.0,-50.0,0.38286223895192706,0.4,2
142.0,84.0,-48.0,0.38286223895192706,0.4,2
142.0,84.0,-46.0,0.38286223895192706,0.4,2
142.0,86.0,-58.0,0.38286223895192706,0.4,2
142.0,86.0,-56.0,0.38286223895192706,0.4,2
142.0,86.0,-54.0,0.38286223895192706,0.4,2
142.0,86.0,-52.0,0.38286223895192706,0.4,2
142.0,86.0,-50.0,0.38286223895192706,0.4,2
142.0,86.0,-48.0,0.38286223895192706,0.4,2
142.0,86.0,-46.0,0.38286223895192706,0.4,2
142.0,88.0,-58.0,0.38286223895192706,0.4,2
142.0,88.0,-56.0,0.38286223895192706,0.4,2
142.0,88.0,-54.0,0.38286223895192706,0.4,2
142.0,88.0,-52.0,0.38286223895192706,0.4,2
142.0,88.0,-50.0,0.38286223895192706,0.4,2
142.0,88.0,-48.0,0.38286223895192706,0.4,2
142.0,88.0,-46.0,0.38286223895192706,0.4,2
142.0,90.0,-58.0,0.38286223895192706,0.4,2
142.0,90.0,-56.0,0.38286223895192706,0.4,2
142.0,90.0,-54.0,0.38286223895192706,0.4,2
142.0,90.0,-52.0,0.38286223895192706,0.4,2
142.0,90.0,-50.0,0.38286223895192706,0.4,2
142.0,90.0,-48.0,0.38286223895192706,0.4,2
142.0,90.0,-46.0,0.38286223895192706,0.4,2
144.0,64.0,-68.0,0.38286223895192706,0.4,2
144.0,64.0,-66.0,0.38286223895192706,0.4,2
144.0,64.0,-64.0,0.38286223895192706,0.4,2
144.0,64.0,-62.0,0.38286223895192706,0.4,2
144.0,64.0,-60.0,0.38286223895192706,0.4,2
144.0,64.0,-58.0,0.38286223895192706,0.4,2
144.0,64.0,-56.0,0.38286223895192706,0.4,2
144.0,64.0,-54.0,0.38286223895192706,0.4,2
144.0,66.0,-68.0,0.38286223895192706,0.4,2
144.0,66.0,-66.0,0.38286223895192706,0.4,2
144.0,66.0,-64.0,0.38286223895192706,0.4,2
144.0,66.0,-62.0,0.38286223895192706,0.4,2
144.0,66.0,-60.0,0.38286223895192706,0.4,2
144.0,66.0,-58.0,0.38286223895192706,0.4,2
144.0,66.0,-56.0,0.38286223895192706,0.4,2
144.0,66.0,-54.0,0.38286223895192706,0.4,2
144.0,66.0,-52.0,0.38286223895192706,0.4,2
144.0,68.0,-68.0,0.38286223895192706,0.4,2
144.0,68.0,-66.0,0.38286223895192706,0.4,2
144.0,68.0,-64.0,0.38286223895192706,0.4,2
144.0,68.0,-62.0,0.38286223895192706,0.4,2
144.0,68.0,-60.0,0.38286223895192706,0.4,2
144.0,68.0,-58.0,0.38286223895192706,0.4,2
144.0,68.0,-56.0,0.38286223895192706,0.4,2
144.0,68.0,-54.0,0.38286223895192706,0.4,2
144.0,68.0,-52.0,0.38286223895192706,0.4,2
144.0,70.0,-68.0,0.38286223895192706,0.4,2
144.0,70.0,-66.0,0.38286223895192706,0.4,2
144.0,70.0,-64.0,0.38286223895192706,0.4,2
144.0,70.0,-62.0,0.38286223895192706,0.4,2
144.0,70.0,-60.0,0.38286223895192706,0.4,2
144.0,70.0,-58.0,0.38286223895192706,0.4,2
144.0,70.0,-56.0,0.38286223895192706,0.4,2
144.0,70.0,-54.0,0.38286223895192706,0.4,2
144.0,70.0,-52.0,0.38286223895192706,0.4,2
144.0,70.0,-50.0,0.38286223895192706,0.4,2
144.0,72.0,-68.0,0.38286223895192706,0.4,2
144.0,72.0,-66.0,0.38286223895192706,0.4,2
144.0,72.0,-64.0,0.38286223895192706,0.4,2
144.0,72.0,-62.0,0.38286223895192706,0.4,2
144.0,72.0,-60.0,0.38286223895192706,0.4,2
144.0,72.0,-58.0,0.38286223895192706,0.4,2
144.0,72.0,-56.0,0.38286223895192706,0.4,2
144.0,72.0,-54.0,0.38286223895192706,0.4,2
144.0,72.0,-52.0,0.38286223895192706,0.4,2
144.0,72.0,-50.0,0.38286223895192706,0.4,2
146.0,62.0,-68.0,0.38286223895192706,0.4,2
146.0,62.0,-66.0,0.38286223895192706,0.4,2
146.0,62.0,-64.0,0.38286223895192706,0.4,2
146.0,62.0,-62.0,0.38286223895192706,0.4,2
146.0,62.0,-60.0,0.38286223895192706,0.4,2
146.0,62.0,-58.0,0.38286223895192706,0.4,2
146.0,62.0,-56.0,0.38286223895192706,0.4,2
146.0,62.0,-54.0,0.38286223895192706,0.4,2
146.0,64.0,-68.0,0.38286223895192706,0.4,2
146.0,64.0,-66.0,0.38286223895192706,0.4,2
146.0,64.0,-64.0,0.38286223895192706,0.4,2
146.0,64.0,-62.0,0.38286223895192706,0.4,2
146.0,64.0,-60.0,0.38286223895192706,0.4,2
146.0,64.0,-58.0,0.38286223895192706,0.4,2
146.0,64.0,-56.0,0.38286223895192706,0.4,2
146.0,64.0,-54.0,0.38286223895192706,0.4,2
146.0,64.0,-52.0,0.38286223895192706,0.4,2
146.0,66.0,-68.0,0.38286223895192706,0.4,2
146.0,66.0,-66.0,0.38286223895192706,0.4,2
146.0,66.0,-64.0,0.38286223895192706,0.4,2
146.0,66.0,-62.0,0.38286223895192706,0.4,2
146.0,66.0,-60.0,0.38286223895192706,0.4,2
146.0,66.0,-58.0,0.38286223895192706,0.4,2
146.0,66.0,-56.0,0.38286223895192706,0.4,2
146.0,66.0,-54.0,0.38286223895192706,0.4,2
146.0,66.0,-52.0,0.38286223895192706,0.4,2
146.0,68.0,-68.0,0.38286223895192706,0.4,2
146.0,68.0,-66.0,0.38286223895192706,0.4,2
146.0,68.0,-64.0,0.38286223895192706,0.4,2
146.0,68.0,-62.0,0.38286223895192706,0.4,2
146.0,68.0,-60.0,0.38286223895192706,0.4,2
146.0,68.0,-58.0,0.38286223895192706,0.4,2
146.0,68.0,-56.0,0.38286223895192706,0.4,2
146.0,68.0,-54.0,0.38286223895192706,0.4,2
146.0,68.0,-52.0,0.38286223895192706,0.4,2
146.0,70.0,-68.0,0.38286223895192706,0.4,2
146.0,70.0,-66.0,0.38286223895192706,0.4,2
146.0,70.0,-64.0,0.38286223895192706,0.4,2
146.0,70.0,-62.0,0.38286223895192706,0.4,2
146.0,70.0,-60.0,0.38286223895192706,0.4,2
146.0,70.0,-58.0,0.38286223895192706,0.4,2
146.0,70.0,-56.0,0.38286223895192706,0.4,2
146.0,70.0,-54.0,0.38286223895192706,0.4,2
146.0,70.0,-52.0,0.38286223895192706,0.4,2
146.0,70.0,-50.0,0.38286223895192706,0.4,2
146.0,72.0,-68.0,0.38286223895192706,0.4,2
146.0,72.0,-66.0,0.38286223895192706,0.4,2
146.0,72.0,-64.0,0.38286223895192706,0.4,2
146.0,72.0,-62.0,0.38286223895192706,0.4,2
146.0,72.0,-60.0,0.38286223895192706,0.4,2
146.0,72.0,-58.0,0.38286223895192706,0.4,2
146.0,72.0,-56.0,0.38286223895192706,0.4,2
146.0,72.0,-54.0,0.38286223895192706,0.4,2
146.0,72.0,-52.0,0.38286223895192706,0.4,2
146.0,72.0,-50.0,0.38286223895192706,0.4,2
148.0,62.0,-68.0,0.38286223895192706,0.4,2
148.0,62.0,-66.0,0.38286223895192706,0.4,2
148.0,62.0,-64.0,0.38286223895192706,0.4,2
148.0,62.0,-62.0,0.38286223895192706,0.4,2
148.0,62.0,-60.0,0.38286223895192706,0.4,2
148.0,62.0,-58.0,0.38286223895192706,0.4,2
148.0,62.0,-56.0,0.38286223895192706,0.4,2
148.0,62.0,-54.0,0.38286223895192706,0.4,2
148.0,64.0,-68.0,0.38286223895192706,0.4,2
148.0,64.0,-66.0,0.38286223895192706,0.4,2
148.0,64.0,-64.0,0.38286223895192706,0.4,2
148.0,64.0,-62.0,0.38286223895192706,0.4,2
148.0,64.0,-60.0,0.38286223895192706,0.4,2
148.0,64.0,-58.0,0.38286223895192706,0.4,2
148.0,64.0,-56.0,0.38286223895192706,0.4,2
148.0,64.0,-54.0,0.38286223895192706,0.4,2
148.0,64.0,-52.0,0.38286223895192706,0.4,2
148.0,66.0,-68.0,0.38286223895192706,0.4,2
148.0,66.0,-66.0,0.38286223895192706,0.4,2
148.0,66.0,-64.0,0.38286223895192706,0.4,2
148.0,66.0,-62.0,0.38286223895192706,0.4,2
148.0,66.0,-60.0,0.38286223895192706,0.4,2
148.0,66.0,-58.0,0.38286223895192706,0.4,2
148.0,66.0,-56.0,0.38286223895192706,0.4,2
148.0,66.0,-54.0,0.38286223895192706,0.4,2
148.0,66.0,-52.0,0.38286223895192706,0.4,2
148.0,68.0,-68.0,0.38286223895192706,0.4,2
148.0,68.0,-66.0,0.38286223895192706,0.4,2
148.0,68.0,-64.0,0.38286223895192706,0.4,2
148.0,68.0,-62.0,0.38286223895192706,0.4,2
148.0,68.0,-60.0,0.38286223895192706,0.4,2
148.0,68.0,-58.0,0.38286223895192706,0.4,2
148.0,68.0,-56.0,0.38286223895192706,0.4,2
148.0,68.0,-54.0,0.38286223895192706,0.4,2
148.0,68.0,-52.0,0.38286223895192706,0.4,2
148.0,70.0,-68.0,0.38286223895192706,0.4,2
148.0,70.0,-66.0,0.38286223895192706,0.4,2
148.0,70.0,-64.0,0.38286223895192706,0.4,2
148.0,70.0,-62.0,0.38286223895192706,0.4,2
148.0,70.0,-60.0,0.38286223895192706,0.4,2
148.0,70.0,-58.0,0.38286223895192706,0.4,2
148.0,70.0,-56.0,0.38286223895192706,0.4,2
148.0,70.0,-54.0,0.38286223895192706,0.4,2
148.0,70.0,-52.0,0.38286223895192706,0.4,2
148.0,70.0,-50.0,0.38286223895192706,0.4,2
148.0,72.0,-68.0,0.38286223895192706,0.4,2
148.0,72.0,-66.0,0.38286223895192706,0.4,2
148.0,72.0,-64.0,0.38286223895192706,0.4,2
148.0,72.0,-62.0,0.38286223895192706,0.4,2
148.0,72.0,-60.0,0.38286223895192706,0.4,2
148.0,72.0,-58.0,0.38286223895192706,0.4,2
148.0,72.0,-56.0,0.38286223895192706,0.4,2
148.0,72.0,-54.0,0.38286223895192706,0.4,2
148.0,72.0,-52.0,0.38286223895192706,0.4,2
148.0,72.0,-50.0,0.38286223895192706,0.4,2
150.0,62.0,-68.0,0.38286223895192706,0.4,2
150.0,62.0,-66.0,0.38286223895192706,0.4,2
150.0,62.0,-64.0,0.38286223895192706,0.4,2
150.0,62.0,-62.0,0.38286223895192706,0.4,2
150.0,62.0,-60.0,0.38286223895192706,0.4,2
150.0,62.0,-58.0,0.38286223895192706,0.4,2
150.0,62.0,-56.0,0.38286223895192706,0.4,2
150.0,62.0,-54.0,0.38286223895192706,0.4,2
150.0,62.0,-52.0,0.38286223895192706,0.4,2
150.0,64.0,-68.0,0.38286223895192706,0.4,2
150.0,64.0,-66.0,0.38286223895192706,0.4,2
150.0,64.0,-64.0,0.38286223895192706,0.4,2
150.0,64.0,-62.0,0.38286223895192706,0.4,2
150.0,64.0,-60.0,0.38286223895192706,0.4,2
150.0,64.0,-58.0,0.38286223895192706,0.4,2
150.0,64.0,-56.0,0.38286223895192706,0.4,2
150.0,64.0,-54.0,0.38286223895192706,0.4,2
150.0,64.0,-52.0,0.38286223895192706,0.4,2
150.0,66.0,-68.0,0.38286223895192706,0.4,2
150.0,66.0,-66.0,0.38286223895192706,0.4,2
150.0,66.0,-64.0,0.38286223895192706,0.4,2
150.0,66.0,-62.0,0.38286223895192706,0.4,2
150.0,66.0,-60.0,0.38286223895192706,0.4,2
150.0,66.0,-58.0,0.38286223895192706,0.4,2
150.0,66.0,-56.0,0.38286223895192706,0.4,2
150.0,66.0,-54.0,0.38286223895192706,0.4,2
150.0,66.0,-52.0,0.38286223895192706,0.4,2
150.0,68.0,-68.0,0.38286223895192706,0.4,2
150.0,68.0,-66.0,0.38286223895192706,0.4,2
150.0,68.0,-64.0,0.38286223895192706,0.4,2
150.0,68.0,-62.0,0.38286223895192706,0.4,2
150.0,68.0,-60.0,0.38286223895192706,0.4,2
150.0,68.0,-58.0,0.38286223895192706,0.4,2
150.0,68.0,-56.0,0.38286223895192706,0.4,2
150.0,68.0,-54.0,0.38286223895192706,0.4,2
150.0,68.0,-52.0,0.38286223895192706,0.4,2
150.0,68.0,-50.0,0.38286223895192706,0.4,2
150.0,70.0,-68.0,0.38286223895192706,0.4,2
150.0,70.0,-66.0,0.38286223895192706,0.4,2
150.0,70.0,-64.0,0.38286223895192706,0.4,2
150.0,70.0,-62.0,0.38286223895192706,0.4,2
150.0,70.0,-60.0,0.38286223895192706,0.4,2
150.0,70.0,-58.0,0.38286223895192706,0.4,2
150.0,70.0,-56.0,0.38286223895192706,0.4,2
150.0,70.0,-54.0,0.38286223895192706,0.4,2
150.0,70.0,-52.0,0.38286223895192706,0.4,2
150.0,70.0,-50.0,0.38286223895192706,0.4,2
150.0,72.0,-68.0,0.38286223895192706,0.4,2
150.0,72.0,-66.0,0.38286223895192706,0.4,2
150.0,72.0,-64.0,0.38286223895192706,0.4,2
150.0,72.0,-62.0,0.38286223895192706,0.4,2
150.0,72.0,-60.0,0.38286223895192706,0.4,2
150.0,72.0,-58.0,0.38286223895192706,0.4,2
150.0,72.0,-56.0,0.38286223895192706,0.4,2
150.0,72.0,-54.0,0.38286223895192706,0.4,2
150.0,72.0,-52.0,0.38286223895192706,0.4,2
150.0,72.0,-50.0,0.38286223895192706,0.4,2
152.0,62.0,-64.0,0.38286223895192706,0.4,2
152.0,62.0,-62.0,0.38286223895192706,0.4,2
152.0,62.0,-60.0,0.38286223895192706,0.4,2
152.0,62.0,-58.0,0.38286223895192706,0.4,2
152.0,62.0,-56.0,0.38286223895192706,0.4,2
152.0,62.0,-54.0,0.38286223895192706,0.4,2
152.0,62.0,-52.0,0.38286223895192706,0.4,2
152.0,64.0,-68.0,0.38286223895192706,0.4,2
152.0,64.0,-66.0,0.38286223895192706,0.4,2
152.0,64.0,-64.0,0.38286223895192706,0.4,2
152.0,64.0,-62.0,0.38286223895192706,0.4,2
152.0,64.0,-60.0,0.38286223895192706,0.4,2
152.0,64.0,-58.0,0.38286223895192706,0.4,2
152.0,64.0,-56.0,0.38286223895192706,0.4,2
152.0,64.0,-54.0,0.38286223895192706,0.4,2
152.0,64.0,-52.0,0.38286223895192706,0.4,2
152.0,66.0,-68.0,0.38286223895192706,0.4,2
152.0,66.0,-66.0,0.38286223895192706,0.4,2
152.0,66.0,-64.0,0.38286223895192706,0.4,2
152.0,66.0,-62.0,0.38286223895192706,0.4,2
152.0,66.0,-60.0,0.38286223895192706,0.4,2
152.0,66.0,-58.0,0.38286223895192706,0.4,2
152.0,66.0,-56.0,0.38286223895192706,0.4,2
152.0,66.0,-54.0,0.38286223895192706,0.4,2
152.0,66.0,-52.0,0.38286223895192706,0.4,2
152.0,68.0,-68.0,0.38286223895192706,0.4,2
152.0,68.0,-66.0,0.38286223895192706,0.4,2
152.0,68.0,-64.0,0.38286223895192706,0.4,2
152.0,68.0,-62.0,0.38286223895192706,0.4,2
152.0,68.0,-60.0,0.38286223895192706,0.4,2
152.0,68.0,-58.0,0.38286223895192706,0.4,2
152.0,68.0,-56.0,0.38286223895192706,0.4,2
152.0,68.0,-54.0,0.38286223895192706,0.4,2
152.0,68.0,-52.0,0.38286223895192706,0.4,2
152.0,68.0,-50.0,0.38286223895192706,0.4,2
152.0,70.0,-68.0,0.38286223895192706,0.4,2
152.0,70.0,-66.0,0.38286223895192706,0.4,2
152.0,70.0,-64.0,0.38286223895192706,0.4,2
152.0,70.0,-62.0,0.38286223895192706,0.4,2
152.0,70.0,-60.0,0.38286223895192706,0.4,2
152.0,70.0,-58.0,0.38286223895192706,0.4,2
152.0,70.0,-56.0,0.38286223895192706,0.4,2
152.0,70.0,-54.0,0.38286223895192706,0.4,2
152.0,70.0,-52.0,0.38286223895192706,0.4,2
152.0,70.0,-50.0,0.38286223895192706,0.4,2
152.0,72.0,-68.0,0.38286223895192706,0.4,2
152.0,72.0,-66.0,0.38286223895192706,0.4,2
152.0,72.0,-64.0,0.38286223895192706,0.4,2
152.0,72.0,-62.0,0.38286223895192706,0.4,2
152.0,72.0,-60.0,0.38286223895192706,0.4,2
152.0,72.0,-58.0,0.38286223895192706,0.4,2
152.0,72.0,-56.0,0.38286223895192706,0.4,2
152.0,72.0,-54.0,0.38286223895192706,0.4,2
152.0,72.0,-52.0,0.38286223895192706,0.4,2
152.0,72.0,-50.0,0.38286223895192706,0.4,2
144.0,74.0,-58.0,0.38286223895192706,0.4,2
144.0,74.0,-56.0,0.38286223895192706,0.4,2
144.0,74.0,-54.0,0.38286223895192706,0.4,2
144.0,74.0,-52.0,0.38286223895192706,0.4,2
144.0,74.0,-50.0,0.38286223895192706,0.4,2
144.0,76.0,-58.0,0.38286223895192706,0.4,2
144.0,76.0,-56.0,0.38286223895192706,0.4,2
144.0,76.0,-54.0,0.38286223895192706,0.4,2
144.0,76.0,-52.0,0.38286223895192706,0.4,2
144.0,76.0,-50.0,0.38286223895192706,0.4,2
144.0,76.0,-48.0,0.38286223895192706,0.4,2
144.0,78.0,-58.0,0.38286223895192706,0.4,2
144.0,78.0,-56.0,0.38286223895192706,0.4,2
144.0,78.0,-54.0,0.38286223895192706,0.4,2
144.0,78.0,-52.0,0.38286223895192706,0.4,2
144.0,78.0,-50.0,0.38286223895192706,0.4,2
144.0,78.0,-48.0,0.38286223895192706,0.4,2
144.0,80.0,-58.0,0.38286223895192706,0.4,2
144.0,80.0,-56.0,0.38286223895192706,0.4,2
144.0,80.0,-54.0,0.38286223895192706,0.4,2
144.0,80.0,-52.0,0.38286223895192706,0.4,2
144.0,80.0,-50.0,0.38286223895192706,0.4,2
144.0,80.0,-48.0,0.38286223895192706,0.4,2
144.0,82.0,-58.0,0.38286223895192706,0.4,2
144.0,82.0,-56.0,0.38286223895192706,0.4,2
144.0,82.0,-54.0,0.38286223895192706,0.4,2
144.0,82.0,-52.0,0.38286223895192706,0.4,2
144.0,82.0,-50.0,0.38286223895192706,0.4,2
144.0,82.0,-48.0,0.38286223895192706,0.4,2
146.0,74.0,-58.0,0.38286223895192706,0.4,2
146.0,74.0,-56.0,0.38286223895192706,0.4,2
146.0,74.0,-54.0,0.38286223895192706,0.4,2
146.0,74.0,-52.0,0.38286223895192706,0.4,2
146.0,74.0,-50.0,0.38286223895192706,0.4,2
146.0,76.0,-58.0,0.38286223895192706,0.4,2
146.0,76.0,-56.0,0.38286223895192706,0.4,2
146.0,76.0,-54.0,0.38286223895192706,0.4,2
146.0,76.0,-52.0,0.38286223895192706,0.4,2
146.0,76.0,-50.0,0.38286223895192706,0.4,2
146.0,76.0,-48.0,0.38286223895192706,0.4,2
146.0,78.0,-58.0,0.38286223895192706,0.4,2
146.0,78.0,-56.0,0.38286223895192706,0.4,2
146.0,78.0,-54.0,0.38286223895192706,0.4,2
146.0,78.0,-52.0,0.38286223895192706,0.4,2
146.0,78.0,-50.0,0.38286223895192706,0.4,2
146.0,78.0,-48.0,0.38286223895192706,0.4,2
146.0,80.0,-58.0,0.38286223895192706,0.4,2
146.0,80.0,-56.0,0.38286223895192706,0.4,2
146.0,80.0,-54.0,0.38286223895192706,0.4,2
146.0,80.0,-52.0,0.38286223895192706,0.4,2
146.0,80.0,-50.0,0.38286223895192706,0.4,2
146.0,80.0,-48.0,0.38286223895192706,0.4,2
146.0,82.0,-58.0,0.38286223895192706,0.4,2
146.0,82.0,-56.0,0.38286223895192706,0.4,2
146.0,82.0,-54.0,0.38286223895192706,0.4,2
146.0,82.0,-52.0,0.38286223895192706,0.4,2
146.0,82.0,-50.0,0.38286223895192706,0.4,2
146.0,82.0,-48.0,0.38286223895192706,0.4,2
148.0,74.0,-58.0,0.38286223895192706,0.4,2
148.0,74.0,-56.0,0.38286223895192706,0.4,2
148.0,74.0,-54.0,0.38286223895192706,0.4,2
148.0,74.0,-52.0,0.38286223895192706,0.4,2
148.0,74.0,-50.0,0.38286223895192706,0.4,2
148.0,76.0,-58.0,0.38286223895192706,0.4,2
148.0,76.0,-56.0,0.38286223895192706,0.4,2
148.0,76.0,-54.0,0.38286223895192706,0.4,2
148.0,76.0,-52.0,0.38286223895192706,0.4,2
148.0,76.0,-50.0,0.38286223895192706,0.4,2
148.0,76.0,-48.0,0.38286223895192706,0.4,2
148.0,78.0,-58.0,0.38286223895192706,0.4,2
148.0,78.0,-56.0,0.38286223895192706,0.4,2
148.0,78.0,-54.0,0.38286223895192706,0.4,2
148.0,78.0,-52.0,0.38286223895192706,0.4,2
148.0,78.0,-50.0,0.38286223895192706,0.4,2
148.0,78.0,-48.0,0.38286223895192706,0.4,2
148.0,80.0,-58.0,0.38286223895192706,0.4,2
148.0,80.0,-56.0,0.38286223895192706,0.4,2
148.0,80.0,-54.0,0.38286223895192706,0.4,2
148.0,80.0,-52.0,0.38286223895192706,0.4,2
148.0,80.0,-50.0,0.38286223895192706,0.4,2
148.0,80.0,-48.0,0.38286223895192706,0.4,2
148.0,82.0,-58.0,0.38286223895192706,0.4,2
148.0,82.0,-56.0,0.38286223895192706,0.4,2
148.0,82.0,-54.0,0.38286223895192706,0.4,2
148.0,82.0,-52.0,0.38286223895192706,0.4,2
148.0,82.0,-50.0,0.38286223895192706,0.4,2
148.0,82.0,-48.0,0.38286223895192706,0.4,2
150.0,74.0,-58.0,0.38286223895192706,0.4,2
150.0,74.0,-56.0,0.38286223895192706,0.4,2
150.0,74.0,-54.0,0.38286223895192706,0.4,2
150.0,74.0,-52.0,0.38286223895192706,0.4,2
150.0,74.0,-50.0,0.38286223895192706,0.4,2
150.0,76.0,-58.0,0.38286223895192706,0.4,2
150.0,76.0,-56.0,0.38286223895192706,0.4,2
150.0,76.0,-54.0,0.38286223895192706,0.4,2
150.0,76.0,-52.0,0.38286223895192706,0.4,2
150.0,76.0,-50.0,0.38286223895192706,0.4,2
150.0,76.0,-48.0,0.38286223895192706,0.4,2
150.0,78.0,-58.0,0.38286223895192706,0.4,2
150.0,78.0,-56.0,0.38286223895192706,0.4,2
150.0,78.0,-54.0,0.38286223895192706,0.4,2
150.0,78.0,-52.0,0.38286223895192706,0.4,2
150.0,78.0,-50.0,0.38286223895192706,0.4,2
150.0,78.0,-48.0,0.38286223895192706,0.4,2
150.0,80.0,-58.0,0.38286223895192706,0.4,2
150.0,80.0,-56.0,0.38286223895192706,0.4,2
150.0,80.0,-54.0,0.38286223895192706,0.4,2
150.0,80.0,-52.0,0.38286223895192706,0.4,2
150.0,80.0,-50.0,0.38286223895192706,0.4,2
150.0,80.0,-48.0,0.38286223895192706,0.4,2
150.0,82.0,-58.0,0.38286223895192706,0.4,2
150.0,82.0,-56.0,0.38286223895192706,0.4,2
150.0,82.0,-54.0,0.38286223895192706,0.4,2
150.0,82.0,-52.0,0.38286223895192706,0.4,2
150.0,82.0,-50.0,0.38286223895192706,0.4,2
150.0,82.0,-48.0,0.38286223895192706,0.4,2
152.0,74.0,-58.0,0.38286223895192706,0.4,2
152.0,74.0,-56.0,0.38286223895192706,0.4,2
152.0,74.0,-54.0,0.38286223895192706,0.4,2
152.0,74.0,-52.0,0.38286223895192706,0.4,2
152.0,74.0,-50.0,0.38286223895192706,0.4,2
152.0,76.0,-58.0,0.38286223895192706,0.4,2
152.0,76.0,-56.0,0.38286223895192706,0.4,2
152.0,76.0,-54.0,0.38286223895192706,0.4,2
152.0,76.0,-52.0,0.38286223895192706,0.4,2
152.0,76.0,-50.0,0.38286223895192706,0.4,2
152.0,76.0,-48.0,0.38286223895192706,0.4,2
152.0,78.0,-58.0,0.38286223895192706,0.4,2
152.0,78.0,-56.0,0.38286223895192706,0.4,2
152.0,78.0,-54.0,0.38286223895192706,0.4,2
152.0,78.0,-52.0,0.38286223895192706,0.4,2
152.0,78.0,-50.0,0.38286223895192706,0.4,2
152.0,78.0,-48.0,0.38286223895192706,0.4,2
152.0,80.0,-58.0,0.38286223895192706,0.4,2
152.0,80.0,-56.0,0.38286223895192706,0.4,2
152.0,80.0,-54.0,0.38286223895192706,0.4,2
152.0,80.0,-52.0,0.38286223895192706,0.4,2
152.0,80.0,-50.0,0.38286223895192706,0.4,2
152.0,80.0,-48.0,0.38286223895192706,0.4,2
152.0,82.0,-58.0,0.38286223895192706,0.4,2
152.0,82.0,-56.0,0.38286223895192706,0.4,2
152.0,82.0,-54.0,0.38286223895192706,0.4,2
152.0,82.0,-52.0,0.38286223895192706,0.4,2
152.0,82.0,-50.0,0.38286223895192706,0.4,2
152.0,82.0,-48.0,0.38286223895192706,0.4,2
144.0,84.0,-58.0,0.38286223895192706,0.4,2
144.0,84.0,-56.0,0.38286223895192706,0.4,2
144.0,84.0,-54.0,0.38286223895192706,0.4,2
144.0,84.0,-52.0,0.38286223895192706,0.4,2
144.0,84.0,-50.0,0.38286223895192706,0.4,2
144.0,84.0,-48.0,0.38286223895192706,0.4,2
144.0,84.0,-46.0,0.38286223895192706,0.4,2
144.0,86.0,-58.0,0.38286223895192706,0.4,2
144.0,86.0,-56.0,0.38286223895192706,0.4,2
144.0,86.0,-54.0,0.38286223895192706,0.4,2
144.0,86.0,-52.0,0.38286223895192706,0.4,2
144.0,86.0,-50.0,0.38286223895192706,0.4,2
144.0,86.0,-48.0,0.38286223895192706,0.4,2
144.0,86.0,-46.0,0.38286223895192706,0.4,2
144.0,88.0,-58.0,0.38286223895192706,0.4,2
144.0,88.0,-56.0,0.38286223895192706,0.4,2
144.0,88.0,-54.0,0.38286223895192706,0.4,2
144.0,88.0,-52.0,0.38286223895192706,0.4,2
144.0,88.0,-50.0,0.38286223895192706,0.4,2
144.0,88.0,-48.0,0.38286223895192706,0.4,2
144.0,88.0,-46.0,0.38286223895192706,0.4,2
144.0,90.0,-58.0,0.38286223895192706,0.4,2
144.0,90.0,-56.0,0.38286223895192706,0.4,2
144.0,90.0,-54.0,0.38286223895192706,0.4,2
144.0,90.0,-52.0,0.38286223895192706,0.4,2
144.0,90.0,-50.0,0.38286223895192706,0.4,2
144.0,90.0,-48.0,0.38286223895192706,0.4,2
144.0,90.0,-46.0,0.38286223895192706,0.4,2
146.0,84.0,-58.0,0.38286223895192706,0.4,2
146.0,84.0,-56.0,0.38286223895192706,0.4,2
146.0,84.0,-54.0,0.38286223895192706,0.4,2
146.0,84.0,-52.0,0.38286223895192706,0.4,2
146.0,84.0,-50.0,0.38286223895192706,0.4,2
146.0,84.0,-48.0,0.38286223895192706,0.4,2
146.0,84.0,-46.0,0.38286223895192706,0.4,2
146.0,86.0,-58.0,0.38286223895192706,0.4,2
146.0,86.0,-56.0,0.38286223895192706,0.4,2
146.0,86.0,-54.0,0.38286223895192706,0.4,2
146.0,86.0,-52.0,0.38286223895192706,0.4,2
146.0,86.0,-50.0,0.38286223895192706,0.4,2
146.0,86.0,-48.0,0.38286223895192706,0.4,2
146.0,86.0,-46.0,0.38286223895192706,0.4,2
146.0,88.0,-58.0,0.38286223895192706,0.4,2
146.0,88.0,-56.0,0.38286223895192706,0.4,2
146.0,88.0,-54.0,0.38286223895192706,0.4,2
146.0,88.0,-52.0,0.38286223895192706,0.4,2
146.0,88.0,-50.0,0.38286223895192706,0.4,2
146.0,88.0,-48.0,0.38286223895192706,0.4,2
146.0,88.0,-46.0,0.38286223895192706,0.4,2
146.0,90.0,-58.0,0.38286223895192706,0.4,2
146.0,90.0,-56.0,0.38286223895192706,0.4,2
146.0,90.0,-54.0,0.38286223895192706,0.4,2
146.0,90.0,-52.0,0.38286223895192706,0.4,2
146.0,90.0,-50.0,0.38286223895192706,0.4,2
146.0,90.0,-48.0,0.38286223895192706,0.4,2
146.0,90.0,-46.0,0.38286223895192706,0.4,2
148.0,84.0,-58.0,0.38286223895192706,0.4,2
148.0,84.0,-56.0,0.38286223895192706,0.4,2
148.0,84.0,-54.0,0.38286223895192706,0.4,2
148.0,84.0,-52.0,0.38286223895192706,0.4,2
148.0,84.0,-50.0,0.38286223895192706,0.4,2
148.0,84.0,-48.0,0.38286223895192706,0.4,2
148.0,86.0,-58.0,0.38286223895192706,0.4,2
148.0,86.0,-56.0,0.38286223895192706,0.4,2
148.0,86.0,-54.0,0.38286223895192706,0.4,2
148.0,86.0,-52.0,0.38286223895192706,0.4,2
148.0,86.0,-50.0,0.38286223895192706,0.4,2
148.0,86.0,-48.0,0.38286223895192706,0.4,2
148.0,86.0,-46.0,0.38286223895192706,0.4,2
148.0,88.0,-58.0,0.38286223895192706,0.4,2
148.0,88.0,-56.0,0.38286223895192706,0.4,2
148.0,88.0,-54.0,0.38286223895192706,0.4,2
148.0,88.0,-52.0,0.38286223895192706,0.4,2
148.0,88.0,-50.0,0.38286223895192706,0.4,2
148.0,88.0,-48.0,0.38286223895192706,0.4,2
148.0,88.0,-46.0,0.38286223895192706,0.4,2
148.0,90.0,-58.0,0.38286223895192706,0.4,2
148.0,90.0,-56.0,0.38286223895192706,0.4,2
148.0,90.0,-54.0,0.38286223895192706,0.4,2
148.0,90.0,-52.0,0.38286223895192706,0.4,2
148.0,90.0,-50.0,0.38286223895192706,0.4,2
148.0,90.0,-48.0,0.38286223895192706,0.4,2
148.0,90.0,-46.0,0.38286223895192706,0.4,2
150.0,84.0,-58.0,0.38286223895192706,0.4,2
150.0,84.0,-56.0,0.38286223895192706,0.4,2
150.0,84.0,-54.0,0.38286223895192706,0.4,2
150.0,84.0,-52.0,0.38286223895192706,0.4,2
150.0,84.0,-50.0,0.38286223895192706,0.4,2
150.0,84.0,-48.0,0.38286223895192706,0.4,2
150.0,86.0,-58.0,0.38286223895192706,0.4,2
150.0,86.0,-56.0,0.38286223895192706,0.4,2
150.0,86.0,-54.0,0.38286223895192706,0.4,2
150.0,86.0,-52.0,0.38286223895192706,0.4,2
150.0,86.0,-50.0,0.38286223895192706,0.4,2
150.0,86.0,-48.0,0.38286223895192706,0.4,2
150.0,86.0,-46.0,0.38286223895192706,0.4,2
150.0,88.0,-58.0,0.38286223895192706,0.4,2
150.0,88.0,-56.0,0.38286223895192706,0.4,2
150.0,88.0,-54.0,0.38286223895192706,0.4,2
150.0,88.0,-52.0,0.38286223895192706,0.4,2
150.0,88.0,-50.0,0.38286223895192706,0.4,2
150.0,88.0,-48.0,0.38286223895192706,0.4,2
150.0,88.0,-46.0,0.38286223895192706,0.4,2
150.0,90.0,-58.0,0.38286223895192706,0.4,2
150.0,90.0,-56.0,0.38286223895192706,0.4,2
150.0,90.0,-54.0,0.38286223895192706,0.4,2
150.0,90.0,-52.0,0.38286223895192706,0.4,2
150.0,90.0,-50.0,0.38286223895192706,0.4,2
150.0,90.0,-48.0,0.38286223895192706,0.4,2
150.0,90.0,-46.0,0.38286223895192706,0.4,2
152.0,84.0,-58.0,0.38286223895192706,0.4,2
152.0,84.0,-56.0,0.38286223895192706,0.4,2
152.0,84.0,-54.0,0.38286223895192706,0.4,2
152.0,84.0,-52.0,0.38286223895192706,0.4,2
152.0,84.0,-50.0,0.38286223895192706,0.4,2
152.0,84.0,-48.0,0.38286223895192706,0.4,2
152.0,86.0,-58.0,0.38286223895192706,0.4,2
152.0,86.0,-56.0,0.38286223895192706,0.4,2
152.0,86.0,-54.0,0.38286223895192706,0.4,2
152.0,86.0,-52.0,0.38286223895192706,0.4,2
152.0,86.0,-50.0,0.38286223895192706,0.4,2
152.0,86.0,-48.0,0.38286223895192706,0.4,2
152.0,88.0,-58.0,0.38286223895192706,0.4,2
152.0,88.0,-56.0,0.38286223895192706,0.4,2
152.0,88.0,-54.0,0.38286223895192706,0.4,2
152.0,88.0,-52.0,0.38286223895192706,0.4,2
152.0,88.0,-50.0,0.38286223895192706,0.4,2
152.0,88.0,-48.0,0.38286223895192706,0.4,2
152.0,88.0,-46.0,0.38286223895192706,0.4,2
152.0,90.0,-58.0,0.38286223895192706,0.4,2
152.0,90.0,-56.0,0.38286223895192706,0.4,2
152.0,90.0,-54.0,0.38286223895192706,0.4,2
152.0,90.0,-52.0,0.38286223895192706,0.4,2
152.0,90.0,-50.0,0.38286223895192706,0.4,2
152.0,90.0,-48.0,0.38286223895192706,0.4,2
152.0,90.0,-46.0,0.38286223895192706,0.4,2
158.0,72.0,-48.0,0.38286223895192706,0.4,2
160.0,70.0,-48.0,0.38286223895192706,0.4,2
160.0,72.0,-48.0,0.38286223895192706,0.4,2
162.0,70.0,-48.0,0.38286223895192706,0.4,2
162.0,72.0,-48.0,0.38286223895192706,0.4,2
154.0,74.0,-48.0,0.38286223895192706,0.4,2
154.0,76.0,-48.0,0.38286223895192706,0.4,2
154.0,78.0,-48.0,0.38286223895192706,0.4,2
154.0,80.0,-48.0,0.38286223895192706,0.4,2
154.0,82.0,-48.0,0.38286223895192706,0.4,2
156.0,74.0,-48.0,0.38286223895192706,0.4,2
156.0,76.0,-48.0,0.38286223895192706,0.4,2
156.0,78.0,-48.0,0.38286223895192706,0.4,2
156.0,80.0,-48.0,0.38286223895192706,0.4,2
156.0,82.0,-48.0,0.38286223895192706,0.4,2
158.0,74.0,-48.0,0.38286223895192706,0.4,2
158.0,76.0,-48.0,0.38286223895192706,0.4,2
158.0,78.0,-48.0,0.38286223895192706,0.4,2
158.0,80.0,-48.0,0.38286223895192706,0.4,2
158.0,82.0,-48.0,0.38286223895192706,0.4,2
160.0,74.0,-48.0,0.38286223895192706,0.4,2
160.0,76.0,-48.0,0.38286223895192706,0.4,2
160.0,78.0,-48.0,0.38286223895192706,0.4,2
160.0,80.0,-48.0,0.38286223895192706,0.4,2
160.0,82.0,-48.0,0.38286223895192706,0.4,2
162.0,74.0,-48.0,0.38286223895192706,0.4,2
162.0,76.0,-48.0,0.38286223895192706,0.4,2
162.0,78.0,-48.0,0.38286223895192706,0.4,2
162.0,80.0,-48.0,0.38286223895192706,0.4,2
162.0,82.0,-48.0,0.38286223895192706,0.4,2
154.0,84.0,-48.0,0.38286223895192706,0.4,2
154.0,86.0,-48.0,0.38286223895192706,0.4,2
154.0,88.0,-48.0,0.38286223895192706,0.4,2
154.0,88.0,-46.0,0.38286223895192706,0.4,2
154.0,90.0,-48.0,0.38286223895192706,0.4,2
154.0,90.0,-46.0,0.38286223895192706,0.4,2
156.0,84.0,-48.0,0.38286223895192706,0.4,2
156.0,86.0,-48.0,0.38286223895192706,0.4,2
156.0,88.0,-48.0,0.38286223895192706,0.4,2
156.0,88.0,-46.0,0.38286223895192706,0.4,2
156.0,90.0,-48.0,0.38286223895192706,0.4,2
156.0,90.0,-46.0,0.38286223895192706,0.4,2
158.0,84.0,-48.0,0.38286223895192706,0.4,2
158.0,86.0,-48.0,0.38286223895192706,0.4,2
158.0,88.0,-48.0,0.38286223895192706,0.4,2
158.0,88.0,-46.0,0.38286223895192706,0.4,2
158.0,90.0,-48.0,0.38286223895192706,0.4,2
158.0,90.0,-46.0,0.38286223895192706,0.4,2
160.0,84.0,-48.0,0.38286223895192706,0.4,2
160.0,86.0,-48.0,0.38286223895192706,0.4,2
160.0,88.0,-48.0,0.38286223895192706,0.4,2
160.0,88.0,-46.0,0.38286223895192706,0.4,2
160.0,90.0,-48.0,0.38286223895192706,0.4,2
160.0,90.0,-46.0,0.38286223895192706,0.4,2
162.0,84.0,-48.0,0.38286223895192706,0.4,2
162.0,84.0,-46.0,0.38286223895192706,0.4,2
162.0,86.0,-48.0,0.38286223895192706,0.4,2
162.0,86.0,-46.0,0.38286223895192706,0.4,2
162.0,88.0,-48.0,0.38286223895192706,0.4,2
162.0,88.0,-46.0,0.38286223895192706,0.4,2
162.0,90.0,-44.0,0.38286223895192706,0.4,2
162.0,90.0,-42.0,0.38286223895192706,0.4,2
162.0,90.0,-40.0,0.38286223895192706,0.4,2
162.0,90.0,-38.0,0.38286223895192706,0.4,2
162.0,90.0,-36.0,0.38286223895192706,0.4,2
142.0,48.0,-40.0,0.4673575946398444,0.6,3
142.0,48.0,-38.0,0.4673575946398444,0.6,3
144.0,48.0,-38.0,0.4673575946398444,0.6,3
144.0,48.0,-36.0,0.4673575946398444,0.6,3
144.0,48.0,-34.0,0.4673575946398444,0.6,3
144.0,50.0,-38.0,0.4673575946398444,0.6,3
146.0,48.0,-38.0,0.4673575946398444,0.6,3
146.0,48.0,-36.0,0.4673575946398444,0.6,3
146.0,48.0,-34.0,0.4673575946398444,0.6,3
146.0,48.0,-32.0,0.4673575946398444,0.6,3
146.0,50.0,-38.0,0.4673575946398444,0.6,3
146.0,50.0,-36.0,0.4673575946398444,0.6,3
146.0,50.0,-34.0,0.4673575946398444,0.6,3
146.0,50.0,-32.0,0.4673575946398444,0.6,3
148.0,48.0,-36.0,0.4673575946398444,0.6,3
148.0,48.0,-34.0,0.4673575946398444,0.6,3
148.0,48.0,-32.0,0.4673575946398444,0.6,3
150.0,48.0,-36.0,0.4673575946398444,0.6,3
150.0,48.0,-34.0,0.4673575946398444,0.6,3
150.0,48.0,-32.0,0.4673575946398444,0.6,3
152.0,48.0,-34.0,0.4673575946398444,0.6,3
152.0,48.0,-32.0,0.4673575946398444,0.6,3
146.0,48.0,-30.0,0.4673575946398444,0.6,3
146.0,48.0,-28.0,0.4673575946398444,0.6,3
148.0,48.0,-30.0,0.4673575946398444,0.6,3
148.0,48.0,-28.0,0.4673575946398444,0.6,3
148.0,48.0,-26.0,0.4673575946398444,0.6,3
148.0,48.0,-24.0,0.4673575946398444,0.6,3
150.0,48.0,-30.0,0.4673575946398444,0.6,3
150.0,48.0,-28.0,0.4673575946398444,0.6,3
150.0,48.0,-26.0,0.4673575946398444,0.6,3
150.0,48.0,-24.0,0.4673575946398444,0.6,3
150.0,50.0,-22.0,0.4673575946398444,0.6,3
150.0,50.0,-20.0,0.4673575946398444,0.6,3
150.0,50.0,-18.0,0.4673575946398444,0.6,3
150.0,52.0,-22.0,0.4673575946398444,0.6,3
150.0,52.0,-20.0,0.4673575946398444,0.6,3
152.0,48.0,-30.0,0.4673575946398444,0.6,3
152.0,48.0,-28.0,0.4673575946398444,0.6,3
152.0,48.0,-26.0,0.4673575946398444,0.6,3
152.0,48.0,-24.0,0.4673575946398444,0.6,3
152.0,48.0,-22.0,0.4673575946398444,0.6,3
152.0,50.0,-20.0,0.4673575946398444,0.6,3
152.0,50.0,-18.0,0.4673575946398444,0.6,3
152.0,50.0,-16.0,0.4673575946398444,0.6,3
152.0,50.0,-14.0,0.4673575946398444,0.6,3
152.0,50.0,-12.0,0.4673575946398444,0.6,3
152.0,52.0,-20.0,0.4673575946398444,0.6,3
152.0,52.0,-18.0,0.4673575946398444,0.6,3
152.0,52.0,-16.0,0.4673575946398444,0.6,3
152.0,52.0,-14.0,0.4673575946398444,0.6,3
152.0,52.0,-12.0,0.4673575946398444,0.6,3
152.0,54.0,-20.0,0.4673575946398444,0.6,3
152.0,54.0,-18.0,0.4673575946398444,0.6,3
152.0,54.0,-16.0,0.4673575946398444,0.6,3
152.0,54.0,-14.0,0.4673575946398444,0.6,3
152.0,56.0,-20.0,0.4673575946398444,0.6,3
152.0,56.0,-18.0,0.4673575946398444,0.6,3
152.0,56.0,-16.0,0.4673575946398444,0.6,3
154.0,48.0,-18.0,0.4673575946398444,0.6,3
154.0,48.0,-16.0,0.4673575946398444,0.6,3
154.0,48.0,-14.0,0.4673575946398444,0.6,3
154.0,48.0,-12.0,0.4673575946398444,0.6,3
154.0,50.0,-18.0,0.4673575946398444,0.6,3
154.0,50.0,-16.0,0.4673575946398444,0.6,3
154.0,50.0,-14.0,0.4673575946398444,0.6,3
154.0,50.0,-12.0,0.4673575946398444,0.6,3
154.0,52.0,-18.0,0.4673575946398444,0.6,3
154.0,52.0,-16.0,0.4673575946398444,0.6,3
154.0,52.0,-14.0,0.4673575946398444,0.6,3
154.0,52.0,-12.0,0.4673575946398444,0.6,3
154.0,54.0,-18.0,0.4673575946398444,0.6,3
154.0,54.0,-16.0,0.4673575946398444,0.6,3
154.0,54.0,-14.0,0.4673575946398444,0.6,3
154.0,54.0,-12.0,0.4673575946398444,0.6,3
154.0,56.0,-18.0,0.4673575946398444,0.6,3
154.0,56.0,-16.0,0.4673575946398444,0.6,3
154.0,56.0,-14.0,0.4673575946398444,0.6,3
154.0,56.0,-12.0,0.4673575946398444,0.6,3
156.0,48.0,-18.0,0.4673575946398444,0.6,3
156.0,48.0,-16.0,0.4673575946398444,0.6,3
156.0,48.0,-14.0,0.4673575946398444,0.6,3
156.0,48.0,-12.0,0.4673575946398444,0.6,3
156.0,50.0,-18.0,0.4673575946398444,0.6,3
156.0,50.0,-16.0,0.4673575946398444,0.6,3
156.0,50.0,-14.0,0.4673575946398444,0.6,3
156.0,50.0,-12.0,0.4673575946398444,0.6,3
156.0,52.0,-18.0,0.4673575946398444,0.6,3
156.0,52.0,-16.0,0.4673575946398444,0.6,3
156.0,52.0,-14.0,0.4673575946398444,0.6,3
156.0,52.0,-12.0,0.4673575946398444,0.6,3
156.0,54.0,-18.0,0.4673575946398444,0.6,3
156.0,54.0,-16.0,0.4673575946398444,0.6,3
156.0,54.0,-14.0,0.4673575946398444,0.6,3
156.0,54.0,-12.0,0.4673575946398444,0.6,3
158.0,48.0,-16.0,0.4673575946398444,0.6,3
158.0,48.0,-14.0,0.4673575946398444,0.6,3
158.0,48.0,-12.0,0.4673575946398444,0.6,3
158.0,50.0,-16.0,0.4673575946398444,0.6,3
158.0,50.0,-14.0,0.4673575946398444,0.6,3
158.0,50.0,-12.0,0.4673575946398444,0.6,3
158.0,52.0,-16.0,0.4673575946398444,0.6,3
158.0,52.0,-14.0,0.4673575946398444,0.6,3
158.0,52.0,-12.0,0.4673575946398444,0.6,3
158.0,54.0,-16.0,0.4673575946398444,0.6,3
158.0,54.0,-14.0,0.4673575946398444,0.6,3
158.0,54.0,-12.0,0.4673575946398444,0.6,3
160.0,48.0,-14.0,0.4673575946398444,0.6,3
160.0,48.0,-12.0,0.4673575946398444,0.6,3
160.0,50.0,-14.0,0.4673575946398444,0.6,3
160.0,50.0,-12.0,0.4673575946398444,0.6,3
160.0,52.0,-14.0,0.4673575946398444,0.6,3
160.0,52.0,-12.0,0.4673575946398444,0.6,3
162.0,48.0,-14.0,0.4673575946398444,0.6,3
162.0,48.0,-12.0,0.4673575946398444,0.6,3
162.0,50.0,-14.0,0.4673575946398444,0.6,3
162.0,50.0,-12.0,0.4673575946398444,0.6,3
162.0,52.0,-14.0,0.4673575946398444,0.6,3
162.0,52.0,-12.0,0.4673575946398444,0.6,3
118.0,84.0,-40.0,0.4751203369851058,0.6,3
118.0,86.0,-42.0,0.4751203369851058,0.6,3
118.0,86.0,-40.0,0.4751203369851058,0.6,3
138.0,54.0,-68.0,0.5595792439761443,0.4,2
138.0,54.0,-66.0,0.5595792439761443,0.4,2
138.0,54.0,-64.0,0.5595792439761443,0.4,2
138.0,54.0,-62.0,0.5595792439761443,0.4,2
138.0,56.0,-68.0,0.5595792439761443,0.4,2
140.0,54.0,-68.0,0.5595792439761443,0.4,2
140.0,54.0,-66.0,0.5595792439761443,0.4,2
140.0,54.0,-64.0,0.5595792439761443,0.4,2
140.0,54.0,-62.0,0.5595792439761443,0.4,2
140.0,54.0,-60.0,0.5595792439761443,0.4,2
140.0,56.0,-68.0,0.5595792439761443,0.4,2
140.0,56.0,-66.0,0.5595792439761443,0.4,2
142.0,52.0,-68.0,0.5595792439761443,0.4,2
142.0,52.0,-66.0,0.5595792439761443,0.4,2
142.0,52.0,-64.0,0.5595792439761443,0.4,2
142.0,52.0,-62.0,0.5595792439761443,0.4,2
142.0,52.0,-60.0,0.5595792439761443,0.4,2
142.0,54.0,-68.0,0.5595792439761443,0.4,2
142.0,54.0,-66.0,0.5595792439761443,0.4,2
142.0,54.0,-64.0,0.5595792439761443,0.4,2
142.0,54.0,-62.0,0.5595792439761443,0.4,2
142.0,54.0,-60.0,0.5595792439761443,0.4,2
142.0,54.0,-58.0,0.5595792439761443,0.4,2
142.0,56.0,-68.0,0.5595792439761443,0.4,2
142.0,56.0,-66.0,0.5595792439761443,0.4,2
142.0,56.0,-64.0,0.5595792439761443,0.4,2
142.0,56.0,-62.0,0.5595792439761443,0.4,2
142.0,56.0,-60.0,0.5595792439761443,0.4,2
144.0,52.0,-68.0,0.5595792439761443,0.4,2
144.0,52.0,-66.0,0.5595792439761443,0.4,2
144.0,52.0,-64.0,0.5595792439761443,0.4,2
144.0,52.0,-62.0,0.5595792439761443,0.4,2
144.0,52.0,-60.0,0.5595792439761443,0.4,2
144.0,54.0,-68.0,0.5595792439761443,0.4,2
144.0,54.0,-66.0,0.5595792439761443,0.4,2
144.0,54.0,-64.0,0.5595792439761443,0.4,2
144.0,54.0,-62.0,0.5595792439761443,0.4,2
144.0,54.0,-60.0,0.5595792439761443,0.4,2
144.0,54.0,-58.0,0.5595792439761443,0.4,2
144.0,56.0,-68.0,0.5595792439761443,0.4,2
144.0,56.0,-66.0,0.5595792439761443,0.4,2
144.0,56.0,-64.0,0.5595792439761443,0.4,2
144.0,56.0,-62.0,0.5595792439761443,0.4,2
144.0,56.0,-60.0,0.5595792439761443,0.4,2
144.0,56.0,-58.0,0.5595792439761443,0.4,2
144.0,58.0,-68.0,0.5595792439761443,0.4,2
144.0,58.0,-66.0,0.5595792439761443,0.4,2
144.0,58.0,-64.0,0.5595792439761443,0.4,2
146.0,52.0,-68.0,0.5595792439761443,0.4,2
146.0,52.0,-66.0,0.5595792439761443,0.4,2
146.0,52.0,-64.0,0.5595792439761443,0.4,2
146.0,52.0,-62.0,0.5595792439761443,0.4,2
146.0,52.0,-60.0,0.5595792439761443,0.4,2
146.0,52.0,-58.0,0.5595792439761443,0.4,2
146.0,54.0,-68.0,0.5595792439761443,0.4,2
146.0,54.0,-66.0,0.5595792439761443,0.4,2
146.0,54.0,-64.0,0.5595792439761443,0.4,2
146.0,54.0,-62.0,0.5595792439761443,0.4,2
146.0,54.0,-60.0,0.5595792439761443,0.4,2
146.0,54.0,-58.0,0.5595792439761443,0.4,2
146.0,56.0,-68.0,0.5595792439761443,0.4,2
146.0,56.0,-66.0,0.5595792439761443,0.4,2
146.0,56.0,-64.0,0.5595792439761443,0.4,2
146.0,56.0,-62.0,0.5595792439761443,0.4,2
146.0,56.0,-60.0,0.5595792439761443,0.4,2
146.0,56.0,-58.0,0.5595792439761443,0.4,2
146.0,56.0,-56.0,0.5595792439761443,0.4,2
146.0,58.0,-68.0,0.5595792439761443,0.4,2
146.0,58.0,-66.0,0.5595792439761443,0.4,2
146.0,58.0,-64.0,0.5595792439761443,0.4,2
146.0,58.0,-62.0,0.5595792439761443,0.4,2
146.0,58.0,-60.0,0.5595792439761443,0.4,2
146.0,58.0,-58.0,0.5595792439761443,0.4,2
148.0,50.0,-68.0,0.5595792439761443,0.4,2
148.0,50.0,-66.0,0.5595792439761443,0.4,2
148.0,50.0,-64.0,0.5595792439761443,0.4,2
148.0,50.0,-62.0,0.5595792439761443,0.4,2
148.0,50.0,-60.0,0.5595792439761443,0.4,2
148.0,52.0,-68.0,0.5595792439761443,0.4,2
148.0,52.0,-66.0,0.5595792439761443,0.4,2
148.0,52.0,-64.0,0.5595792439761443,0.4,2
148.0,52.0,-62.0,0.5595792439761443,0.4,2
148.0,52.0,-60.0,0.5595792439761443,0.4,2
148.0,52.0,-58.0,0.5595792439761443,0.4,2
148.0,54.0,-68.0,0.5595792439761443,0.4,2
148.0,54.0,-66.0,0.5595792439761443,0.4,2
148.0,54.0,-64.0,0.5595792439761443,0.4,2
148.0,54.0,-62.0,0.5595792439761443,0.4,2
148.0,54.0,-60.0,0.5595792439761443,0.4,2
148.0,54.0,-58.0,0.5595792439761443,0.4,2
148.0,56.0,-68.0,0.5595792439761443,0.4,2
148.0,56.0,-66.0,0.5595792439761443,0.4,2
148.0,56.0,-64.0,0.5595792439761443,0.4,2
148.0,56.0,-62.0,0.5595792439761443,0.4,2
148.0,56.0,-60.0,0.5595792439761443,0.4,2
148.0,56.0,-58.0,0.5595792439761443,0.4,2
148.0,56.0,-56.0,0.5595792439761443,0.4,2
148.0,58.0,-68.0,0.5595792439761443,0.4,2
148.0,58.0,-66.0,0.5595792439761443,0.4,2
148.0,58.0,-64.0,0.5595792439761443,0.4,2
148.0,58.0,-62.0,0.5595792439761443,0.4,2
148.0,58.0,-60.0,0.5595792439761443,0.4,2
148.0,58.0,-58.0,0.5595792439761443,0.4,2
148.0,58.0,-56.0,0.5595792439761443,0.4,2
148.0,60.0,-68.0,0.5595792439761443,0.4,2
148.0,60.0,-66.0,0.5595792439761443,0.4,2
148.0,60.0,-64.0,0.5595792439761443,0.4,2
150.0,50.0,-68.0,0.5595792439761443,0.4,2
150.0,50.0,-66.0,0.5595792439761443,0.4,2
150.0,50.0,-64.0,0.5595792439761443,0.4,2
150.0,50.0,-62.0,0.5595792439761443,0.4,2
150.0,50.0,-60.0,0.5595792439761443,0.4,2
150.0,50.0,-58.0,0.5595792439761443,0.4,2
150.0,52.0,-68.0,0.5595792439761443,0.4,2
150.0,52.0,-66.0,0.5595792439761443,0.4,2
150.0,52.0,-64.0,0.5595792439761443,0.4,2
150.0,52.0,-62.0,0.5595792439761443,0.4,2
150.0,52.0,-60.0,0.5595792439761443,0.4,2
150.0,52.0,-58.0,0.5595792439761443,0.4,2
150.0,54.0,-68.0,0.5595792439761443,0.4,2
150.0,54.0,-66.0,0.5595792439761443,0.4,2
150.0,54.0,-64.0,0.5595792439761443,0.4,2
150.0,54.0,-62.0,0.5595792439761443,0.4,2
150.0,54.0,-60.0,0.5595792439761443,0.4,2
150.0,54.0,-58.0,0.5595792439761443,0.4,2
150.0,54.0,-56.0,0.5595792439761443,0.4,2
150.0,56.0,-68.0,0.5595792439761443,0.4,2
150.0,56.0,-66.0,0.5595792439761443,0.4,2
150.0,56.0,-64.0,0.5595792439761443,0.4,2
150.0,56.0,-62.0,0.5595792439761443,0.4,2
150.0,56.0,-60.0,0.5595792439761443,0.4,2
150.0,56.0,-58.0,0.5595792439761443,0.4,2
150.0,56.0,-56.0,0.5595792439761443,0.4,2
150.0,58.0,-68.0,0.5595792439761443,0.4,2
150.0,58.0,-66.0,0.5595792439761443,0.4,2
150.0,58.0,-64.0,0.5595792439761443,0.4,2
150.0,58.0,-62.0,0.5595792439761443,0.4,2
150.0,58.0,-60.0,0.5595792439761443,0.4,2
150.0,58.0,-58.0,0.5595792439761443,0.4,2
150.0,58.0,-56.0,0.5595792439761443,0.4,2
150.0,58.0,-54.0,0.5595792439761443,0.4,2
152.0,50.0,-68.0,0.5595792439761443,0.4,2
152.0,50.0,-66.0,0.5595792439761443,0.4,2
152.0,50.0,-64.0,0.5595792439761443,0.4,2
152.0,50.0,-62.0,0.5595792439761443,0.4,2
152.0,50.0,-60.0,0.5595792439761443,0.4,2
152.0,50.0,-58.0,0.5595792439761443,0.4,2
152.0,52.0,-68.0,0.5595792439761443,0.4,2
152.0,52.0,-66.0,0.5595792439761443,0.4,2
152.0,52.0,-64.0,0.5595792439761443,0.4,2
152.0,52.0,-62.0,0.5595792439761443,0.4,2
152.0,52.0,-60.0,0.5595792439761443,0.4,2
152.0,52.0,-58.0,0.5595792439761443,0.4,2
152.0,52.0,-56.0,0.5595792439761443,0.4,2
152.0,54.0,-68.0,0.5595792439761443,0.4,2
152.0,54.0,-66.0,0.5595792439761443,0.4,2
152.0,54.0,-64.0,0.5595792439761443,0.4,2
152.0,54.0,-62.0,0.5595792439761443,0.4,2
152.0,54.0,-60.0,0.5595792439761443,0.4,2
152.0,54.0,-58.0,0.5595792439761443,0.4,2
152.0,54.0,-56.0,0.5595792439761443,0.4,2
152.0,56.0,-68.0,0.5595792439761443,0.4,2
152.0,56.0,-66.0,0.5595792439761443,0.4,2
152.0,56.0,-64.0,0.5595792439761443,0.4,2
152.0,56.0,-62.0,0.5595792439761443,0.4,2
152.0,56.0,-60.0,0.5595792439761443,0.4,2
152.0,56.0,-58.0,0.5595792439761443,0.4,2
152.0,56.0,-56.0,0.5595792439761443,0.4,2
152.0,56.0,-54.0,0.5595792439761443,0.4,2
126.0,48.0,-68.0,0.6518373420093232,0.6,3
128.0,48.0,-68.0,0.6518373420093232,0.6,3
128.0,50.0,-68.0,0.6518373420093232,0.6,3
130.0,48.0,-68.0,0.6518373420093232,0.6,3
130.0,50.0,-68.0,0.6518373420093232,0.6,3
130.0,50.0,-66.0,0.6518373420093232,0.6,3
132.0,48.0,-68.0,0.6518373420093232,0.6,3
132.0,48.0,-66.0,0.6518373420093232,0.6,3
132.0,50.0,-68.0,0.6518373420093232,0.6,3
132.0,50.0,-66.0,0.6518373420093232,0.6,3
132.0,50.0,-64.0,0.6518373420093232,0.6,3
132.0,52.0,-68.0,0.6518373420093232,0.6,3
134.0,48.0,-68.0,0.6518373420093232,0.6,3
134.0,48.0,-66.0,0.6518373420093232,0.6,3
134.0,50.0,-68.0,0.6518373420093232,0.6,3
134.0,50.0,-66.0,0.6518373420093232,0.6,3
134.0,50.0,-64.0,0.6518373420093232,0.6,3
134.0,52.0,-68.0,0.6518373420093232,0.6,3
134.0,52.0,-66.0,0.6518373420093232,0.6,3
134.0,52.0,-64.0,0.6518373420093232,0.6,3
136.0,48.0,-68.0,0.6518373420093232,0.6,3
136.0,48.0,-66.0,0.6518373420093232,0.6,3
136.0,50.0,-68.0,0.6518373420093232,0.6,3
136.0,50.0,-66.0,0.6518373420093232,0.6,3
136.0,50.0,-64.0,0.6518373420093232,0.6,3
136.0,52.0,-68.0,0.6518373420093232,0.6,3
136.0,52.0,-66.0,0.6518373420093232,0.6,3
136.0,52.0,-64.0,0.6518373420093232,0.6,3
136.0,52.0,-62.0,0.6518373420093232,0.6,3
136.0,54.0,-68.0,0.6518373420093232,0.6,3
136.0,54.0,-66.0,0.6518373420093232,0.6,3
138.0,48.0,-68.0,0.6518373420093232,0.6,3
138.0,48.0,-66.0,0.6518373420093232,0.6,3
138.0,48.0,-64.0,0.6518373420093232,0.6,3
138.0,50.0,-68.0,0.6518373420093232,0.6,3
138.0,50.0,-66.0,0.6518373420093232,0.6,3
138.0,50.0,-64.0,0.6518373420093232,0.6,3
138.0,50.0,-62.0,0.6518373420093232,0.6,3
138.0,52.0,-68.0,0.6518373420093232,0.6,3
138.0,52.0,-66.0,0.6518373420093232,0.6,3
138.0,52.0,-64.0,0.6518373420093232,0.6,3
138.0,52.0,-62.0,0.6518373420093232,0.6,3
140.0,48.0,-68.0,0.6518373420093232,0.6,3
140.0,48.0,-66.0,0.6518373420093232,0.6,3
140.0,48.0,-64.0,0.6518373420093232,0.6,3
140.0,50.0,-68.0,0.6518373420093232,0.6,3
140.0,50.0,-66.0,0.6518373420093232,0.6,3
140.0,50.0,-64.0,0.6518373420093232,0.6,3
140.0,50.0,-62.0,0.6518373420093232,0.6,3
140.0,52.0,-68.0,0.6518373420093232,0.6,3
140.0,52.0,-66.0,0.6518373420093232,0.6,3
140.0,52.0,-64.0,0.6518373420093232,0.6,3
140.0,52.0,-62.0,0.6518373420093232,0.6,3
140.0,52.0,-60.0,0.6518373420093232,0.6,3
142.0,48.0,-68.0,0.6518373420093232,0.6,3
142.0,48.0,-66.0,0.6518373420093232,0.6,3
142.0,48.0,-64.0,0.6518373420093232,0.6,3
142.0,48.0,-62.0,0.6518373420093232,0.6,3
142.0,50.0,-68.0,0.6518373420093232,0.6,3
142.0,50.0,-66.0,0.6518373420093232,0.6,3
142.0,50.0,-64.0,0.6518373420093232,0.6,3
142.0,50.0,-62.0,0.6518373420093232,0.6,3
144.0,48.0,-68.0,0.6518373420093232,0.6,3
144.0,48.0,-66.0,0.6518373420093232,0.6,3
144.0,48.0,-64.0,0.6518373420093232,0.6,3
144.0,48.0,-62.0,0.6518373420093232,0.6,3
144.0,50.0,-68.0,0.6518373420093232,0.6,3
144.0,50.0,-66.0,0.6518373420093232,0.6,3
144.0,50.0,-64.0,0.6518373420093232,0.6,3
144.0,50.0,-62.0,0.6518373420093232,0.6,3
144.0,50.0,-60.0,0.6518373420093232,0.6,3
146.0,48.0,-68.0,0.6518373420093232,0.6,3
146.0,48.0,-66.0,0.6518373420093232,0.6,3
146.0,48.0,-64.0,0.6518373420093232,0.6,3
146.0,48.0,-62.0,0.6518373420093232,0.6,3
146.0,50.0,-68.0,0.6518373420093232,0.6,3
146.0,50.0,-66.0,0.6518373420093232,0.6,3
146.0,50.0,-64.0,0.6518373420093232,0.6,3
146.0,50.0,-62.0,0.6518373420093232,0.6,3
146.0,50.0,-60.0,0.6518373420093232,0.6,3
148.0,48.0,-68.0,0.6518373420093232,0.6,3
148.0,48.0,-66.0,0.6518373420093232,0.6,3
148.0,48.0,-64.0,0.6518373420093232,0.6,3
148.0,48.0,-62.0,0.6518373420093232,0.6,3
148.0,48.0,-60.0,0.6518373420093232,0.6,3
150.0,48.0,-68.0,0.6518373420093232,0.6,3
150.0,48.0,-66.0,0.6518373420093232,0.6,3
150.0,48.0,-64.0,0.6518373420093232,0.6,3
150.0,48.0,-62.0,0.6518373420093232,0.6,3
150.0,48.0,-60.0,0.6518373420093232,0.6,3
152.0,48.0,-68.0,0.6518373420093232,0.6,3
152.0,48.0,-66.0,0.6518373420093232,0.6,3
152.0,48.0,-64.0,0.6518373420093232,0.6,3
152.0,48.0,-62.0,0.6518373420093232,0.6,3
152.0,48.0,-60.0,0.6518373420093232,0.6,3
152.0,48.0,-58.0,0.6518373420093232,0.6,3
162.0,90.0,-14.0,0.6518373420093232,0.6,3
162.0,90.0,-12.0,0.6518373420093232,0.6,3
150.0,60.0,-68.0,0.6587704897673685,0.6,3
150.0,60.0,-66.0,0.6587704897673685,0.6,3
150.0,60.0,-64.0,0.6587704897673685,0.6,3
150.0,60.0,-62.0,0.6587704897673685,0.6,3
150.0,60.0,-60.0,0.6587704897673685,0.6,3
150.0,60.0,-58.0,0.6587704897673685,0.6,3
150.0,60.0,-56.0,0.6587704897673685,0.6,3
150.0,60.0,-54.0,0.6587704897673685,0.6,3
152.0,58.0,-68.0,0.6587704897673685,0.6,3
152.0,58.0,-66.0,0.6587704897673685,0.6,3
152.0,58.0,-64.0,0.6587704897673685,0.6,3
152.0,58.0,-62.0,0.6587704897673685,0.6,3
152.0,58.0,-60.0,0.6587704897673685,0.6,3
152.0,58.0,-58.0,0.6587704897673685,0.6,3
152.0,58.0,-56.0,0.6587704897673685,0.6,3
152.0,58.0,-54.0,0.6587704897673685,0.6,3
152.0,60.0,-68.0,0.6587704897673685,0.6,3
152.0,60.0,-66.0,0.6587704897673685,0.6,3
152.0,60.0,-64.0,0.6587704897673685,0.6,3
152.0,60.0,-62.0,0.6587704897673685,0.6,3
152.0,60.0,-60.0,0.6587704897673685,0.6,3
152.0,60.0,-58.0,0.6587704897673685,0.6,3
152.0,60.0,-56.0,0.6587704897673685,0.6,3
152.0,60.0,-54.0,0.6587704897673685,0.6,3
152.0,62.0,-68.0,0.6587704897673685,0.6,3
152.0,62.0,-66.0,0.6587704897673685,0.6,3
162.0,68.0,-48.0,0.6587704897673685,0.6,3
