strike,dip,rake,weighted_misfit,misfit_fraction,polarity_errors
130,60,-50,0.0,0.0,0
130,80,-40,0.0,0.0,0
130,90,-40,0.0,0.0,0
140,60,-50,0.0,0.0,0
140,70,-40,0.0,0.0,0
140,70,-30,0.0,0.0,0
140,80,-40,0.0,0.0,0
140,90,-40,0.0,0.0,0
150,60,-30,0.0,0.0,0
150,70,-30,0.0,0.0,0
150,80,-30,0.0,0.0,0
150,90,-30,0.0,0.0,0
160,80,-30,0.0,0.0,0
160,80,-20,0.0,0.0,0
160,90,-30,0.0,0.0,0
220,50,-180,0.0,0.0,0
220,50,-170,0.0,0.0,0
220,50,160,0.0,0.0,0
220,50,170,0.0,0.0,0
230,50,-180,0.0,0.0,0
230,50,-170,0.0,0.0,0
230,50,170,0.0,0.0,0
240,50,-150,0.0,0.0,0
240,60,-180,0.0,0.0,0
240,60,-170,0.0,0.0,0
240,60,-160,0.0,0.0,0
250,50,-140,0.0,0.0,0
250,60,-180,0.0,0.0,0
250,60,-170,0.0,0.0,0
250,60,-160,0.0,0.0,0
250,60,-150,0.0,0.0,0
260,50,-140,0.0,0.0,0
260,60,-170,0.0,0.0,0
260,60,-160,0.0,0.0,0
260,60,-150,0.0,0.0,0
310,90,40,0.0,0.0,0
320,80,40,0.0,0.0,0
320,90,40,0.0,0.0,0
330,80,40,0.0,0.0,0
330,90,30,0.0,0.0,0
340,60,50,0.0,0.0,0
340,90,30,0.0,0.0,0
0,40,70,0.09225809803317878,0.2,1
10,40,80,0.09225809803317878,0.2,1
20,40,90,0.09225809803317878,0.2,1
30,50,-180,0.09225809803317878,0.2,1
30,50,-170,0.09225809803317878,0.2,1
30,50,-160,0.09225809803317878,0.2,1
30,50,-150,0.09225809803317878,0.2,1
30,50,-140,0.09225809803317878,0.2,1
30,50,140,0.09225809803317878,0.2,1
30,50,150,0.09225809803317878,0.2,1
30,50,160,0.09225809803317878,0.2,1
30,50,170,0.09225809803317878,0.2,1
30,60,-180,0.09225809803317878,0.2,1
30,60,-170,0.09225809803317878,0.2,1
30,60,-160,0.09225809803317878,0.2,1
30,60,-150,0.09225809803317878,0.2,1
30,60,-140,0.09225809803317878,0.2,1
30,60,170,0.09225809803317878,0.2,1
30,70,-180,0.09225809803317878,0.2,1
30,70,-170,0.09225809803317878,0.2,1
30,70,-160,0.09225809803317878,0.2,1
30,70,-150,0.09225809803317878,0.2,1
30,70,-140,0.09225809803317878,0.2,1
30,70,170,0.09225809803317878,0.2,1
30,80,-180,0.09225809803317878,0.2,1
30,80,-170,0.09225809803317878,0.2,1
30,80,-160,0.09225809803317878,0.2,1
30,80,-150,0.09225809803317878,0.2,1
30,90,-180,0.09225809803317878,0.2,1
30,90,-170,0.09225809803317878,0.2,1
30,90,-160,0.09225809803317878,0.2,1
30,90,-150,0.09225809803317878,0.2,1
40,40,-120,0.09225809803317878,0.2,1
40,50,-120,0.09225809803317878,0.2,1
40,60,-180,0.09225809803317878,0.2,1
40,60,-170,0.09225809803317878,0.2,1
40,60,-160,0.09225809803317878,0.2,1
40,60,-150,0.09225809803317878,0.2,1
40,60,-140,0.09225809803317878,0.2,1
40,60,-130,0.09225809803317878,0.2,1
40,60,150,0.09225809803317878,0.2,1
40,60,160,0.09225809803317878,0.2,1
40,60,170,0.09225809803317878,0.2,1
40,70,-180,0.09225809803317878,0.2,1
40,70,-170,0.09225809803317878,0.2,1
40,70,-160,0.09225809803317878,0.2,1
40,70,-150,0.09225809803317878,0.2,1
40,70,160,0.09225809803317878,0.2,1
40,70,170,0.09225809803317878,0.2,1
40,80,-180,0.09225809803317878,0.2,1
40,80,-170,0.09225809803317878,0.2,1
40,80,-160,0.09225809803317878,0.2,1
40,80,-150,0.09225809803317878,0.2,1
40,80,170,0.09225809803317878,0.2,1
40,90,-180,0.09225809803317878,0.2,1
40,90,-170,0.09225809803317878,0.2,1
40,90,-160,0.09225809803317878,0.2,1
40,90,170,0.09225809803317878,0.2,1
50,40,-110,0.09225809803317878,0.2,1
50,40,-100,0.09225809803317878,0.2,1
50,70,-180,0.09225809803317878,0.2,1
50,70,-170,0.09225809803317878,0.2,1
50,70,-160,0.09225809803317878,0.2,1
50,70,-150,0.09225809803317878,0.2,1
50,70,150,0.09225809803317878,0.2,1
50,70,160,0.09225809803317878,0.2,1
50,70,170,0.09225809803317878,0.2,1
50,80,-180,0.09225809803317878,0.2,1
50,80,-170,0.09225809803317878,0.2,1
50,80,-160,0.09225809803317878,0.2,1
50,80,160,0.09225809803317878,0.2,1
50,80,170,0.09225809803317878,0.2,1
50,90,-180,0.09225809803317878,0.2,1
50,90,-170,0.09225809803317878,0.2,1
50,90,160,0.09225809803317878,0.2,1
50,90,170,0.09225809803317878,0.2,1
60,40,-110,0.09225809803317878,0.2,1
60,40,-100,0.09225809803317878,0.2,1
60,40,-90,0.09225809803317878,0.2,1
60,90,-180,0.09225809803317878,0.2,1
60,90,-170,0.09225809803317878,0.2,1
60,90,150,0.09225809803317878,0.2,1
60,90,160,0.09225809803317878,0.2,1
60,90,170,0.09225809803317878,0.2,1
70,40,-100,0.09225809803317878,0.2,1
70,40,-90,0.09225809803317878,0.2,1
80,40,-90,0.09225809803317878,0.2,1
80,40,-80,0.09225809803317878,0.2,1
90,40,-80,0.09225809803317878,0.2,1
100,40,-80,0.09225809803317878,0.2,1
100,40,-70,0.09225809803317878,0.2,1
100,50,-60,0.09225809803317878,0.2,1
110,40,-70,0.09225809803317878,0.2,1
110,50,-60,0.09225809803317878,0.2,1
120,40,-60,0.09225809803317878,0.2,1
120,50,-60,0.09225809803317878,0.2,1
120,60,-50,0.09225809803317878,0.2,1
120,90,-30,0.09225809803317878,0.2,1
120,90,-20,0.09225809803317878,0.2,1
120,90,-10,0.09225809803317878,0.2,1
120,90,0,0.09225809803317878,0.2,1
120,90,10,0.09225809803317878,0.2,1
120,90,20,0.09225809803317878,0.2,1
120,90,30,0.09225809803317878,0.2,1
120,90,40,0.09225809803317878,0.2,1
130,50,-60,0.09225809803317878,0.2,1
130,50,-50,0.09225809803317878,0.2,1
130,80,-30,0.09225809803317878,0.2,1
130,80,-20,0.09225809803317878,0.2,1
130,80,-10,0.09225809803317878,0.2,1
130,80,0,0.09225809803317878,0.2,1
130,80,10,0.09225809803317878,0.2,1
130,80,20,0.09225809803317878,0.2,1
130,80,30,0.09225809803317878,0.2,1
130,80,40,0.09225809803317878,0.2,1
130,80,50,0.09225809803317878,0.2,1
130,90,-30,0.09225809803317878,0.2,1
130,90,-20,0.09225809803317878,0.2,1
130,90,-10,0.09225809803317878,0.2,1
130,90,0,0.09225809803317878,0.2,1
130,90,10,0.09225809803317878,0.2,1
130,90,20,0.09225809803317878,0.2,1
130,90,30,0.09225809803317878,0.2,1
140,70,-20,0.09225809803317878,0.2,1
140,70,-10,0.09225809803317878,0.2,1
140,70,0,0.09225809803317878,0.2,1
140,70,10,0.09225809803317878,0.2,1
140,70,20,0.09225809803317878,0.2,1
140,70,30,0.09225809803317878,0.2,1
140,70,40,0.09225809803317878,0.2,1
140,70,50,0.09225809803317878,0.2,1
140,80,-30,0.09225809803317878,0.2,1
140,80,-20,0.09225809803317878,0.2,1
140,80,-10,0.09225809803317878,0.2,1
140,80,0,0.09225809803317878,0.2,1
140,80,10,0.09225809803317878,0.2,1
140,80,20,0.09225809803317878,0.2,1
140,80,30,0.09225809803317878,0.2,1
140,90,-30,0.09225809803317878,0.2,1
140,90,-20,0.09225809803317878,0.2,1
140,90,-10,0.09225809803317878,0.2,1
140,90,0,0.09225809803317878,0.2,1
140,90,10,0.09225809803317878,0.2,1
140,90,20,0.09225809803317878,0.2,1
150,60,-20,0.09225809803317878,0.2,1
150,60,-10,0.09225809803317878,0.2,1
150,60,0,0.09225809803317878,0.2,1
150,60,10,0.09225809803317878,0.2,1
150,60,20,0.09225809803317878,0.2,1
150,60,30,0.09225809803317878,0.2,1
150,60,40,0.09225809803317878,0.2,1
150,60,50,0.09225809803317878,0.2,1
150,70,-20,0.09225809803317878,0.2,1
150,70,-10,0.09225809803317878,0.2,1
150,70,0,0.09225809803317878,0.2,1
150,70,10,0.09225809803317878,0.2,1
150,70,20,0.09225809803317878,0.2,1
150,80,-20,0.09225809803317878,0.2,1
150,80,-10,0.09225809803317878,0.2,1
150,80,0,0.09225809803317878,0.2,1
150,80,10,0.09225809803317878,0.2,1
150,90,-20,0.09225809803317878,0.2,1
150,90,-10,0.09225809803317878,0.2,1
150,90,0,0.09225809803317878,0.2,1
160,90,-20,0.09225809803317878,0.2,1
170,50,60,0.09225809803317878,0.2,1
180,50,70,0.09225809803317878,0.2,1
200,50,90,0.09225809803317878,0.2,1
200,50,100,0.09225809803317878,0.2,1
200,50,110,0.09225809803317878,0.2,1
200,50,120,0.09225809803317878,0.2,1
200,50,130,0.09225809803317878,0.2,1
200,50,140,0.09225809803317878,0.2,1
200,60,150,0.09225809803317878,0.2,1
200,60,160,0.09225809803317878,0.2,1
200,60,170,0.09225809803317878,0.2,1
200,70,150,0.09225809803317878,0.2,1
200,70,160,0.09225809803317878,0.2,1
200,70,170,0.09225809803317878,0.2,1
210,50,100,0.09225809803317878,0.2,1
210,50,110,0.09225809803317878,0.2,1
210,50,120,0.09225809803317878,0.2,1
210,50,130,0.09225809803317878,0.2,1
210,50,140,0.09225809803317878,0.2,1
210,50,150,0.09225809803317878,0.2,1
210,60,-180,0.09225809803317878,0.2,1
210,60,160,0.09225809803317878,0.2,1
210,60,170,0.09225809803317878,0.2,1
210,70,-180,0.09225809803317878,0.2,1
210,70,160,0.09225809803317878,0.2,1
210,70,170,0.09225809803317878,0.2,1
210,80,-180,0.09225809803317878,0.2,1
210,80,150,0.09225809803317878,0.2,1
210,80,160,0.09225809803317878,0.2,1
210,80,170,0.09225809803317878,0.2,1
210,90,-180,0.09225809803317878,0.2,1
210,90,150,0.09225809803317878,0.2,1
210,90,160,0.09225809803317878,0.2,1
210,90,170,0.09225809803317878,0.2,1
220,60,-180,0.09225809803317878,0.2,1
220,60,-170,0.09225809803317878,0.2,1
220,60,160,0.09225809803317878,0.2,1
220,60,170,0.09225809803317878,0.2,1
220,70,-180,0.09225809803317878,0.2,1
220,70,-170,0.09225809803317878,0.2,1
220,70,160,0.09225809803317878,0.2,1
220,70,170,0.09225809803317878,0.2,1
220,80,-180,0.09225809803317878,0.2,1
220,80,-170,0.09225809803317878,0.2,1
220,80,160,0.09225809803317878,0.2,1
220,80,170,0.09225809803317878,0.2,1
220,90,-180,0.09225809803317878,0.2,1
220,90,-170,0.09225809803317878,0.2,1
220,90,160,0.09225809803317878,0.2,1
220,90,170,0.09225809803317878,0.2,1
230,60,-180,0.09225809803317878,0.2,1
230,60,-170,0.09225809803317878,0.2,1
230,60,170,0.09225809803317878,0.2,1
230,70,-180,0.09225809803317878,0.2,1
230,70,-170,0.09225809803317878,0.2,1
230,70,170,0.09225809803317878,0.2,1
230,80,-180,0.09225809803317878,0.2,1
230,80,-170,0.09225809803317878,0.2,1
230,80,-160,0.09225809803317878,0.2,1
230,80,170,0.09225809803317878,0.2,1
230,90,-180,0.09225809803317878,0.2,1
230,90,-170,0.09225809803317878,0.2,1
230,90,-160,0.09225809803317878,0.2,1
230,90,170,0.09225809803317878,0.2,1
240,50,-140,0.09225809803317878,0.2,1
240,50,-130,0.09225809803317878,0.2,1
240,50,-120,0.09225809803317878,0.2,1
240,50,-110,0.09225809803317878,0.2,1
240,50,-100,0.09225809803317878,0.2,1
240,50,-90,0.09225809803317878,0.2,1
240,50,-80,0.09225809803317878,0.2,1
240,70,-180,0.09225809803317878,0.2,1
240,70,-170,0.09225809803317878,0.2,1
240,70,-160,0.09225809803317878,0.2,1
240,80,-180,0.09225809803317878,0.2,1
240,80,-170,0.09225809803317878,0.2,1
240,80,-160,0.09225809803317878,0.2,1
240,90,-180,0.09225809803317878,0.2,1
240,90,-170,0.09225809803317878,0.2,1
240,90,-160,0.09225809803317878,0.2,1
240,90,-150,0.09225809803317878,0.2,1
240,90,170,0.09225809803317878,0.2,1
250,50,-130,0.09225809803317878,0.2,1
250,50,-120,0.09225809803317878,0.2,1
250,50,-110,0.09225809803317878,0.2,1
250,50,-100,0.09225809803317878,0.2,1
250,50,-90,0.09225809803317878,0.2,1
250,50,-80,0.09225809803317878,0.2,1
250,50,-70,0.09225809803317878,0.2,1
250,70,-180,0.09225809803317878,0.2,1
250,70,-170,0.09225809803317878,0.2,1
250,70,-160,0.09225809803317878,0.2,1
250,70,-150,0.09225809803317878,0.2,1
260,50,-130,0.09225809803317878,0.2,1
260,50,-120,0.09225809803317878,0.2,1
260,50,-110,0.09225809803317878,0.2,1
260,50,-100,0.09225809803317878,0.2,1
260,50,-90,0.09225809803317878,0.2,1
260,50,-80,0.09225809803317878,0.2,1
260,50,-70,0.09225809803317878,0.2,1
260,50,-60,0.09225809803317878,0.2,1
270,50,-50,0.09225809803317878,0.2,1
270,50,-40,0.09225809803317878,0.2,1
270,60,-50,0.09225809803317878,0.2,1
280,50,-40,0.09225809803317878,0.2,1
280,50,-30,0.09225809803317878,0.2,1
280,50,-20,0.09225809803317878,0.2,1
280,60,-40,0.09225809803317878,0.2,1
280,60,-30,0.09225809803317878,0.2,1
280,70,-50,0.09225809803317878,0.2,1
280,70,-40,0.09225809803317878,0.2,1
290,60,-40,0.09225809803317878,0.2,1
290,60,-30,0.09225809803317878,0.2,1
290,60,-20,0.09225809803317878,0.2,1
290,60,-10,0.09225809803317878,0.2,1
290,70,-40,0.09225809803317878,0.2,1
290,70,-30,0.09225809803317878,0.2,1
290,70,-20,0.09225809803317878,0.2,1
290,70,-10,0.09225809803317878,0.2,1
290,80,-40,0.09225809803317878,0.2,1
290,80,-30,0.09225809803317878,0.2,1
290,80,-20,0.09225809803317878,0.2,1
300,60,-30,0.09225809803317878,0.2,1
300,60,-20,0.09225809803317878,0.2,1
300,60,-10,0.09225809803317878,0.2,1
300,60,0,0.09225809803317878,0.2,1
300,60,10,0.09225809803317878,0.2,1
300,60,20,0.09225809803317878,0.2,1
300,70,-30,0.09225809803317878,0.2,1
300,70,-20,0.09225809803317878,0.2,1
300,70,-10,0.09225809803317878,0.2,1
300,70,0,0.09225809803317878,0.2,1
300,70,10,0.09225809803317878,0.2,1
300,70,20,0.09225809803317878,0.2,1
300,70,30,0.09225809803317878,0.2,1
300,80,-40,0.09225809803317878,0.2,1
300,80,-30,0.09225809803317878,0.2,1
300,80,-20,0.09225809803317878,0.2,1
300,80,-10,0.09225809803317878,0.2,1
300,80,0,0.09225809803317878,0.2,1
300,80,10,0.09225809803317878,0.2,1
300,80,20,0.09225809803317878,0.2,1
300,80,30,0.09225809803317878,0.2,1
300,90,-40,0.09225809803317878,0.2,1
300,90,-30,0.09225809803317878,0.2,1
300,90,-20,0.09225809803317878,0.2,1
300,90,-10,0.09225809803317878,0.2,1
300,90,0,0.09225809803317878,0.2,1
300,90,10,0.09225809803317878,0.2,1
300,90,20,0.09225809803317878,0.2,1
300,90,30,0.09225809803317878,0.2,1
310,70,-20,0.09225809803317878,0.2,1
310,70,-10,0.09225809803317878,0.2,1
310,70,0,0.09225809803317878,0.2,1
310,70,10,0.09225809803317878,0.2,1
310,70,20,0.09225809803317878,0.2,1
310,70,30,0.09225809803317878,0.2,1
310,80,-30,0.09225809803317878,0.2,1
310,80,-20,0.09225809803317878,0.2,1
310,80,-10,0.09225809803317878,0.2,1
310,80,0,0.09225809803317878,0.2,1
310,80,10,0.09225809803317878,0.2,1
310,80,20,0.09225809803317878,0.2,1
310,80,30,0.09225809803317878,0.2,1
310,90,-30,0.09225809803317878,0.2,1
310,90,-20,0.09225809803317878,0.2,1
310,90,-10,0.09225809803317878,0.2,1
310,90,0,0.09225809803317878,0.2,1
310,90,10,0.09225809803317878,0.2,1
310,90,20,0.09225809803317878,0.2,1
310,90,30,0.09225809803317878,0.2,1
320,60,50,0.09225809803317878,0.2,1
320,80,-20,0.09225809803317878,0.2,1
320,80,-10,0.09225809803317878,0.2,1
320,80,0,0.09225809803317878,0.2,1
320,80,10,0.09225809803317878,0.2,1
320,80,20,0.09225809803317878,0.2,1
320,80,30,0.09225809803317878,0.2,1
320,90,-20,0.09225809803317878,0.2,1
320,90,-10,0.09225809803317878,0.2,1
320,90,0,0.09225809803317878,0.2,1
320,90,10,0.09225809803317878,0.2,1
320,90,20,0.09225809803317878,0.2,1
320,90,30,0.09225809803317878,0.2,1
330,50,50,0.09225809803317878,0.2,1
330,60,50,0.09225809803317878,0.2,1
330,80,0,0.09225809803317878,0.2,1
330,80,10,0.09225809803317878,0.2,1
330,80,20,0.09225809803317878,0.2,1
330,80,30,0.09225809803317878,0.2,1
330,90,0,0.09225809803317878,0.2,1
330,90,10,0.09225809803317878,0.2,1
330,90,20,0.09225809803317878,0.2,1
340,50,60,0.09225809803317878,0.2,1
340,90,20,0.09225809803317878,0.2,1
350,50,60,0.09225809803317878,0.2,1
0,10,-100,0.09919124579122414,0.2,1
0,10,-90,0.09919124579122414,0.2,1
0,20,-100,0.09919124579122414,0.2,1
0,50,70,0.09919124579122414,0.2,1
0,60,60,0.09919124579122414,0.2,1
0,60,70,0.09919124579122414,0.2,1
0,60,80,0.09919124579122414,0.2,1
0,70,50,0.09919124579122414,0.2,1
0,70,60,0.09919124579122414,0.2,1
0,70,70,0.09919124579122414,0.2,1
0,70,80,0.09919124579122414,0.2,1
0,80,50,0.09919124579122414,0.2,1
0,80,60,0.09919124579122414,0.2,1
0,80,70,0.09919124579122414,0.2,1
0,80,80,0.09919124579122414,0.2,1
0,80,90,0.09919124579122414,0.2,1
0,90,50,0.09919124579122414,0.2,1
0,90,60,0.09919124579122414,0.2,1
0,90,70,0.09919124579122414,0.2,1
0,90,80,0.09919124579122414,0.2,1
0,90,90,0.09919124579122414,0.2,1
10,10,-100,0.09919124579122414,0.2,1
10,10,-90,0.09919124579122414,0.2,1
10,10,-80,0.09919124579122414,0.2,1
10,10,-70,0.09919124579122414,0.2,1
10,20,-90,0.09919124579122414,0.2,1
10,50,70,0.09919124579122414,0.2,1
10,50,80,0.09919124579122414,0.2,1
10,60,60,0.09919124579122414,0.2,1
10,60,70,0.09919124579122414,0.2,1
10,60,80,0.09919124579122414,0.2,1
10,70,50,0.09919124579122414,0.2,1
10,70,60,0.09919124579122414,0.2,1
10,70,70,0.09919124579122414,0.2,1
10,70,80,0.09919124579122414,0.2,1
10,70,90,0.09919124579122414,0.2,1
10,80,50,0.09919124579122414,0.2,1
10,80,60,0.09919124579122414,0.2,1
10,80,70,0.09919124579122414,0.2,1
10,80,80,0.09919124579122414,0.2,1
10,80,90,0.09919124579122414,0.2,1
10,90,50,0.09919124579122414,0.2,1
10,90,60,0.09919124579122414,0.2,1
10,90,70,0.09919124579122414,0.2,1
10,90,80,0.09919124579122414,0.2,1
10,90,90,0.09919124579122414,0.2,1
20,10,-90,0.09919124579122414,0.2,1
20,10,-80,0.09919124579122414,0.2,1
20,10,-70,0.09919124579122414,0.2,1
20,10,-60,0.09919124579122414,0.2,1
20,20,-80,0.09919124579122414,0.2,1
20,50,70,0.09919124579122414,0.2,1
20,50,80,0.09919124579122414,0.2,1
20,50,90,0.09919124579122414,0.2,1
20,60,60,0.09919124579122414,0.2,1
20,60,70,0.09919124579122414,0.2,1
20,60,80,0.09919124579122414,0.2,1
20,60,90,0.09919124579122414,0.2,1
20,70,50,0.09919124579122414,0.2,1
20,70,60,0.09919124579122414,0.2,1
20,70,70,0.09919124579122414,0.2,1
20,70,80,0.09919124579122414,0.2,1
20,70,90,0.09919124579122414,0.2,1
20,80,50,0.09919124579122414,0.2,1
20,80,60,0.09919124579122414,0.2,1
20,80,70,0.09919124579122414,0.2,1
20,80,80,0.09919124579122414,0.2,1
20,80,90,0.09919124579122414,0.2,1
20,90,60,0.09919124579122414,0.2,1
20,90,70,0.09919124579122414,0.2,1
20,90,80,0.09919124579122414,0.2,1
20,90,90,0.09919124579122414,0.2,1
30,10,-80,0.09919124579122414,0.2,1
30,10,-70,0.09919124579122414,0.2,1
30,10,-60,0.09919124579122414,0.2,1
30,10,-50,0.09919124579122414,0.2,1
30,20,-70,0.09919124579122414,0.2,1
30,20,-60,0.09919124579122414,0.2,1
30,30,-120,0.09919124579122414,0.2,1
30,30,-110,0.09919124579122414,0.2,1
30,30,-100,0.09919124579122414,0.2,1
30,30,-90,0.09919124579122414,0.2,1
30,30,-80,0.09919124579122414,0.2,1
30,50,100,0.09919124579122414,0.2,1
30,50,110,0.09919124579122414,0.2,1
30,60,100,0.09919124579122414,0.2,1
30,60,110,0.09919124579122414,0.2,1
30,60,120,0.09919124579122414,0.2,1
30,60,130,0.09919124579122414,0.2,1
30,70,100,0.09919124579122414,0.2,1
30,70,110,0.09919124579122414,0.2,1
30,70,120,0.09919124579122414,0.2,1
30,70,130,0.09919124579122414,0.2,1
30,70,140,0.09919124579122414,0.2,1
30,80,100,0.09919124579122414,0.2,1
30,80,110,0.09919124579122414,0.2,1
30,80,120,0.09919124579122414,0.2,1
30,80,130,0.09919124579122414,0.2,1
30,80,140,0.09919124579122414,0.2,1
30,90,100,0.09919124579122414,0.2,1
30,90,110,0.09919124579122414,0.2,1
30,90,120,0.09919124579122414,0.2,1
30,90,130,0.09919124579122414,0.2,1
30,90,140,0.09919124579122414,0.2,1
30,90,150,0.09919124579122414,0.2,1
40,10,-70,0.09919124579122414,0.2,1
40,10,-60,0.09919124579122414,0.2,1
40,10,-50,0.09919124579122414,0.2,1
40,10,-40,0.09919124579122414,0.2,1
40,20,-120,0.09919124579122414,0.2,1
40,20,-110,0.09919124579122414,0.2,1
40,20,-100,0.09919124579122414,0.2,1
40,20,-90,0.09919124579122414,0.2,1
40,20,-80,0.09919124579122414,0.2,1
40,30,-100,0.09919124579122414,0.2,1
40,30,-90,0.09919124579122414,0.2,1
40,30,-80,0.09919124579122414,0.2,1
40,60,110,0.09919124579122414,0.2,1
40,60,120,0.09919124579122414,0.2,1
40,70,110,0.09919124579122414,0.2,1
40,70,120,0.09919124579122414,0.2,1
40,70,130,0.09919124579122414,0.2,1
40,80,100,0.09919124579122414,0.2,1
40,80,110,0.09919124579122414,0.2,1
40,80,120,0.09919124579122414,0.2,1
40,80,130,0.09919124579122414,0.2,1
40,80,140,0.09919124579122414,0.2,1
40,90,100,0.09919124579122414,0.2,1
40,90,110,0.09919124579122414,0.2,1
40,90,120,0.09919124579122414,0.2,1
40,90,130,0.09919124579122414,0.2,1
40,90,140,0.09919124579122414,0.2,1
50,10,-100,0.09919124579122414,0.2,1
50,10,-90,0.09919124579122414,0.2,1
50,10,-80,0.09919124579122414,0.2,1
50,10,-70,0.09919124579122414,0.2,1
50,20,-110,0.09919124579122414,0.2,1
50,20,-100,0.09919124579122414,0.2,1
50,20,-90,0.09919124579122414,0.2,1
50,20,-80,0.09919124579122414,0.2,1
50,20,-70,0.09919124579122414,0.2,1
50,30,-90,0.09919124579122414,0.2,1
50,30,-80,0.09919124579122414,0.2,1
50,30,-70,0.09919124579122414,0.2,1
50,40,-80,0.09919124579122414,0.2,1
50,70,110,0.09919124579122414,0.2,1
50,70,120,0.09919124579122414,0.2,1
50,70,130,0.09919124579122414,0.2,1
50,80,110,0.09919124579122414,0.2,1
50,80,120,0.09919124579122414,0.2,1
50,80,130,0.09919124579122414,0.2,1
50,90,100,0.09919124579122414,0.2,1
50,90,110,0.09919124579122414,0.2,1
50,90,120,0.09919124579122414,0.2,1
50,90,130,0.09919124579122414,0.2,1
50,90,140,0.09919124579122414,0.2,1
60,10,-90,0.09919124579122414,0.2,1
60,10,-80,0.09919124579122414,0.2,1
60,10,-70,0.09919124579122414,0.2,1
60,10,-60,0.09919124579122414,0.2,1
60,20,-100,0.09919124579122414,0.2,1
60,20,-90,0.09919124579122414,0.2,1
60,20,-80,0.09919124579122414,0.2,1
60,20,-70,0.09919124579122414,0.2,1
60,20,-60,0.09919124579122414,0.2,1
60,30,-80,0.09919124579122414,0.2,1
60,30,-70,0.09919124579122414,0.2,1
60,30,-60,0.09919124579122414,0.2,1
60,40,-70,0.09919124579122414,0.2,1
60,40,-60,0.09919124579122414,0.2,1
60,90,100,0.09919124579122414,0.2,1
60,90,110,0.09919124579122414,0.2,1
60,90,120,0.09919124579122414,0.2,1
60,90,130,0.09919124579122414,0.2,1
70,10,-80,0.09919124579122414,0.2,1
70,10,-70,0.09919124579122414,0.2,1
70,10,-60,0.09919124579122414,0.2,1
70,10,-50,0.09919124579122414,0.2,1
70,20,-90,0.09919124579122414,0.2,1
70,20,-80,0.09919124579122414,0.2,1
70,20,-70,0.09919124579122414,0.2,1
70,20,-60,0.09919124579122414,0.2,1
70,20,-50,0.09919124579122414,0.2,1
70,30,-80,0.09919124579122414,0.2,1
70,30,-70,0.09919124579122414,0.2,1
70,30,-60,0.09919124579122414,0.2,1
70,30,-50,0.09919124579122414,0.2,1
70,40,-70,0.09919124579122414,0.2,1
70,40,-60,0.09919124579122414,0.2,1
70,40,-50,0.09919124579122414,0.2,1
80,10,-70,0.09919124579122414,0.2,1
80,10,-60,0.09919124579122414,0.2,1
80,10,-50,0.09919124579122414,0.2,1
80,10,-40,0.09919124579122414,0.2,1
80,20,-80,0.09919124579122414,0.2,1
80,20,-70,0.09919124579122414,0.2,1
80,20,-60,0.09919124579122414,0.2,1
80,20,-50,0.09919124579122414,0.2,1
80,20,-40,0.09919124579122414,0.2,1
80,30,-70,0.09919124579122414,0.2,1
80,30,-60,0.09919124579122414,0.2,1
80,30,-50,0.09919124579122414,0.2,1
80,30,-40,0.09919124579122414,0.2,1
80,40,-60,0.09919124579122414,0.2,1
80,40,-50,0.09919124579122414,0.2,1
80,40,-40,0.09919124579122414,0.2,1
80,50,-50,0.09919124579122414,0.2,1
90,10,-60,0.09919124579122414,0.2,1
90,10,-50,0.09919124579122414,0.2,1
90,10,-40,0.09919124579122414,0.2,1
90,10,-30,0.09919124579122414,0.2,1
90,20,-70,0.09919124579122414,0.2,1
90,20,-60,0.09919124579122414,0.2,1
90,20,-50,0.09919124579122414,0.2,1
90,20,-40,0.09919124579122414,0.2,1
90,20,-30,0.09919124579122414,0.2,1
90,30,-60,0.09919124579122414,0.2,1
90,30,-50,0.09919124579122414,0.2,1
90,30,-40,0.09919124579122414,0.2,1
90,30,-30,0.09919124579122414,0.2,1
90,40,-50,0.09919124579122414,0.2,1
90,40,-40,0.09919124579122414,0.2,1
90,40,-30,0.09919124579122414,0.2,1
90,50,-50,0.09919124579122414,0.2,1
90,50,-40,0.09919124579122414,0.2,1
90,50,-30,0.09919124579122414,0.2,1
90,60,-40,0.09919124579122414,0.2,1
100,10,-50,0.09919124579122414,0.2,1
100,10,-40,0.09919124579122414,0.2,1
100,10,-30,0.09919124579122414,0.2,1
100,10,-20,0.09919124579122414,0.2,1
100,20,-60,0.09919124579122414,0.2,1
100,20,-50,0.09919124579122414,0.2,1
100,20,-40,0.09919124579122414,0.2,1
100,20,-30,0.09919124579122414,0.2,1
100,20,-20,0.09919124579122414,0.2,1
100,30,-50,0.09919124579122414,0.2,1
100,30,-40,0.09919124579122414,0.2,1
100,30,-30,0.09919124579122414,0.2,1
100,30,-20,0.09919124579122414,0.2,1
100,40,-50,0.09919124579122414,0.2,1
100,40,-40,0.09919124579122414,0.2,1
100,40,-30,0.09919124579122414,0.2,1
100,40,-20,0.09919124579122414,0.2,1
100,50,-40,0.09919124579122414,0.2,1
100,50,-30,0.09919124579122414,0.2,1
100,50,-20,0.09919124579122414,0.2,1
100,60,-40,0.09919124579122414,0.2,1
100,60,-30,0.09919124579122414,0.2,1
100,60,-20,0.09919124579122414,0.2,1
100,70,-30,0.09919124579122414,0.2,1
110,10,-40,0.09919124579122414,0.2,1
110,10,-30,0.09919124579122414,0.2,1
110,10,-20,0.09919124579122414,0.2,1
110,10,-10,0.09919124579122414,0.2,1
110,20,-50,0.09919124579122414,0.2,1
110,20,-40,0.09919124579122414,0.2,1
110,20,-30,0.09919124579122414,0.2,1
110,20,-20,0.09919124579122414,0.2,1
110,20,-10,0.09919124579122414,0.2,1
110,30,-50,0.09919124579122414,0.2,1
110,30,-40,0.09919124579122414,0.2,1
110,30,-30,0.09919124579122414,0.2,1
110,30,-20,0.09919124579122414,0.2,1
110,30,-10,0.09919124579122414,0.2,1
110,40,-40,0.09919124579122414,0.2,1
110,40,-30,0.09919124579122414,0.2,1
110,40,-20,0.09919124579122414,0.2,1
110,40,-10,0.09919124579122414,0.2,1
110,50,-40,0.09919124579122414,0.2,1
110,50,-30,0.09919124579122414,0.2,1
110,50,-20,0.09919124579122414,0.2,1
110,50,-10,0.09919124579122414,0.2,1
110,60,-40,0.09919124579122414,0.2,1
110,60,-30,0.09919124579122414,0.2,1
110,60,-20,0.09919124579122414,0.2,1
110,60,-10,0.09919124579122414,0.2,1
110,70,-40,0.09919124579122414,0.2,1
110,70,-30,0.09919124579122414,0.2,1
110,70,-20,0.09919124579122414,0.2,1
110,70,-10,0.09919124579122414,0.2,1
120,10,-30,0.09919124579122414,0.2,1
120,10,-20,0.09919124579122414,0.2,1
120,10,-10,0.09919124579122414,0.2,1
120,10,0,0.09919124579122414,0.2,1
120,20,-40,0.09919124579122414,0.2,1
120,20,-30,0.09919124579122414,0.2,1
120,20,-20,0.09919124579122414,0.2,1
120,20,-10,0.09919124579122414,0.2,1
120,20,0,0.09919124579122414,0.2,1
120,30,-40,0.09919124579122414,0.2,1
120,30,-30,0.09919124579122414,0.2,1
120,30,-20,0.09919124579122414,0.2,1
120,30,-10,0.09919124579122414,0.2,1
120,30,0,0.09919124579122414,0.2,1
120,40,-40,0.09919124579122414,0.2,1
120,40,-30,0.09919124579122414,0.2,1
120,40,-20,0.09919124579122414,0.2,1
120,40,-10,0.09919124579122414,0.2,1
120,40,0,0.09919124579122414,0.2,1
120,40,10,0.09919124579122414,0.2,1
120,50,-40,0.09919124579122414,0.2,1
120,50,-30,0.09919124579122414,0.2,1
120,50,-20,0.09919124579122414,0.2,1
120,50,-10,0.09919124579122414,0.2,1
120,50,0,0.09919124579122414,0.2,1
120,50,10,0.09919124579122414,0.2,1
120,60,-30,0.09919124579122414,0.2,1
120,60,-20,0.09919124579122414,0.2,1
120,60,-10,0.09919124579122414,0.2,1
120,60,0,0.09919124579122414,0.2,1
120,60,10,0.09919124579122414,0.2,1
120,70,-40,0.09919124579122414,0.2,1
130,10,-20,0.09919124579122414,0.2,1
130,10,-10,0.09919124579122414,0.2,1
130,10,0,0.09919124579122414,0.2,1
130,10,10,0.09919124579122414,0.2,1
130,20,-30,0.09919124579122414,0.2,1
130,20,-20,0.09919124579122414,0.2,1
130,20,-10,0.09919124579122414,0.2,1
130,20,0,0.09919124579122414,0.2,1
130,20,10,0.09919124579122414,0.2,1
130,30,-30,0.09919124579122414,0.2,1
130,30,-20,0.09919124579122414,0.2,1
130,30,-10,0.09919124579122414,0.2,1
130,30,0,0.09919124579122414,0.2,1
130,30,10,0.09919124579122414,0.2,1
130,30,20,0.09919124579122414,0.2,1
130,40,-30,0.09919124579122414,0.2,1
130,40,-20,0.09919124579122414,0.2,1
130,40,-10,0.09919124579122414,0.2,1
130,40,0,0.09919124579122414,0.2,1
130,40,10,0.09919124579122414,0.2,1
130,40,20,0.09919124579122414,0.2,1
130,50,-30,0.09919124579122414,0.2,1
130,50,-20,0.09919124579122414,0.2,1
130,50,-10,0.09919124579122414,0.2,1
130,50,0,0.09919124579122414,0.2,1
130,50,10,0.09919124579122414,0.2,1
130,50,20,0.09919124579122414,0.2,1
130,60,-40,0.09919124579122414,0.2,1
130,70,-40,0.09919124579122414,0.2,1
140,10,-10,0.09919124579122414,0.2,1
140,10,0,0.09919124579122414,0.2,1
140,10,10,0.09919124579122414,0.2,1
140,10,20,0.09919124579122414,0.2,1
140,20,-10,0.09919124579122414,0.2,1
140,20,0,0.09919124579122414,0.2,1
140,20,10,0.09919124579122414,0.2,1
140,20,20,0.09919124579122414,0.2,1
140,30,-20,0.09919124579122414,0.2,1
140,30,-10,0.09919124579122414,0.2,1
140,30,0,0.09919124579122414,0.2,1
140,30,10,0.09919124579122414,0.2,1
140,30,20,0.09919124579122414,0.2,1
140,30,30,0.09919124579122414,0.2,1
140,40,-20,0.09919124579122414,0.2,1
140,40,-10,0.09919124579122414,0.2,1
140,40,0,0.09919124579122414,0.2,1
140,40,10,0.09919124579122414,0.2,1
140,40,20,0.09919124579122414,0.2,1
140,40,30,0.09919124579122414,0.2,1
140,50,-20,0.09919124579122414,0.2,1
140,50,-10,0.09919124579122414,0.2,1
140,50,0,0.09919124579122414,0.2,1
140,50,10,0.09919124579122414,0.2,1
140,50,20,0.09919124579122414,0.2,1
140,50,30,0.09919124579122414,0.2,1
140,60,-40,0.09919124579122414,0.2,1
140,60,-30,0.09919124579122414,0.2,1
150,10,0,0.09919124579122414,0.2,1
150,10,10,0.09919124579122414,0.2,1
150,10,20,0.09919124579122414,0.2,1
150,10,30,0.09919124579122414,0.2,1
150,20,0,0.09919124579122414,0.2,1
150,20,10,0.09919124579122414,0.2,1
150,20,20,0.09919124579122414,0.2,1
150,20,30,0.09919124579122414,0.2,1
150,30,0,0.09919124579122414,0.2,1
150,30,10,0.09919124579122414,0.2,1
150,30,20,0.09919124579122414,0.2,1
150,30,30,0.09919124579122414,0.2,1
150,30,40,0.09919124579122414,0.2,1
150,40,0,0.09919124579122414,0.2,1
150,40,10,0.09919124579122414,0.2,1
150,40,20,0.09919124579122414,0.2,1
150,40,30,0.09919124579122414,0.2,1
150,40,40,0.09919124579122414,0.2,1
150,60,-50,0.09919124579122414,0.2,1
150,60,-40,0.09919124579122414,0.2,1
150,70,-40,0.09919124579122414,0.2,1
150,80,-40,0.09919124579122414,0.2,1
150,90,-40,0.09919124579122414,0.2,1
160,10,10,0.09919124579122414,0.2,1
160,10,20,0.09919124579122414,0.2,1
160,10,30,0.09919124579122414,0.2,1
160,10,40,0.09919124579122414,0.2,1
160,20,10,0.09919124579122414,0.2,1
160,20,20,0.09919124579122414,0.2,1
160,20,30,0.09919124579122414,0.2,1
160,20,40,0.09919124579122414,0.2,1
160,30,10,0.09919124579122414,0.2,1
160,30,20,0.09919124579122414,0.2,1
160,30,30,0.09919124579122414,0.2,1
160,30,40,0.09919124579122414,0.2,1
160,30,50,0.09919124579122414,0.2,1
160,40,20,0.09919124579122414,0.2,1
160,40,30,0.09919124579122414,0.2,1
160,40,40,0.09919124579122414,0.2,1
160,40,50,0.09919124579122414,0.2,1
160,70,-40,0.09919124579122414,0.2,1
160,80,-40,0.09919124579122414,0.2,1
160,90,-40,0.09919124579122414,0.2,1
170,10,20,0.09919124579122414,0.2,1
170,10,30,0.09919124579122414,0.2,1
170,10,40,0.09919124579122414,0.2,1
170,10,50,0.09919124579122414,0.2,1
170,20,30,0.09919124579122414,0.2,1
170,20,40,0.09919124579122414,0.2,1
170,20,50,0.09919124579122414,0.2,1
170,30,30,0.09919124579122414,0.2,1
170,30,40,0.09919124579122414,0.2,1
170,30,50,0.09919124579122414,0.2,1
170,30,60,0.09919124579122414,0.2,1
170,40,40,0.09919124579122414,0.2,1
170,40,50,0.09919124579122414,0.2,1
170,40,60,0.09919124579122414,0.2,1
170,80,-40,0.09919124579122414,0.2,1
170,90,-90,0.09919124579122414,0.2,1
170,90,-80,0.09919124579122414,0.2,1
170,90,-70,0.09919124579122414,0.2,1
170,90,-60,0.09919124579122414,0.2,1
170,90,-50,0.09919124579122414,0.2,1
180,10,70,0.09919124579122414,0.2,1
180,10,80,0.09919124579122414,0.2,1
180,10,90,0.09919124579122414,0.2,1
180,10,100,0.09919124579122414,0.2,1
180,10,110,0.09919124579122414,0.2,1
180,20,40,0.09919124579122414,0.2,1
180,20,50,0.09919124579122414,0.2,1
180,20,60,0.09919124579122414,0.2,1
180,30,40,0.09919124579122414,0.2,1
180,30,50,0.09919124579122414,0.2,1
180,30,60,0.09919124579122414,0.2,1
180,40,60,0.09919124579122414,0.2,1
180,40,70,0.09919124579122414,0.2,1
180,80,-90,0.09919124579122414,0.2,1
180,80,-80,0.09919124579122414,0.2,1
180,80,-70,0.09919124579122414,0.2,1
180,80,-60,0.09919124579122414,0.2,1
180,90,-90,0.09919124579122414,0.2,1
180,90,-80,0.09919124579122414,0.2,1
180,90,-70,0.09919124579122414,0.2,1
180,90,-60,0.09919124579122414,0.2,1
180,90,-50,0.09919124579122414,0.2,1
190,10,80,0.09919124579122414,0.2,1
190,10,90,0.09919124579122414,0.2,1
190,10,100,0.09919124579122414,0.2,1
190,10,110,0.09919124579122414,0.2,1
190,10,120,0.09919124579122414,0.2,1
190,20,80,0.09919124579122414,0.2,1
190,20,90,0.09919124579122414,0.2,1
190,20,100,0.09919124579122414,0.2,1
190,20,110,0.09919124579122414,0.2,1
190,20,120,0.09919124579122414,0.2,1
190,20,130,0.09919124579122414,0.2,1
190,30,60,0.09919124579122414,0.2,1
190,30,70,0.09919124579122414,0.2,1
190,40,70,0.09919124579122414,0.2,1
190,70,-90,0.09919124579122414,0.2,1
190,70,-80,0.09919124579122414,0.2,1
190,80,-90,0.09919124579122414,0.2,1
190,80,-80,0.09919124579122414,0.2,1
190,80,-70,0.09919124579122414,0.2,1
190,80,-60,0.09919124579122414,0.2,1
190,90,-90,0.09919124579122414,0.2,1
190,90,-80,0.09919124579122414,0.2,1
190,90,-70,0.09919124579122414,0.2,1
190,90,-60,0.09919124579122414,0.2,1
190,90,-50,0.09919124579122414,0.2,1
200,10,90,0.09919124579122414,0.2,1
200,10,100,0.09919124579122414,0.2,1
200,10,110,0.09919124579122414,0.2,1
200,10,120,0.09919124579122414,0.2,1
200,10,130,0.09919124579122414,0.2,1
200,20,90,0.09919124579122414,0.2,1
200,20,100,0.09919124579122414,0.2,1
200,20,110,0.09919124579122414,0.2,1
200,20,120,0.09919124579122414,0.2,1
200,20,130,0.09919124579122414,0.2,1
200,20,140,0.09919124579122414,0.2,1
200,30,90,0.09919124579122414,0.2,1
200,30,100,0.09919124579122414,0.2,1
200,30,110,0.09919124579122414,0.2,1
200,30,120,0.09919124579122414,0.2,1
200,30,130,0.09919124579122414,0.2,1
200,30,140,0.09919124579122414,0.2,1
200,40,90,0.09919124579122414,0.2,1
200,40,100,0.09919124579122414,0.2,1
200,40,110,0.09919124579122414,0.2,1
200,40,120,0.09919124579122414,0.2,1
200,40,130,0.09919124579122414,0.2,1
200,40,140,0.09919124579122414,0.2,1
200,60,-160,0.09919124579122414,0.2,1
200,60,-150,0.09919124579122414,0.2,1
200,60,-140,0.09919124579122414,0.2,1
200,60,-130,0.09919124579122414,0.2,1
200,60,-120,0.09919124579122414,0.2,1
200,60,-110,0.09919124579122414,0.2,1
200,60,-100,0.09919124579122414,0.2,1
200,70,-160,0.09919124579122414,0.2,1
200,70,-150,0.09919124579122414,0.2,1
200,70,-140,0.09919124579122414,0.2,1
200,70,-130,0.09919124579122414,0.2,1
200,70,-120,0.09919124579122414,0.2,1
200,70,-110,0.09919124579122414,0.2,1
200,70,-100,0.09919124579122414,0.2,1
200,80,-90,0.09919124579122414,0.2,1
200,80,-80,0.09919124579122414,0.2,1
200,80,-70,0.09919124579122414,0.2,1
200,90,-90,0.09919124579122414,0.2,1
200,90,-80,0.09919124579122414,0.2,1
200,90,-70,0.09919124579122414,0.2,1
200,90,-60,0.09919124579122414,0.2,1
210,10,100,0.09919124579122414,0.2,1
210,10,110,0.09919124579122414,0.2,1
210,10,120,0.09919124579122414,0.2,1
210,10,130,0.09919124579122414,0.2,1
210,10,140,0.09919124579122414,0.2,1
210,20,100,0.09919124579122414,0.2,1
210,20,110,0.09919124579122414,0.2,1
210,20,120,0.09919124579122414,0.2,1
210,20,130,0.09919124579122414,0.2,1
210,20,140,0.09919124579122414,0.2,1
210,30,100,0.09919124579122414,0.2,1
210,30,110,0.09919124579122414,0.2,1
210,30,120,0.09919124579122414,0.2,1
210,30,130,0.09919124579122414,0.2,1
210,30,140,0.09919124579122414,0.2,1
210,30,150,0.09919124579122414,0.2,1
210,40,100,0.09919124579122414,0.2,1
210,40,110,0.09919124579122414,0.2,1
210,40,120,0.09919124579122414,0.2,1
210,40,130,0.09919124579122414,0.2,1
210,40,140,0.09919124579122414,0.2,1
210,40,150,0.09919124579122414,0.2,1
210,60,-150,0.09919124579122414,0.2,1
210,60,-140,0.09919124579122414,0.2,1
210,60,-130,0.09919124579122414,0.2,1
210,60,-120,0.09919124579122414,0.2,1
210,60,-110,0.09919124579122414,0.2,1
210,60,-100,0.09919124579122414,0.2,1
210,60,-90,0.09919124579122414,0.2,1
210,70,-150,0.09919124579122414,0.2,1
210,70,-140,0.09919124579122414,0.2,1
210,70,-130,0.09919124579122414,0.2,1
210,70,-120,0.09919124579122414,0.2,1
210,70,-110,0.09919124579122414,0.2,1
210,70,-100,0.09919124579122414,0.2,1
210,80,-150,0.09919124579122414,0.2,1
210,80,-140,0.09919124579122414,0.2,1
210,80,-130,0.09919124579122414,0.2,1
210,80,-120,0.09919124579122414,0.2,1
210,80,-110,0.09919124579122414,0.2,1
210,80,-100,0.09919124579122414,0.2,1
210,90,-150,0.09919124579122414,0.2,1
210,90,-140,0.09919124579122414,0.2,1
210,90,-130,0.09919124579122414,0.2,1
210,90,-120,0.09919124579122414,0.2,1
210,90,-110,0.09919124579122414,0.2,1
210,90,-100,0.09919124579122414,0.2,1
220,10,110,0.09919124579122414,0.2,1
220,10,120,0.09919124579122414,0.2,1
220,10,130,0.09919124579122414,0.2,1
220,10,140,0.09919124579122414,0.2,1
220,10,150,0.09919124579122414,0.2,1
220,20,110,0.09919124579122414,0.2,1
220,20,120,0.09919124579122414,0.2,1
220,20,130,0.09919124579122414,0.2,1
220,20,140,0.09919124579122414,0.2,1
220,20,150,0.09919124579122414,0.2,1
220,30,110,0.09919124579122414,0.2,1
220,30,120,0.09919124579122414,0.2,1
220,30,130,0.09919124579122414,0.2,1
220,30,140,0.09919124579122414,0.2,1
220,30,150,0.09919124579122414,0.2,1
220,40,110,0.09919124579122414,0.2,1
220,40,120,0.09919124579122414,0.2,1
220,40,130,0.09919124579122414,0.2,1
220,40,140,0.09919124579122414,0.2,1
220,40,150,0.09919124579122414,0.2,1
220,50,-160,0.09919124579122414,0.2,1
220,60,-150,0.09919124579122414,0.2,1
220,60,-140,0.09919124579122414,0.2,1
220,60,-130,0.09919124579122414,0.2,1
220,60,-120,0.09919124579122414,0.2,1
220,60,-110,0.09919124579122414,0.2,1
220,60,-100,0.09919124579122414,0.2,1
220,60,-90,0.09919124579122414,0.2,1
220,70,-150,0.09919124579122414,0.2,1
220,70,-140,0.09919124579122414,0.2,1
220,70,-130,0.09919124579122414,0.2,1
220,70,-120,0.09919124579122414,0.2,1
220,70,-110,0.09919124579122414,0.2,1
220,70,-100,0.09919124579122414,0.2,1
220,70,-90,0.09919124579122414,0.2,1
220,80,-150,0.09919124579122414,0.2,1
220,80,-140,0.09919124579122414,0.2,1
220,80,-130,0.09919124579122414,0.2,1
220,80,-120,0.09919124579122414,0.2,1
220,80,-110,0.09919124579122414,0.2,1
220,80,-100,0.09919124579122414,0.2,1
220,90,-140,0.09919124579122414,0.2,1
220,90,-130,0.09919124579122414,0.2,1
220,90,-120,0.09919124579122414,0.2,1
220,90,-110,0.09919124579122414,0.2,1
220,90,-100,0.09919124579122414,0.2,1
230,10,120,0.09919124579122414,0.2,1
230,10,130,0.09919124579122414,0.2,1
230,10,140,0.09919124579122414,0.2,1
230,10,150,0.09919124579122414,0.2,1
230,10,160,0.09919124579122414,0.2,1
230,20,120,0.09919124579122414,0.2,1
230,20,130,0.09919124579122414,0.2,1
230,20,140,0.09919124579122414,0.2,1
230,20,150,0.09919124579122414,0.2,1
230,20,160,0.09919124579122414,0.2,1
230,30,120,0.09919124579122414,0.2,1
230,30,130,0.09919124579122414,0.2,1
230,30,140,0.09919124579122414,0.2,1
230,30,150,0.09919124579122414,0.2,1
230,30,160,0.09919124579122414,0.2,1
230,40,110,0.09919124579122414,0.2,1
230,40,120,0.09919124579122414,0.2,1
230,40,130,0.09919124579122414,0.2,1
230,40,140,0.09919124579122414,0.2,1
230,40,150,0.09919124579122414,0.2,1
230,40,160,0.09919124579122414,0.2,1
230,50,-160,0.09919124579122414,0.2,1
230,50,-150,0.09919124579122414,0.2,1
230,60,-140,0.09919124579122414,0.2,1
230,60,-130,0.09919124579122414,0.2,1
230,60,-120,0.09919124579122414,0.2,1
230,60,-110,0.09919124579122414,0.2,1
230,60,-100,0.09919124579122414,0.2,1
230,60,-90,0.09919124579122414,0.2,1
230,60,-80,0.09919124579122414,0.2,1
230,70,-140,0.09919124579122414,0.2,1
230,70,-130,0.09919124579122414,0.2,1
230,70,-120,0.09919124579122414,0.2,1
230,70,-110,0.09919124579122414,0.2,1
230,70,-100,0.09919124579122414,0.2,1
230,70,-90,0.09919124579122414,0.2,1
230,80,-140,0.09919124579122414,0.2,1
230,80,-130,0.09919124579122414,0.2,1
230,80,-120,0.09919124579122414,0.2,1
230,80,-110,0.09919124579122414,0.2,1
230,80,-100,0.09919124579122414,0.2,1
230,80,-90,0.09919124579122414,0.2,1
230,90,-140,0.09919124579122414,0.2,1
230,90,-130,0.09919124579122414,0.2,1
230,90,-120,0.09919124579122414,0.2,1
230,90,-110,0.09919124579122414,0.2,1
230,90,-100,0.09919124579122414,0.2,1
240,10,130,0.09919124579122414,0.2,1
240,10,140,0.09919124579122414,0.2,1
240,10,150,0.09919124579122414,0.2,1
240,10,160,0.09919124579122414,0.2,1
240,10,170,0.09919124579122414,0.2,1
240,20,130,0.09919124579122414,0.2,1
240,20,140,0.09919124579122414,0.2,1
240,20,150,0.09919124579122414,0.2,1
240,20,160,0.09919124579122414,0.2,1
240,20,170,0.09919124579122414,0.2,1
240,30,130,0.09919124579122414,0.2,1
240,30,140,0.09919124579122414,0.2,1
240,30,150,0.09919124579122414,0.2,1
240,30,160,0.09919124579122414,0.2,1
240,30,170,0.09919124579122414,0.2,1
240,40,120,0.09919124579122414,0.2,1
240,40,130,0.09919124579122414,0.2,1
240,40,140,0.09919124579122414,0.2,1
240,40,150,0.09919124579122414,0.2,1
240,40,160,0.09919124579122414,0.2,1
240,40,170,0.09919124579122414,0.2,1
240,50,-180,0.09919124579122414,0.2,1
240,50,-170,0.09919124579122414,0.2,1
240,50,-160,0.09919124579122414,0.2,1
240,60,-150,0.09919124579122414,0.2,1
240,70,-140,0.09919124579122414,0.2,1
240,70,-130,0.09919124579122414,0.2,1
240,70,-120,0.09919124579122414,0.2,1
240,70,-110,0.09919124579122414,0.2,1
240,70,-100,0.09919124579122414,0.2,1
240,70,-90,0.09919124579122414,0.2,1
240,80,-140,0.09919124579122414,0.2,1
240,80,-130,0.09919124579122414,0.2,1
240,80,-120,0.09919124579122414,0.2,1
240,80,-110,0.09919124579122414,0.2,1
240,80,-100,0.09919124579122414,0.2,1
240,80,-90,0.09919124579122414,0.2,1
240,90,-130,0.09919124579122414,0.2,1
240,90,-120,0.09919124579122414,0.2,1
240,90,-110,0.09919124579122414,0.2,1
240,90,-100,0.09919124579122414,0.2,1
250,10,140,0.09919124579122414,0.2,1
250,10,150,0.09919124579122414,0.2,1
250,10,160,0.09919124579122414,0.2,1
250,10,170,0.09919124579122414,0.2,1
250,20,140,0.09919124579122414,0.2,1
250,20,150,0.09919124579122414,0.2,1
250,20,160,0.09919124579122414,0.2,1
250,20,170,0.09919124579122414,0.2,1
250,30,140,0.09919124579122414,0.2,1
250,30,150,0.09919124579122414,0.2,1
250,30,160,0.09919124579122414,0.2,1
250,30,170,0.09919124579122414,0.2,1
250,40,130,0.09919124579122414,0.2,1
250,40,140,0.09919124579122414,0.2,1
250,40,150,0.09919124579122414,0.2,1
250,40,160,0.09919124579122414,0.2,1
250,40,170,0.09919124579122414,0.2,1
250,50,-180,0.09919124579122414,0.2,1
250,50,-170,0.09919124579122414,0.2,1
250,50,-160,0.09919124579122414,0.2,1
250,50,-150,0.09919124579122414,0.2,1
250,60,-140,0.09919124579122414,0.2,1
250,70,-130,0.09919124579122414,0.2,1
250,70,-120,0.09919124579122414,0.2,1
250,70,-110,0.09919124579122414,0.2,1
250,70,-100,0.09919124579122414,0.2,1
250,70,-90,0.09919124579122414,0.2,1
250,70,-80,0.09919124579122414,0.2,1
260,10,-180,0.09919124579122414,0.2,1
260,10,150,0.09919124579122414,0.2,1
260,10,160,0.09919124579122414,0.2,1
260,10,170,0.09919124579122414,0.2,1
260,20,-180,0.09919124579122414,0.2,1
260,20,150,0.09919124579122414,0.2,1
260,20,160,0.09919124579122414,0.2,1
260,20,170,0.09919124579122414,0.2,1
260,30,-180,0.09919124579122414,0.2,1
260,30,150,0.09919124579122414,0.2,1
260,30,160,0.09919124579122414,0.2,1
260,30,170,0.09919124579122414,0.2,1
260,40,-180,0.09919124579122414,0.2,1
260,40,140,0.09919124579122414,0.2,1
260,40,150,0.09919124579122414,0.2,1
260,40,160,0.09919124579122414,0.2,1
260,40,170,0.09919124579122414,0.2,1
260,50,-170,0.09919124579122414,0.2,1
260,50,-160,0.09919124579122414,0.2,1
260,50,-150,0.09919124579122414,0.2,1
260,60,-140,0.09919124579122414,0.2,1
270,10,-180,0.09919124579122414,0.2,1
270,10,-170,0.09919124579122414,0.2,1
270,10,160,0.09919124579122414,0.2,1
270,10,170,0.09919124579122414,0.2,1
270,20,-180,0.09919124579122414,0.2,1
270,20,-170,0.09919124579122414,0.2,1
270,20,160,0.09919124579122414,0.2,1
270,20,170,0.09919124579122414,0.2,1
270,30,-180,0.09919124579122414,0.2,1
270,30,-170,0.09919124579122414,0.2,1
270,30,160,0.09919124579122414,0.2,1
270,30,170,0.09919124579122414,0.2,1
270,40,-180,0.09919124579122414,0.2,1
270,40,-170,0.09919124579122414,0.2,1
270,40,160,0.09919124579122414,0.2,1
270,40,170,0.09919124579122414,0.2,1
280,10,-180,0.09919124579122414,0.2,1
280,10,-170,0.09919124579122414,0.2,1
280,10,-160,0.09919124579122414,0.2,1
280,10,170,0.09919124579122414,0.2,1
280,20,-180,0.09919124579122414,0.2,1
280,20,-170,0.09919124579122414,0.2,1
280,20,-160,0.09919124579122414,0.2,1
280,20,170,0.09919124579122414,0.2,1
280,30,-180,0.09919124579122414,0.2,1
280,30,-170,0.09919124579122414,0.2,1
280,30,-160,0.09919124579122414,0.2,1
280,30,170,0.09919124579122414,0.2,1
280,40,-180,0.09919124579122414,0.2,1
280,40,-170,0.09919124579122414,0.2,1
280,40,-160,0.09919124579122414,0.2,1
280,40,170,0.09919124579122414,0.2,1
290,10,-180,0.09919124579122414,0.2,1
290,10,-170,0.09919124579122414,0.2,1
290,10,-160,0.09919124579122414,0.2,1
290,10,-150,0.09919124579122414,0.2,1
290,20,-180,0.09919124579122414,0.2,1
290,20,-170,0.09919124579122414,0.2,1
290,20,-160,0.09919124579122414,0.2,1
290,20,-150,0.09919124579122414,0.2,1
290,30,-180,0.09919124579122414,0.2,1
290,30,-170,0.09919124579122414,0.2,1
290,30,-160,0.09919124579122414,0.2,1
300,10,-170,0.09919124579122414,0.2,1
300,10,-160,0.09919124579122414,0.2,1
300,10,-150,0.09919124579122414,0.2,1
300,10,-140,0.09919124579122414,0.2,1
300,20,-170,0.09919124579122414,0.2,1
300,20,-160,0.09919124579122414,0.2,1
300,20,-150,0.09919124579122414,0.2,1
300,30,-160,0.09919124579122414,0.2,1
300,30,-150,0.09919124579122414,0.2,1
310,10,-160,0.09919124579122414,0.2,1
310,10,-150,0.09919124579122414,0.2,1
310,10,-140,0.09919124579122414,0.2,1
310,10,-130,0.09919124579122414,0.2,1
310,20,-150,0.09919124579122414,0.2,1
310,20,-140,0.09919124579122414,0.2,1
320,10,-150,0.09919124579122414,0.2,1
320,10,-140,0.09919124579122414,0.2,1
320,10,-130,0.09919124579122414,0.2,1
320,10,-120,0.09919124579122414,0.2,1
320,20,-140,0.09919124579122414,0.2,1
320,20,-130,0.09919124579122414,0.2,1
320,70,50,0.09919124579122414,0.2,1
320,70,60,0.09919124579122414,0.2,1
330,10,-140,0.09919124579122414,0.2,1
330,10,-130,0.09919124579122414,0.2,1
330,10,-120,0.09919124579122414,0.2,1
330,10,-110,0.09919124579122414,0.2,1
330,20,-130,0.09919124579122414,0.2,1
330,20,-120,0.09919124579122414,0.2,1
330,60,60,0.09919124579122414,0.2,1
330,70,50,0.09919124579122414,0.2,1
330,70,60,0.09919124579122414,0.2,1
330,70,70,0.09919124579122414,0.2,1
330,90,40,0.09919124579122414,0.2,1
340,10,-120,0.09919124579122414,0.2,1
340,10,-110,0.09919124579122414,0.2,1
340,10,-100,0.09919124579122414,0.2,1
340,20,-120,0.09919124579122414,0.2,1
340,20,-110,0.09919124579122414,0.2,1
340,60,60,0.09919124579122414,0.2,1
340,60,70,0.09919124579122414,0.2,1
340,70,50,0.09919124579122414,0.2,1
340,70,60,0.09919124579122414,0.2,1
340,70,70,0.09919124579122414,0.2,1
340,80,50,0.09919124579122414,0.2,1
340,80,60,0.09919124579122414,0.2,1
340,80,70,0.09919124579122414,0.2,1
340,80,80,0.09919124579122414,0.2,1
340,90,40,0.09919124579122414,0.2,1
350,10,-110,0.09919124579122414,0.2,1
350,10,-100,0.09919124579122414,0.2,1
350,20,-110,0.09919124579122414,0.2,1
350,20,-100,0.09919124579122414,0.2,1
350,50,70,0.09919124579122414,0.2,1
350,60,60,0.09919124579122414,0.2,1
350,60,70,0.09919124579122414,0.2,1
350,70,50,0.09919124579122414,0.2,1
350,70,60,0.09919124579122414,0.2,1
350,70,70,0.09919124579122414,0.2,1
350,70,80,0.09919124579122414,0.2,1
350,80,50,0.09919124579122414,0.2,1
350,80,60,0.09919124579122414,0.2,1
350,80,70,0.09919124579122414,0.2,1
350,80,80,0.09919124579122414,0.2,1
350,90,50,0.09919124579122414,0.2,1
350,90,60,0.09919124579122414,0.2,1
350,90,70,0.09919124579122414,0.2,1
350,90,80,0.09919124579122414,0.2,1
350,90,90,0.09919124579122414,0.2,1
30,30,-130,0.19144934382440293,0.4,2
30,40,-130,0.19144934382440293,0.4,2
30,40,-120,0.19144934382440293,0.4,2
30,40,-110,0.19144934382440293,0.4,2
30,40,-100,0.19144934382440293,0.4,2
30,50,120,0.19144934382440293,0.4,2
30,50,130,0.19144934382440293,0.4,2
30,60,140,0.19144934382440293,0.4,2
30,60,150,0.19144934382440293,0.4,2
30,60,160,0.19144934382440293,0.4,2
30,70,150,0.19144934382440293,0.4,2
30,70,160,0.19144934382440293,0.4,2
30,80,150,0.19144934382440293,0.4,2
30,80,160,0.19144934382440293,0.4,2
30,80,170,0.19144934382440293,0.4,2
30,90,160,0.19144934382440293,0.4,2
30,90,170,0.19144934382440293,0.4,2
40,30,-120,0.19144934382440293,0.4,2
40,30,-110,0.19144934382440293,0.4,2
40,40,-110,0.19144934382440293,0.4,2
40,40,-100,0.19144934382440293,0.4,2
40,40,-90,0.19144934382440293,0.4,2
40,60,130,0.19144934382440293,0.4,2
40,60,140,0.19144934382440293,0.4,2
40,70,140,0.19144934382440293,0.4,2
40,70,150,0.19144934382440293,0.4,2
40,80,150,0.19144934382440293,0.4,2
40,80,160,0.19144934382440293,0.4,2
40,90,150,0.19144934382440293,0.4,2
40,90,160,0.19144934382440293,0.4,2
50,30,-110,0.19144934382440293,0.4,2
50,30,-100,0.19144934382440293,0.4,2
50,40,-90,0.19144934382440293,0.4,2
50,70,140,0.19144934382440293,0.4,2
50,80,140,0.19144934382440293,0.4,2
50,80,150,0.19144934382440293,0.4,2
50,90,150,0.19144934382440293,0.4,2
60,30,-100,0.19144934382440293,0.4,2
60,30,-90,0.19144934382440293,0.4,2
60,40,-80,0.19144934382440293,0.4,2
60,90,140,0.19144934382440293,0.4,2
70,30,-90,0.19144934382440293,0.4,2
70,40,-80,0.19144934382440293,0.4,2
80,30,-90,0.19144934382440293,0.4,2
80,30,-80,0.19144934382440293,0.4,2
80,40,-70,0.19144934382440293,0.4,2
90,30,-80,0.19144934382440293,0.4,2
90,30,-70,0.19144934382440293,0.4,2
90,40,-70,0.19144934382440293,0.4,2
90,40,-60,0.19144934382440293,0.4,2
90,50,-60,0.19144934382440293,0.4,2
100,30,-70,0.19144934382440293,0.4,2
100,30,-60,0.19144934382440293,0.4,2
100,40,-60,0.19144934382440293,0.4,2
100,50,-50,0.19144934382440293,0.4,2
100,60,-50,0.19144934382440293,0.4,2
110,30,-60,0.19144934382440293,0.4,2
110,40,-60,0.19144934382440293,0.4,2
110,40,-50,0.19144934382440293,0.4,2
110,50,-50,0.19144934382440293,0.4,2
110,60,-50,0.19144934382440293,0.4,2
110,80,-30,0.19144934382440293,0.4,2
110,80,-20,0.19144934382440293,0.4,2
110,80,-10,0.19144934382440293,0.4,2
110,90,-30,0.19144934382440293,0.4,2
110,90,-20,0.19144934382440293,0.4,2
120,30,-50,0.19144934382440293,0.4,2
120,40,-50,0.19144934382440293,0.4,2
120,50,-50,0.19144934382440293,0.4,2
120,60,-40,0.19144934382440293,0.4,2
120,70,-30,0.19144934382440293,0.4,2
120,70,-20,0.19144934382440293,0.4,2
120,70,-10,0.19144934382440293,0.4,2
120,70,0,0.19144934382440293,0.4,2
120,70,10,0.19144934382440293,0.4,2
120,70,20,0.19144934382440293,0.4,2
120,80,-40,0.19144934382440293,0.4,2
120,80,-30,0.19144934382440293,0.4,2
120,80,-20,0.19144934382440293,0.4,2
120,80,-10,0.19144934382440293,0.4,2
120,80,0,0.19144934382440293,0.4,2
120,80,10,0.19144934382440293,0.4,2
120,80,20,0.19144934382440293,0.4,2
120,80,30,0.19144934382440293,0.4,2
130,40,-40,0.19144934382440293,0.4,2
130,50,-40,0.19144934382440293,0.4,2
130,60,-30,0.19144934382440293,0.4,2
130,60,-20,0.19144934382440293,0.4,2
130,60,-10,0.19144934382440293,0.4,2
130,60,0,0.19144934382440293,0.4,2
130,60,10,0.19144934382440293,0.4,2
130,60,20,0.19144934382440293,0.4,2
130,60,30,0.19144934382440293,0.4,2
130,70,-30,0.19144934382440293,0.4,2
130,70,-20,0.19144934382440293,0.4,2
130,70,-10,0.19144934382440293,0.4,2
130,70,0,0.19144934382440293,0.4,2
130,70,10,0.19144934382440293,0.4,2
130,70,20,0.19144934382440293,0.4,2
130,70,30,0.19144934382440293,0.4,2
140,40,-30,0.19144934382440293,0.4,2
140,50,-40,0.19144934382440293,0.4,2
140,50,-30,0.19144934382440293,0.4,2
140,60,-20,0.19144934382440293,0.4,2
140,60,-10,0.19144934382440293,0.4,2
140,60,0,0.19144934382440293,0.4,2
140,60,10,0.19144934382440293,0.4,2
140,60,20,0.19144934382440293,0.4,2
140,60,30,0.19144934382440293,0.4,2
140,60,40,0.19144934382440293,0.4,2
150,50,-10,0.19144934382440293,0.4,2
150,50,0,0.19144934382440293,0.4,2
150,50,10,0.19144934382440293,0.4,2
150,50,20,0.19144934382440293,0.4,2
150,50,30,0.19144934382440293,0.4,2
150,50,40,0.19144934382440293,0.4,2
160,50,30,0.19144934382440293,0.4,2
160,50,40,0.19144934382440293,0.4,2
160,50,50,0.19144934382440293,0.4,2
200,60,-180,0.19144934382440293,0.4,2
200,60,-170,0.19144934382440293,0.4,2
200,70,-180,0.19144934382440293,0.4,2
200,70,-170,0.19144934382440293,0.4,2
210,60,-170,0.19144934382440293,0.4,2
210,60,-160,0.19144934382440293,0.4,2
210,70,-170,0.19144934382440293,0.4,2
210,70,-160,0.19144934382440293,0.4,2
210,80,-170,0.19144934382440293,0.4,2
210,80,-160,0.19144934382440293,0.4,2
210,90,-170,0.19144934382440293,0.4,2
210,90,-160,0.19144934382440293,0.4,2
220,50,-150,0.19144934382440293,0.4,2
220,50,-140,0.19144934382440293,0.4,2
220,50,-130,0.19144934382440293,0.4,2
220,50,-120,0.19144934382440293,0.4,2
220,50,-110,0.19144934382440293,0.4,2
220,50,-100,0.19144934382440293,0.4,2
220,50,-90,0.19144934382440293,0.4,2
220,60,-160,0.19144934382440293,0.4,2
220,70,-160,0.19144934382440293,0.4,2
220,80,-160,0.19144934382440293,0.4,2
220,90,-160,0.19144934382440293,0.4,2
220,90,-150,0.19144934382440293,0.4,2
230,50,-140,0.19144934382440293,0.4,2
230,50,-130,0.19144934382440293,0.4,2
230,50,-120,0.19144934382440293,0.4,2
230,50,-110,0.19144934382440293,0.4,2
230,50,-100,0.19144934382440293,0.4,2
230,50,-90,0.19144934382440293,0.4,2
230,50,-80,0.19144934382440293,0.4,2
230,60,-160,0.19144934382440293,0.4,2
230,60,-150,0.19144934382440293,0.4,2
230,70,-160,0.19144934382440293,0.4,2
230,70,-150,0.19144934382440293,0.4,2
230,80,-150,0.19144934382440293,0.4,2
230,90,-150,0.19144934382440293,0.4,2
240,60,-140,0.19144934382440293,0.4,2
240,60,-130,0.19144934382440293,0.4,2
240,60,-120,0.19144934382440293,0.4,2
240,60,-110,0.19144934382440293,0.4,2
240,60,-100,0.19144934382440293,0.4,2
240,60,-90,0.19144934382440293,0.4,2
240,60,-80,0.19144934382440293,0.4,2
240,70,-150,0.19144934382440293,0.4,2
240,80,-150,0.19144934382440293,0.4,2
240,90,-140,0.19144934382440293,0.4,2
250,60,-130,0.19144934382440293,0.4,2
250,60,-120,0.19144934382440293,0.4,2
250,60,-110,0.19144934382440293,0.4,2
250,60,-100,0.19144934382440293,0.4,2
250,60,-90,0.19144934382440293,0.4,2
250,60,-80,0.19144934382440293,0.4,2
250,60,-70,0.19144934382440293,0.4,2
250,70,-140,0.19144934382440293,0.4,2
260,60,-130,0.19144934382440293,0.4,2
260,60,-120,0.19144934382440293,0.4,2
260,60,-110,0.19144934382440293,0.4,2
260,60,-100,0.19144934382440293,0.4,2
260,60,-90,0.19144934382440293,0.4,2
260,60,-80,0.19144934382440293,0.4,2
260,60,-70,0.19144934382440293,0.4,2
260,60,-60,0.19144934382440293,0.4,2
290,90,20,0.19144934382440293,0.4,2
290,90,30,0.19144934382440293,0.4,2
100,90,140,0.27590825081544146,0.2,1
100,90,150,0.27590825081544146,0.2,1
150,50,-50,0.27590825081544146,0.2,1
150,50,-40,0.27590825081544146,0.2,1
160,50,-50,0.27590825081544146,0.2,1
160,50,-40,0.27590825081544146,0.2,1
160,60,-30,0.27590825081544146,0.2,1
160,60,-20,0.27590825081544146,0.2,1
160,70,-30,0.27590825081544146,0.2,1
160,70,-20,0.27590825081544146,0.2,1
170,50,-20,0.27590825081544146,0.2,1
170,50,-10,0.27590825081544146,0.2,1
170,60,-20,0.27590825081544146,0.2,1
170,60,-10,0.27590825081544146,0.2,1
170,70,-20,0.27590825081544146,0.2,1
170,70,-10,0.27590825081544146,0.2,1
170,80,-20,0.27590825081544146,0.2,1
180,50,-10,0.27590825081544146,0.2,1
180,60,-10,0.27590825081544146,0.2,1
180,70,-10,0.27590825081544146,0.2,1
190,50,-10,0.27590825081544146,0.2,1
190,50,0,0.27590825081544146,0.2,1
190,60,-10,0.27590825081544146,0.2,1
190,60,0,0.27590825081544146,0.2,1
260,70,-170,0.27590825081544146,0.2,1
260,70,-160,0.27590825081544146,0.2,1
260,70,-150,0.27590825081544146,0.2,1
270,50,-130,0.27590825081544146,0.2,1
270,70,-160,0.27590825081544146,0.2,1
270,70,-150,0.27590825081544146,0.2,1
270,70,-140,0.27590825081544146,0.2,1
270,80,-160,0.27590825081544146,0.2,1
270,80,-150,0.27590825081544146,0.2,1
270,80,-140,0.27590825081544146,0.2,1
280,50,-130,0.27590825081544146,0.2,1
280,60,-130,0.27590825081544146,0.2,1
280,80,-150,0.27590825081544146,0.2,1
280,80,-140,0.27590825081544146,0.2,1
280,90,-150,0.27590825081544146,0.2,1
280,90,-140,0.27590825081544146,0.2,1
290,60,-130,0.27590825081544146,0.2,1
0,10,-20,0.2836709931607029,0.2,1
0,10,-10,0.2836709931607029,0.2,1
0,20,-30,0.2836709931607029,0.2,1
0,20,-20,0.2836709931607029,0.2,1
0,20,-10,0.2836709931607029,0.2,1
0,50,30,0.2836709931607029,0.2,1
0,50,40,0.2836709931607029,0.2,1
0,50,50,0.2836709931607029,0.2,1
0,50,60,0.2836709931607029,0.2,1
0,60,30,0.2836709931607029,0.2,1
0,60,40,0.2836709931607029,0.2,1
0,70,30,0.2836709931607029,0.2,1
10,10,-10,0.2836709931607029,0.2,1
10,10,0,0.2836709931607029,0.2,1
10,20,-20,0.2836709931607029,0.2,1
10,20,-10,0.2836709931607029,0.2,1
10,20,0,0.2836709931607029,0.2,1
10,20,10,0.2836709931607029,0.2,1
10,30,-30,0.2836709931607029,0.2,1
10,30,-20,0.2836709931607029,0.2,1
10,30,-10,0.2836709931607029,0.2,1
10,30,0,0.2836709931607029,0.2,1
10,30,10,0.2836709931607029,0.2,1
10,30,20,0.2836709931607029,0.2,1
10,40,40,0.2836709931607029,0.2,1
10,50,40,0.2836709931607029,0.2,1
10,50,50,0.2836709931607029,0.2,1
10,50,60,0.2836709931607029,0.2,1
20,10,0,0.2836709931607029,0.2,1
20,10,10,0.2836709931607029,0.2,1
20,10,20,0.2836709931607029,0.2,1
20,20,0,0.2836709931607029,0.2,1
20,20,10,0.2836709931607029,0.2,1
20,20,20,0.2836709931607029,0.2,1
20,30,-10,0.2836709931607029,0.2,1
20,30,0,0.2836709931607029,0.2,1
20,30,10,0.2836709931607029,0.2,1
20,30,20,0.2836709931607029,0.2,1
20,30,30,0.2836709931607029,0.2,1
20,40,40,0.2836709931607029,0.2,1
20,40,50,0.2836709931607029,0.2,1
20,40,60,0.2836709931607029,0.2,1
20,40,70,0.2836709931607029,0.2,1
30,10,10,0.2836709931607029,0.2,1
30,10,20,0.2836709931607029,0.2,1
30,10,30,0.2836709931607029,0.2,1
30,20,10,0.2836709931607029,0.2,1
30,20,20,0.2836709931607029,0.2,1
30,20,30,0.2836709931607029,0.2,1
30,20,40,0.2836709931607029,0.2,1
40,10,20,0.2836709931607029,0.2,1
40,10,30,0.2836709931607029,0.2,1
40,10,40,0.2836709931607029,0.2,1
100,90,-120,0.2836709931607029,0.2,1
100,90,-110,0.2836709931607029,0.2,1
100,90,-100,0.2836709931607029,0.2,1
100,90,-90,0.2836709931607029,0.2,1
100,90,-80,0.2836709931607029,0.2,1
100,90,-70,0.2836709931607029,0.2,1
110,80,-110,0.2836709931607029,0.2,1
110,80,-100,0.2836709931607029,0.2,1
110,80,-90,0.2836709931607029,0.2,1
110,80,-80,0.2836709931607029,0.2,1
110,80,-70,0.2836709931607029,0.2,1
110,80,-60,0.2836709931607029,0.2,1
110,80,-50,0.2836709931607029,0.2,1
110,90,-120,0.2836709931607029,0.2,1
110,90,-110,0.2836709931607029,0.2,1
110,90,-100,0.2836709931607029,0.2,1
110,90,-90,0.2836709931607029,0.2,1
110,90,-80,0.2836709931607029,0.2,1
110,90,-70,0.2836709931607029,0.2,1
110,90,-60,0.2836709931607029,0.2,1
110,90,-50,0.2836709931607029,0.2,1
120,70,-100,0.2836709931607029,0.2,1
120,70,-90,0.2836709931607029,0.2,1
120,70,-80,0.2836709931607029,0.2,1
120,70,-70,0.2836709931607029,0.2,1
120,70,-60,0.2836709931607029,0.2,1
120,70,-50,0.2836709931607029,0.2,1
120,80,-120,0.2836709931607029,0.2,1
120,80,-110,0.2836709931607029,0.2,1
120,80,-100,0.2836709931607029,0.2,1
120,80,-90,0.2836709931607029,0.2,1
120,80,-80,0.2836709931607029,0.2,1
120,80,-70,0.2836709931607029,0.2,1
120,80,-60,0.2836709931607029,0.2,1
120,80,-50,0.2836709931607029,0.2,1
130,60,-80,0.2836709931607029,0.2,1
130,60,-70,0.2836709931607029,0.2,1
130,60,-60,0.2836709931607029,0.2,1
130,70,-110,0.2836709931607029,0.2,1
130,70,-100,0.2836709931607029,0.2,1
130,70,-90,0.2836709931607029,0.2,1
130,70,-80,0.2836709931607029,0.2,1
130,70,-70,0.2836709931607029,0.2,1
130,70,-60,0.2836709931607029,0.2,1
130,70,-50,0.2836709931607029,0.2,1
140,60,-80,0.2836709931607029,0.2,1
140,60,-70,0.2836709931607029,0.2,1
140,60,-60,0.2836709931607029,0.2,1
170,90,-30,0.2836709931607029,0.2,1
180,10,160,0.2836709931607029,0.2,1
180,10,170,0.2836709931607029,0.2,1
190,10,-180,0.2836709931607029,0.2,1
190,10,170,0.2836709931607029,0.2,1
190,20,-180,0.2836709931607029,0.2,1
190,20,170,0.2836709931607029,0.2,1
200,10,-180,0.2836709931607029,0.2,1
200,10,-170,0.2836709931607029,0.2,1
200,20,-180,0.2836709931607029,0.2,1
200,20,-170,0.2836709931607029,0.2,1
200,30,-180,0.2836709931607029,0.2,1
200,30,-170,0.2836709931607029,0.2,1
200,40,-180,0.2836709931607029,0.2,1
200,40,-170,0.2836709931607029,0.2,1
210,10,-170,0.2836709931607029,0.2,1
210,10,-160,0.2836709931607029,0.2,1
210,20,-170,0.2836709931607029,0.2,1
210,20,-160,0.2836709931607029,0.2,1
210,30,-170,0.2836709931607029,0.2,1
210,30,-160,0.2836709931607029,0.2,1
210,40,-170,0.2836709931607029,0.2,1
220,10,-160,0.2836709931607029,0.2,1
220,10,-150,0.2836709931607029,0.2,1
220,20,-160,0.2836709931607029,0.2,1
220,30,-160,0.2836709931607029,0.2,1
220,40,-160,0.2836709931607029,0.2,1
220,50,100,0.2836709931607029,0.2,1
220,50,110,0.2836709931607029,0.2,1
220,50,120,0.2836709931607029,0.2,1
220,50,130,0.2836709931607029,0.2,1
220,50,140,0.2836709931607029,0.2,1
220,50,150,0.2836709931607029,0.2,1
230,10,-150,0.2836709931607029,0.2,1
230,10,-140,0.2836709931607029,0.2,1
230,20,-150,0.2836709931607029,0.2,1
230,30,-160,0.2836709931607029,0.2,1
230,30,-150,0.2836709931607029,0.2,1
230,40,-160,0.2836709931607029,0.2,1
230,40,-150,0.2836709931607029,0.2,1
230,50,110,0.2836709931607029,0.2,1
230,50,120,0.2836709931607029,0.2,1
230,50,130,0.2836709931607029,0.2,1
230,50,140,0.2836709931607029,0.2,1
230,50,150,0.2836709931607029,0.2,1
230,50,160,0.2836709931607029,0.2,1
240,10,-140,0.2836709931607029,0.2,1
240,10,-130,0.2836709931607029,0.2,1
240,20,-150,0.2836709931607029,0.2,1
240,20,-140,0.2836709931607029,0.2,1
240,30,-150,0.2836709931607029,0.2,1
240,30,-140,0.2836709931607029,0.2,1
240,40,-150,0.2836709931607029,0.2,1
240,60,120,0.2836709931607029,0.2,1
240,60,130,0.2836709931607029,0.2,1
240,60,140,0.2836709931607029,0.2,1
240,60,150,0.2836709931607029,0.2,1
240,60,160,0.2836709931607029,0.2,1
240,60,170,0.2836709931607029,0.2,1
250,10,-130,0.2836709931607029,0.2,1
250,10,-120,0.2836709931607029,0.2,1
250,20,-140,0.2836709931607029,0.2,1
250,20,-130,0.2836709931607029,0.2,1
250,30,-140,0.2836709931607029,0.2,1
250,40,-140,0.2836709931607029,0.2,1
250,60,120,0.2836709931607029,0.2,1
250,60,130,0.2836709931607029,0.2,1
250,60,140,0.2836709931607029,0.2,1
250,60,150,0.2836709931607029,0.2,1
250,60,160,0.2836709931607029,0.2,1
250,60,170,0.2836709931607029,0.2,1
260,10,-130,0.2836709931607029,0.2,1
260,10,-120,0.2836709931607029,0.2,1
260,20,-130,0.2836709931607029,0.2,1
260,20,-120,0.2836709931607029,0.2,1
260,30,-130,0.2836709931607029,0.2,1
260,40,-140,0.2836709931607029,0.2,1
260,40,-130,0.2836709931607029,0.2,1
260,60,-180,0.2836709931607029,0.2,1
260,60,130,0.2836709931607029,0.2,1
260,60,140,0.2836709931607029,0.2,1
260,60,150,0.2836709931607029,0.2,1
260,60,160,0.2836709931607029,0.2,1
260,60,170,0.2836709931607029,0.2,1
260,70,120,0.2836709931607029,0.2,1
270,10,-120,0.2836709931607029,0.2,1
270,10,-110,0.2836709931607029,0.2,1
270,20,-120,0.2836709931607029,0.2,1
270,20,-110,0.2836709931607029,0.2,1
270,30,-130,0.2836709931607029,0.2,1
270,30,-120,0.2836709931607029,0.2,1
270,40,-130,0.2836709931607029,0.2,1
270,80,110,0.2836709931607029,0.2,1
270,80,120,0.2836709931607029,0.2,1
280,10,-110,0.2836709931607029,0.2,1
280,10,-100,0.2836709931607029,0.2,1
280,20,-120,0.2836709931607029,0.2,1
280,20,-110,0.2836709931607029,0.2,1
280,30,-120,0.2836709931607029,0.2,1
280,40,-120,0.2836709931607029,0.2,1
280,80,120,0.2836709931607029,0.2,1
280,90,70,0.2836709931607029,0.2,1
280,90,80,0.2836709931607029,0.2,1
280,90,90,0.2836709931607029,0.2,1
280,90,100,0.2836709931607029,0.2,1
280,90,110,0.2836709931607029,0.2,1
280,90,120,0.2836709931607029,0.2,1
290,10,-100,0.2836709931607029,0.2,1
290,10,-90,0.2836709931607029,0.2,1
290,20,-110,0.2836709931607029,0.2,1
290,20,-100,0.2836709931607029,0.2,1
290,30,-110,0.2836709931607029,0.2,1
290,90,50,0.2836709931607029,0.2,1
290,90,60,0.2836709931607029,0.2,1
290,90,70,0.2836709931607029,0.2,1
290,90,80,0.2836709931607029,0.2,1
290,90,90,0.2836709931607029,0.2,1
290,90,100,0.2836709931607029,0.2,1
290,90,110,0.2836709931607029,0.2,1
290,90,120,0.2836709931607029,0.2,1
300,10,-90,0.2836709931607029,0.2,1
300,10,-80,0.2836709931607029,0.2,1
300,20,-100,0.2836709931607029,0.2,1
300,20,-90,0.2836709931607029,0.2,1
300,30,-110,0.2836709931607029,0.2,1
300,30,-100,0.2836709931607029,0.2,1
310,10,-80,0.2836709931607029,0.2,1
310,10,-70,0.2836709931607029,0.2,1
310,20,-90,0.2836709931607029,0.2,1
310,20,-80,0.2836709931607029,0.2,1
320,10,-70,0.2836709931607029,0.2,1
320,10,-60,0.2836709931607029,0.2,1
320,10,-50,0.2836709931607029,0.2,1
320,20,-80,0.2836709931607029,0.2,1
320,20,-70,0.2836709931607029,0.2,1
330,10,-60,0.2836709931607029,0.2,1
330,10,-50,0.2836709931607029,0.2,1
330,10,-40,0.2836709931607029,0.2,1
330,20,-70,0.2836709931607029,0.2,1
330,20,-60,0.2836709931607029,0.2,1
330,20,-50,0.2836709931607029,0.2,1
340,10,-50,0.2836709931607029,0.2,1
340,10,-40,0.2836709931607029,0.2,1
340,10,-30,0.2836709931607029,0.2,1
340,20,-60,0.2836709931607029,0.2,1
340,20,-50,0.2836709931607029,0.2,1
340,20,-40,0.2836709931607029,0.2,1
340,70,40,0.2836709931607029,0.2,1
340,80,30,0.2836709931607029,0.2,1
340,80,40,0.2836709931607029,0.2,1
350,10,-40,0.2836709931607029,0.2,1
350,10,-30,0.2836709931607029,0.2,1
350,10,-20,0.2836709931607029,0.2,1
350,20,-50,0.2836709931607029,0.2,1
350,20,-40,0.2836709931607029,0.2,1
350,20,-30,0.2836709931607029,0.2,1
350,20,-20,0.2836709931607029,0.2,1
350,60,40,0.2836709931607029,0.2,1
350,60,50,0.2836709931607029,0.2,1
350,70,20,0.2836709931607029,0.2,1
350,70,30,0.2836709931607029,0.2,1
350,70,40,0.2836709931607029,0.2,1
350,80,30,0.2836709931607029,0.2,1
350,90,30,0.2836709931607029,0.2,1
0,30,80,0.3412295102326316,0.4,2
0,30,90,0.3412295102326316,0.4,2
0,30,100,0.3412295102326316,0.4,2
0,30,110,0.3412295102326316,0.4,2
0,30,120,0.3412295102326316,0.4,2
0,40,80,0.3412295102326316,0.4,2
0,40,90,0.3412295102326316,0.4,2
0,40,100,0.3412295102326316,0.4,2
0,80,-150,0.3412295102326316,0.4,2
0,90,-150,0.3412295102326316,0.4,2
0,90,-140,0.3412295102326316,0.4,2
10,40,90,0.3412295102326316,0.4,2
10,40,100,0.3412295102326316,0.4,2
10,40,110,0.3412295102326316,0.4,2
10,70,-150,0.3412295102326316,0.4,2
10,80,-160,0.3412295102326316,0.4,2
10,80,-150,0.3412295102326316,0.4,2
10,80,-140,0.3412295102326316,0.4,2
10,90,-160,0.3412295102326316,0.4,2
10,90,-150,0.3412295102326316,0.4,2
10,90,-140,0.3412295102326316,0.4,2
20,40,100,0.3412295102326316,0.4,2
20,40,110,0.3412295102326316,0.4,2
20,40,120,0.3412295102326316,0.4,2
20,40,130,0.3412295102326316,0.4,2
20,40,140,0.3412295102326316,0.4,2
20,40,150,0.3412295102326316,0.4,2
20,50,-140,0.3412295102326316,0.4,2
20,60,-160,0.3412295102326316,0.4,2
20,60,-150,0.3412295102326316,0.4,2
20,60,-140,0.3412295102326316,0.4,2
20,70,-170,0.3412295102326316,0.4,2
20,70,-160,0.3412295102326316,0.4,2
20,70,-150,0.3412295102326316,0.4,2
20,70,-140,0.3412295102326316,0.4,2
20,80,-170,0.3412295102326316,0.4,2
20,80,-160,0.3412295102326316,0.4,2
20,80,-150,0.3412295102326316,0.4,2
20,80,-140,0.3412295102326316,0.4,2
20,90,-170,0.3412295102326316,0.4,2
20,90,-160,0.3412295102326316,0.4,2
20,90,-150,0.3412295102326316,0.4,2
150,60,60,0.3412295102326316,0.4,2
150,60,70,0.3412295102326316,0.4,2
150,60,80,0.3412295102326316,0.4,2
150,60,90,0.3412295102326316,0.4,2
150,60,100,0.3412295102326316,0.4,2
150,60,110,0.3412295102326316,0.4,2
150,60,120,0.3412295102326316,0.4,2
160,60,70,0.3412295102326316,0.4,2
160,60,80,0.3412295102326316,0.4,2
160,60,90,0.3412295102326316,0.4,2
160,60,100,0.3412295102326316,0.4,2
160,60,110,0.3412295102326316,0.4,2
160,60,120,0.3412295102326316,0.4,2
170,50,70,0.3412295102326316,0.4,2
170,50,80,0.3412295102326316,0.4,2
170,50,90,0.3412295102326316,0.4,2
170,50,100,0.3412295102326316,0.4,2
170,50,110,0.3412295102326316,0.4,2
170,50,120,0.3412295102326316,0.4,2
170,50,130,0.3412295102326316,0.4,2
170,60,90,0.3412295102326316,0.4,2
170,60,100,0.3412295102326316,0.4,2
170,60,110,0.3412295102326316,0.4,2
170,60,120,0.3412295102326316,0.4,2
170,60,130,0.3412295102326316,0.4,2
170,70,120,0.3412295102326316,0.4,2
170,70,130,0.3412295102326316,0.4,2
180,50,80,0.3412295102326316,0.4,2
180,50,90,0.3412295102326316,0.4,2
180,50,100,0.3412295102326316,0.4,2
180,50,110,0.3412295102326316,0.4,2
180,50,120,0.3412295102326316,0.4,2
180,50,130,0.3412295102326316,0.4,2
180,60,90,0.3412295102326316,0.4,2
180,60,100,0.3412295102326316,0.4,2
180,60,110,0.3412295102326316,0.4,2
180,60,120,0.3412295102326316,0.4,2
180,60,130,0.3412295102326316,0.4,2
180,70,120,0.3412295102326316,0.4,2
180,70,130,0.3412295102326316,0.4,2
180,80,140,0.3412295102326316,0.4,2
180,80,150,0.3412295102326316,0.4,2
180,90,140,0.3412295102326316,0.4,2
180,90,150,0.3412295102326316,0.4,2
190,50,80,0.3412295102326316,0.4,2
190,50,90,0.3412295102326316,0.4,2
190,50,100,0.3412295102326316,0.4,2
190,50,110,0.3412295102326316,0.4,2
190,50,120,0.3412295102326316,0.4,2
190,50,130,0.3412295102326316,0.4,2
190,50,140,0.3412295102326316,0.4,2
190,60,100,0.3412295102326316,0.4,2
190,60,110,0.3412295102326316,0.4,2
190,60,120,0.3412295102326316,0.4,2
190,60,130,0.3412295102326316,0.4,2
190,60,140,0.3412295102326316,0.4,2
190,70,150,0.3412295102326316,0.4,2
190,70,160,0.3412295102326316,0.4,2
190,80,150,0.3412295102326316,0.4,2
190,80,160,0.3412295102326316,0.4,2
190,90,140,0.3412295102326316,0.4,2
190,90,150,0.3412295102326316,0.4,2
190,90,160,0.3412295102326316,0.4,2
200,80,150,0.3412295102326316,0.4,2
200,80,160,0.3412295102326316,0.4,2
200,80,170,0.3412295102326316,0.4,2
200,90,150,0.3412295102326316,0.4,2
200,90,160,0.3412295102326316,0.4,2
200,90,170,0.3412295102326316,0.4,2
270,50,-30,0.3412295102326316,0.4,2
270,50,-20,0.3412295102326316,0.4,2
270,50,-10,0.3412295102326316,0.4,2
270,50,0,0.3412295102326316,0.4,2
270,50,10,0.3412295102326316,0.4,2
270,60,-40,0.3412295102326316,0.4,2
270,60,-30,0.3412295102326316,0.4,2
270,60,-20,0.3412295102326316,0.4,2
270,60,-10,0.3412295102326316,0.4,2
270,60,0,0.3412295102326316,0.4,2
270,60,10,0.3412295102326316,0.4,2
280,50,-10,0.3412295102326316,0.4,2
280,50,0,0.3412295102326316,0.4,2
280,50,10,0.3412295102326316,0.4,2
280,50,20,0.3412295102326316,0.4,2
280,60,-20,0.3412295102326316,0.4,2
280,60,-10,0.3412295102326316,0.4,2
280,60,0,0.3412295102326316,0.4,2
280,60,10,0.3412295102326316,0.4,2
280,60,20,0.3412295102326316,0.4,2
280,70,-30,0.3412295102326316,0.4,2
280,70,-20,0.3412295102326316,0.4,2
280,70,-10,0.3412295102326316,0.4,2
280,70,0,0.3412295102326316,0.4,2
280,70,10,0.3412295102326316,0.4,2
280,70,20,0.3412295102326316,0.4,2
290,40,30,0.3412295102326316,0.4,2
290,40,40,0.3412295102326316,0.4,2
290,40,50,0.3412295102326316,0.4,2
290,50,30,0.3412295102326316,0.4,2
290,50,40,0.3412295102326316,0.4,2
290,50,50,0.3412295102326316,0.4,2
290,60,0,0.3412295102326316,0.4,2
290,60,10,0.3412295102326316,0.4,2
290,60,20,0.3412295102326316,0.4,2
290,70,0,0.3412295102326316,0.4,2
290,70,10,0.3412295102326316,0.4,2
290,70,20,0.3412295102326316,0.4,2
290,80,-10,0.3412295102326316,0.4,2
290,80,0,0.3412295102326316,0.4,2
290,80,10,0.3412295102326316,0.4,2
290,80,20,0.3412295102326316,0.4,2
290,80,30,0.3412295102326316,0.4,2
300,40,40,0.3412295102326316,0.4,2
300,40,50,0.3412295102326316,0.4,2
300,40,60,0.3412295102326316,0.4,2
300,50,40,0.3412295102326316,0.4,2
300,50,50,0.3412295102326316,0.4,2
300,60,30,0.3412295102326316,0.4,2
310,30,50,0.3412295102326316,0.4,2
310,30,60,0.3412295102326316,0.4,2
310,30,70,0.3412295102326316,0.4,2
310,40,50,0.3412295102326316,0.4,2
310,40,60,0.3412295102326316,0.4,2
310,50,40,0.3412295102326316,0.4,2
310,50,50,0.3412295102326316,0.4,2
310,60,40,0.3412295102326316,0.4,2
310,60,50,0.3412295102326316,0.4,2
320,30,60,0.3412295102326316,0.4,2
320,30,70,0.3412295102326316,0.4,2
320,30,80,0.3412295102326316,0.4,2
320,40,50,0.3412295102326316,0.4,2
320,40,60,0.3412295102326316,0.4,2
320,40,70,0.3412295102326316,0.4,2
320,50,50,0.3412295102326316,0.4,2
320,50,60,0.3412295102326316,0.4,2
330,30,60,0.3412295102326316,0.4,2
330,30,70,0.3412295102326316,0.4,2
330,30,80,0.3412295102326316,0.4,2
330,30,90,0.3412295102326316,0.4,2
330,40,60,0.3412295102326316,0.4,2
330,40,70,0.3412295102326316,0.4,2
330,50,60,0.3412295102326316,0.4,2
340,30,70,0.3412295102326316,0.4,2
340,30,80,0.3412295102326316,0.4,2
340,30,90,0.3412295102326316,0.4,2
340,30,100,0.3412295102326316,0.4,2
340,40,60,0.3412295102326316,0.4,2
340,40,70,0.3412295102326316,0.4,2
340,40,80,0.3412295102326316,0.4,2
350,30,80,0.3412295102326316,0.4,2
350,30,90,0.3412295102326316,0.4,2
350,30,100,0.3412295102326316,0.4,2
350,30,110,0.3412295102326316,0.4,2
350,40,70,0.3412295102326316,0.4,2
350,40,80,0.3412295102326316,0.4,2
350,40,90,0.3412295102326316,0.4,2
0,10,-150,0.34816265799067697,0.4,2
0,10,-140,0.34816265799067697,0.4,2
0,10,-130,0.34816265799067697,0.4,2
0,10,-120,0.34816265799067697,0.4,2
0,10,-110,0.34816265799067697,0.4,2
0,20,-150,0.34816265799067697,0.4,2
0,20,-140,0.34816265799067697,0.4,2
0,20,-130,0.34816265799067697,0.4,2
0,20,-120,0.34816265799067697,0.4,2
0,20,-110,0.34816265799067697,0.4,2
0,30,-180,0.34816265799067697,0.4,2
0,30,-170,0.34816265799067697,0.4,2
0,30,-160,0.34816265799067697,0.4,2
0,40,-180,0.34816265799067697,0.4,2
0,40,-170,0.34816265799067697,0.4,2
0,40,-160,0.34816265799067697,0.4,2
0,40,170,0.34816265799067697,0.4,2
0,50,-180,0.34816265799067697,0.4,2
0,50,-170,0.34816265799067697,0.4,2
0,50,80,0.34816265799067697,0.4,2
0,50,90,0.34816265799067697,0.4,2
0,50,100,0.34816265799067697,0.4,2
0,50,110,0.34816265799067697,0.4,2
0,50,120,0.34816265799067697,0.4,2
0,50,130,0.34816265799067697,0.4,2
0,50,140,0.34816265799067697,0.4,2
0,50,150,0.34816265799067697,0.4,2
0,50,160,0.34816265799067697,0.4,2
0,50,170,0.34816265799067697,0.4,2
0,60,-180,0.34816265799067697,0.4,2
0,60,90,0.34816265799067697,0.4,2
0,60,100,0.34816265799067697,0.4,2
0,60,110,0.34816265799067697,0.4,2
0,60,120,0.34816265799067697,0.4,2
0,60,130,0.34816265799067697,0.4,2
0,60,140,0.34816265799067697,0.4,2
0,60,150,0.34816265799067697,0.4,2
0,60,160,0.34816265799067697,0.4,2
0,60,170,0.34816265799067697,0.4,2
0,70,-180,0.34816265799067697,0.4,2
0,70,90,0.34816265799067697,0.4,2
0,70,100,0.34816265799067697,0.4,2
0,70,110,0.34816265799067697,0.4,2
0,70,120,0.34816265799067697,0.4,2
0,70,130,0.34816265799067697,0.4,2
0,70,140,0.34816265799067697,0.4,2
0,70,150,0.34816265799067697,0.4,2
0,70,160,0.34816265799067697,0.4,2
0,70,170,0.34816265799067697,0.4,2
0,80,-180,0.34816265799067697,0.4,2
0,80,100,0.34816265799067697,0.4,2
0,80,110,0.34816265799067697,0.4,2
0,80,120,0.34816265799067697,0.4,2
0,80,130,0.34816265799067697,0.4,2
0,80,140,0.34816265799067697,0.4,2
0,80,150,0.34816265799067697,0.4,2
0,80,160,0.34816265799067697,0.4,2
0,80,170,0.34816265799067697,0.4,2
0,90,-180,0.34816265799067697,0.4,2
0,90,100,0.34816265799067697,0.4,2
0,90,110,0.34816265799067697,0.4,2
0,90,120,0.34816265799067697,0.4,2
0,90,130,0.34816265799067697,0.4,2
0,90,140,0.34816265799067697,0.4,2
0,90,150,0.34816265799067697,0.4,2
0,90,160,0.34816265799067697,0.4,2
0,90,170,0.34816265799067697,0.4,2
10,10,-140,0.34816265799067697,0.4,2
10,10,-130,0.34816265799067697,0.4,2
10,10,-120,0.34816265799067697,0.4,2
10,10,-110,0.34816265799067697,0.4,2
10,20,-140,0.34816265799067697,0.4,2
10,20,-130,0.34816265799067697,0.4,2
10,20,-120,0.34816265799067697,0.4,2
10,20,-110,0.34816265799067697,0.4,2
10,20,-100,0.34816265799067697,0.4,2
10,30,-140,0.34816265799067697,0.4,2
10,30,-130,0.34816265799067697,0.4,2
10,30,-120,0.34816265799067697,0.4,2
10,30,-110,0.34816265799067697,0.4,2
10,30,-100,0.34816265799067697,0.4,2
10,50,90,0.34816265799067697,0.4,2
10,50,100,0.34816265799067697,0.4,2
10,50,110,0.34816265799067697,0.4,2
10,50,120,0.34816265799067697,0.4,2
10,60,90,0.34816265799067697,0.4,2
10,60,100,0.34816265799067697,0.4,2
10,60,110,0.34816265799067697,0.4,2
10,60,120,0.34816265799067697,0.4,2
10,60,130,0.34816265799067697,0.4,2
10,60,140,0.34816265799067697,0.4,2
10,60,150,0.34816265799067697,0.4,2
10,70,100,0.34816265799067697,0.4,2
10,70,110,0.34816265799067697,0.4,2
10,70,120,0.34816265799067697,0.4,2
10,70,130,0.34816265799067697,0.4,2
10,70,140,0.34816265799067697,0.4,2
10,70,150,0.34816265799067697,0.4,2
10,70,160,0.34816265799067697,0.4,2
10,80,100,0.34816265799067697,0.4,2
10,80,110,0.34816265799067697,0.4,2
10,80,120,0.34816265799067697,0.4,2
10,80,130,0.34816265799067697,0.4,2
10,80,140,0.34816265799067697,0.4,2
10,80,150,0.34816265799067697,0.4,2
10,80,160,0.34816265799067697,0.4,2
10,90,100,0.34816265799067697,0.4,2
10,90,110,0.34816265799067697,0.4,2
10,90,120,0.34816265799067697,0.4,2
10,90,130,0.34816265799067697,0.4,2
10,90,140,0.34816265799067697,0.4,2
10,90,150,0.34816265799067697,0.4,2
10,90,160,0.34816265799067697,0.4,2
10,90,170,0.34816265799067697,0.4,2
20,10,-130,0.34816265799067697,0.4,2
20,10,-120,0.34816265799067697,0.4,2
20,10,-110,0.34816265799067697,0.4,2
20,10,-100,0.34816265799067697,0.4,2
20,20,-130,0.34816265799067697,0.4,2
20,20,-120,0.34816265799067697,0.4,2
20,20,-110,0.34816265799067697,0.4,2
20,20,-100,0.34816265799067697,0.4,2
20,20,-90,0.34816265799067697,0.4,2
20,30,-130,0.34816265799067697,0.4,2
20,30,-120,0.34816265799067697,0.4,2
20,30,-110,0.34816265799067697,0.4,2
20,30,-100,0.34816265799067697,0.4,2
20,30,-90,0.34816265799067697,0.4,2
20,50,100,0.34816265799067697,0.4,2
20,50,110,0.34816265799067697,0.4,2
20,60,100,0.34816265799067697,0.4,2
20,60,110,0.34816265799067697,0.4,2
20,60,120,0.34816265799067697,0.4,2
20,60,130,0.34816265799067697,0.4,2
20,70,100,0.34816265799067697,0.4,2
20,70,110,0.34816265799067697,0.4,2
20,70,120,0.34816265799067697,0.4,2
20,70,130,0.34816265799067697,0.4,2
20,70,140,0.34816265799067697,0.4,2
20,70,150,0.34816265799067697,0.4,2
20,80,100,0.34816265799067697,0.4,2
20,80,110,0.34816265799067697,0.4,2
20,80,120,0.34816265799067697,0.4,2
20,80,130,0.34816265799067697,0.4,2
20,80,140,0.34816265799067697,0.4,2
20,80,150,0.34816265799067697,0.4,2
20,90,100,0.34816265799067697,0.4,2
20,90,110,0.34816265799067697,0.4,2
20,90,120,0.34816265799067697,0.4,2
20,90,130,0.34816265799067697,0.4,2
20,90,140,0.34816265799067697,0.4,2
20,90,150,0.34816265799067697,0.4,2
20,90,160,0.34816265799067697,0.4,2
30,10,-120,0.34816265799067697,0.4,2
30,10,-110,0.34816265799067697,0.4,2
30,10,-100,0.34816265799067697,0.4,2
30,10,-90,0.34816265799067697,0.4,2
30,20,-130,0.34816265799067697,0.4,2
30,20,-120,0.34816265799067697,0.4,2
30,20,-110,0.34816265799067697,0.4,2
30,20,-100,0.34816265799067697,0.4,2
30,20,-90,0.34816265799067697,0.4,2
30,20,-80,0.34816265799067697,0.4,2
30,50,70,0.34816265799067697,0.4,2
30,50,80,0.34816265799067697,0.4,2
30,50,90,0.34816265799067697,0.4,2
30,60,60,0.34816265799067697,0.4,2
30,60,70,0.34816265799067697,0.4,2
30,60,80,0.34816265799067697,0.4,2
30,60,90,0.34816265799067697,0.4,2
30,70,60,0.34816265799067697,0.4,2
30,70,70,0.34816265799067697,0.4,2
30,70,80,0.34816265799067697,0.4,2
30,70,90,0.34816265799067697,0.4,2
30,80,60,0.34816265799067697,0.4,2
30,80,70,0.34816265799067697,0.4,2
30,80,80,0.34816265799067697,0.4,2
30,80,90,0.34816265799067697,0.4,2
30,90,60,0.34816265799067697,0.4,2
30,90,70,0.34816265799067697,0.4,2
30,90,80,0.34816265799067697,0.4,2
30,90,90,0.34816265799067697,0.4,2
40,10,-110,0.34816265799067697,0.4,2
40,10,-100,0.34816265799067697,0.4,2
40,10,-90,0.34816265799067697,0.4,2
40,10,-80,0.34816265799067697,0.4,2
40,20,-70,0.34816265799067697,0.4,2
40,20,-60,0.34816265799067697,0.4,2
40,20,-50,0.34816265799067697,0.4,2
40,30,-70,0.34816265799067697,0.4,2
40,60,60,0.34816265799067697,0.4,2
40,60,70,0.34816265799067697,0.4,2
40,60,80,0.34816265799067697,0.4,2
40,60,90,0.34816265799067697,0.4,2
40,60,100,0.34816265799067697,0.4,2
40,70,60,0.34816265799067697,0.4,2
40,70,70,0.34816265799067697,0.4,2
40,70,80,0.34816265799067697,0.4,2
40,70,90,0.34816265799067697,0.4,2
40,70,100,0.34816265799067697,0.4,2
40,80,60,0.34816265799067697,0.4,2
40,80,70,0.34816265799067697,0.4,2
40,80,80,0.34816265799067697,0.4,2
40,80,90,0.34816265799067697,0.4,2
40,90,70,0.34816265799067697,0.4,2
40,90,80,0.34816265799067697,0.4,2
40,90,90,0.34816265799067697,0.4,2
50,10,-60,0.34816265799067697,0.4,2
50,10,-50,0.34816265799067697,0.4,2
50,10,-40,0.34816265799067697,0.4,2
50,10,-30,0.34816265799067697,0.4,2
50,20,-60,0.34816265799067697,0.4,2
50,20,-50,0.34816265799067697,0.4,2
50,20,-40,0.34816265799067697,0.4,2
50,30,-60,0.34816265799067697,0.4,2
50,30,-50,0.34816265799067697,0.4,2
50,60,50,0.34816265799067697,0.4,2
50,70,60,0.34816265799067697,0.4,2
50,70,70,0.34816265799067697,0.4,2
50,70,80,0.34816265799067697,0.4,2
50,70,90,0.34816265799067697,0.4,2
50,70,100,0.34816265799067697,0.4,2
50,80,70,0.34816265799067697,0.4,2
50,80,80,0.34816265799067697,0.4,2
50,80,90,0.34816265799067697,0.4,2
50,80,100,0.34816265799067697,0.4,2
50,90,70,0.34816265799067697,0.4,2
50,90,80,0.34816265799067697,0.4,2
50,90,90,0.34816265799067697,0.4,2
60,10,-50,0.34816265799067697,0.4,2
60,10,-40,0.34816265799067697,0.4,2
60,10,-30,0.34816265799067697,0.4,2
60,10,-20,0.34816265799067697,0.4,2
60,20,-50,0.34816265799067697,0.4,2
60,20,-40,0.34816265799067697,0.4,2
60,20,-30,0.34816265799067697,0.4,2
60,20,-20,0.34816265799067697,0.4,2
60,30,-50,0.34816265799067697,0.4,2
60,30,-40,0.34816265799067697,0.4,2
60,30,-30,0.34816265799067697,0.4,2
60,50,60,0.34816265799067697,0.4,2
60,60,30,0.34816265799067697,0.4,2
60,60,40,0.34816265799067697,0.4,2
60,60,50,0.34816265799067697,0.4,2
60,60,60,0.34816265799067697,0.4,2
60,70,20,0.34816265799067697,0.4,2
60,70,30,0.34816265799067697,0.4,2
60,70,40,0.34816265799067697,0.4,2
60,70,50,0.34816265799067697,0.4,2
60,70,60,0.34816265799067697,0.4,2
60,80,20,0.34816265799067697,0.4,2
60,80,30,0.34816265799067697,0.4,2
60,80,40,0.34816265799067697,0.4,2
60,80,50,0.34816265799067697,0.4,2
60,80,60,0.34816265799067697,0.4,2
60,90,70,0.34816265799067697,0.4,2
60,90,80,0.34816265799067697,0.4,2
60,90,90,0.34816265799067697,0.4,2
70,10,-40,0.34816265799067697,0.4,2
70,10,-30,0.34816265799067697,0.4,2
70,10,-20,0.34816265799067697,0.4,2
70,10,-10,0.34816265799067697,0.4,2
70,20,-40,0.34816265799067697,0.4,2
70,20,-30,0.34816265799067697,0.4,2
70,20,-20,0.34816265799067697,0.4,2
70,20,-10,0.34816265799067697,0.4,2
70,30,-40,0.34816265799067697,0.4,2
70,30,-30,0.34816265799067697,0.4,2
70,30,-20,0.34816265799067697,0.4,2
70,30,-10,0.34816265799067697,0.4,2
70,40,-40,0.34816265799067697,0.4,2
70,40,-30,0.34816265799067697,0.4,2
70,40,-20,0.34816265799067697,0.4,2
70,40,-10,0.34816265799067697,0.4,2
70,50,10,0.34816265799067697,0.4,2
70,50,20,0.34816265799067697,0.4,2
70,50,30,0.34816265799067697,0.4,2
70,50,40,0.34816265799067697,0.4,2
70,50,50,0.34816265799067697,0.4,2
70,50,60,0.34816265799067697,0.4,2
70,50,70,0.34816265799067697,0.4,2
70,60,10,0.34816265799067697,0.4,2
70,60,20,0.34816265799067697,0.4,2
70,60,30,0.34816265799067697,0.4,2
70,60,40,0.34816265799067697,0.4,2
70,60,50,0.34816265799067697,0.4,2
70,60,60,0.34816265799067697,0.4,2
70,70,10,0.34816265799067697,0.4,2
70,70,20,0.34816265799067697,0.4,2
70,70,30,0.34816265799067697,0.4,2
70,70,40,0.34816265799067697,0.4,2
70,70,50,0.34816265799067697,0.4,2
70,70,60,0.34816265799067697,0.4,2
70,80,10,0.34816265799067697,0.4,2
70,80,20,0.34816265799067697,0.4,2
70,80,30,0.34816265799067697,0.4,2
70,80,40,0.34816265799067697,0.4,2
70,80,50,0.34816265799067697,0.4,2
70,80,60,0.34816265799067697,0.4,2
70,90,10,0.34816265799067697,0.4,2
70,90,20,0.34816265799067697,0.4,2
70,90,30,0.34816265799067697,0.4,2
70,90,40,0.34816265799067697,0.4,2
70,90,50,0.34816265799067697,0.4,2
70,90,60,0.34816265799067697,0.4,2
80,10,-30,0.34816265799067697,0.4,2
80,10,-20,0.34816265799067697,0.4,2
80,10,-10,0.34816265799067697,0.4,2
80,10,0,0.34816265799067697,0.4,2
80,10,10,0.34816265799067697,0.4,2
80,20,-30,0.34816265799067697,0.4,2
80,20,-20,0.34816265799067697,0.4,2
80,20,-10,0.34816265799067697,0.4,2
80,20,0,0.34816265799067697,0.4,2
80,20,10,0.34816265799067697,0.4,2
80,30,-30,0.34816265799067697,0.4,2
80,30,-20,0.34816265799067697,0.4,2
80,30,-10,0.34816265799067697,0.4,2
80,30,0,0.34816265799067697,0.4,2
80,30,10,0.34816265799067697,0.4,2
80,30,20,0.34816265799067697,0.4,2
80,40,-30,0.34816265799067697,0.4,2
80,40,-20,0.34816265799067697,0.4,2
80,40,-10,0.34816265799067697,0.4,2
80,40,0,0.34816265799067697,0.4,2
80,40,10,0.34816265799067697,0.4,2
80,40,20,0.34816265799067697,0.4,2
80,40,30,0.34816265799067697,0.4,2
80,40,40,0.34816265799067697,0.4,2
80,40,50,0.34816265799067697,0.4,2
80,50,-40,0.34816265799067697,0.4,2
80,50,-30,0.34816265799067697,0.4,2
80,50,-20,0.34816265799067697,0.4,2
80,50,-10,0.34816265799067697,0.4,2
80,50,0,0.34816265799067697,0.4,2
80,50,10,0.34816265799067697,0.4,2
80,50,20,0.34816265799067697,0.4,2
80,50,30,0.34816265799067697,0.4,2
80,50,40,0.34816265799067697,0.4,2
80,50,50,0.34816265799067697,0.4,2
80,50,60,0.34816265799067697,0.4,2
80,50,70,0.34816265799067697,0.4,2
80,60,-20,0.34816265799067697,0.4,2
80,60,-10,0.34816265799067697,0.4,2
80,60,0,0.34816265799067697,0.4,2
80,60,10,0.34816265799067697,0.4,2
80,60,20,0.34816265799067697,0.4,2
80,60,30,0.34816265799067697,0.4,2
80,60,40,0.34816265799067697,0.4,2
80,60,50,0.34816265799067697,0.4,2
80,60,60,0.34816265799067697,0.4,2
80,60,70,0.34816265799067697,0.4,2
80,70,-10,0.34816265799067697,0.4,2
80,70,0,0.34816265799067697,0.4,2
80,70,10,0.34816265799067697,0.4,2
80,70,20,0.34816265799067697,0.4,2
80,70,30,0.34816265799067697,0.4,2
80,70,40,0.34816265799067697,0.4,2
80,70,50,0.34816265799067697,0.4,2
80,70,60,0.34816265799067697,0.4,2
80,80,-10,0.34816265799067697,0.4,2
80,80,0,0.34816265799067697,0.4,2
80,80,10,0.34816265799067697,0.4,2
80,80,20,0.34816265799067697,0.4,2
80,80,30,0.34816265799067697,0.4,2
80,80,40,0.34816265799067697,0.4,2
80,80,50,0.34816265799067697,0.4,2
80,80,60,0.34816265799067697,0.4,2
80,90,0,0.34816265799067697,0.4,2
80,90,10,0.34816265799067697,0.4,2
80,90,20,0.34816265799067697,0.4,2
80,90,30,0.34816265799067697,0.4,2
80,90,40,0.34816265799067697,0.4,2
80,90,50,0.34816265799067697,0.4,2
80,90,60,0.34816265799067697,0.4,2
90,10,-20,0.34816265799067697,0.4,2
90,10,-10,0.34816265799067697,0.4,2
90,10,0,0.34816265799067697,0.4,2
90,10,10,0.34816265799067697,0.4,2
90,10,20,0.34816265799067697,0.4,2
90,20,-20,0.34816265799067697,0.4,2
90,20,-10,0.34816265799067697,0.4,2
90,20,0,0.34816265799067697,0.4,2
90,20,10,0.34816265799067697,0.4,2
90,20,20,0.34816265799067697,0.4,2
90,20,30,0.34816265799067697,0.4,2
90,30,-20,0.34816265799067697,0.4,2
90,30,-10,0.34816265799067697,0.4,2
90,30,0,0.34816265799067697,0.4,2
90,30,10,0.34816265799067697,0.4,2
90,30,20,0.34816265799067697,0.4,2
90,30,30,0.34816265799067697,0.4,2
90,30,40,0.34816265799067697,0.4,2
90,40,-20,0.34816265799067697,0.4,2
90,40,-10,0.34816265799067697,0.4,2
90,40,0,0.34816265799067697,0.4,2
90,40,10,0.34816265799067697,0.4,2
90,40,20,0.34816265799067697,0.4,2
90,40,30,0.34816265799067697,0.4,2
90,40,40,0.34816265799067697,0.4,2
90,40,50,0.34816265799067697,0.4,2
90,40,60,0.34816265799067697,0.4,2
90,40,70,0.34816265799067697,0.4,2
90,50,-20,0.34816265799067697,0.4,2
90,50,-10,0.34816265799067697,0.4,2
90,50,0,0.34816265799067697,0.4,2
90,50,10,0.34816265799067697,0.4,2
90,50,20,0.34816265799067697,0.4,2
90,50,30,0.34816265799067697,0.4,2
90,50,40,0.34816265799067697,0.4,2
90,50,50,0.34816265799067697,0.4,2
90,50,60,0.34816265799067697,0.4,2
90,50,70,0.34816265799067697,0.4,2
90,50,80,0.34816265799067697,0.4,2
90,60,-30,0.34816265799067697,0.4,2
90,60,-20,0.34816265799067697,0.4,2
90,60,-10,0.34816265799067697,0.4,2
90,60,0,0.34816265799067697,0.4,2
90,60,10,0.34816265799067697,0.4,2
90,60,20,0.34816265799067697,0.4,2
90,60,30,0.34816265799067697,0.4,2
90,60,40,0.34816265799067697,0.4,2
90,60,50,0.34816265799067697,0.4,2
90,60,60,0.34816265799067697,0.4,2
90,60,70,0.34816265799067697,0.4,2
90,70,-20,0.34816265799067697,0.4,2
90,70,-10,0.34816265799067697,0.4,2
90,70,0,0.34816265799067697,0.4,2
90,70,10,0.34816265799067697,0.4,2
90,70,20,0.34816265799067697,0.4,2
90,70,30,0.34816265799067697,0.4,2
90,70,40,0.34816265799067697,0.4,2
90,70,50,0.34816265799067697,0.4,2
90,70,60,0.34816265799067697,0.4,2
90,80,-20,0.34816265799067697,0.4,2
90,80,-10,0.34816265799067697,0.4,2
90,80,0,0.34816265799067697,0.4,2
90,80,10,0.34816265799067697,0.4,2
90,80,20,0.34816265799067697,0.4,2
90,80,30,0.34816265799067697,0.4,2
90,80,40,0.34816265799067697,0.4,2
90,80,50,0.34816265799067697,0.4,2
90,80,60,0.34816265799067697,0.4,2
90,90,-10,0.34816265799067697,0.4,2
90,90,0,0.34816265799067697,0.4,2
90,90,10,0.34816265799067697,0.4,2
90,90,20,0.34816265799067697,0.4,2
90,90,30,0.34816265799067697,0.4,2
90,90,40,0.34816265799067697,0.4,2
90,90,50,0.34816265799067697,0.4,2
90,90,60,0.34816265799067697,0.4,2
100,10,-10,0.34816265799067697,0.4,2
100,10,0,0.34816265799067697,0.4,2
100,10,10,0.34816265799067697,0.4,2
100,10,20,0.34816265799067697,0.4,2
100,10,30,0.34816265799067697,0.4,2
100,20,-10,0.34816265799067697,0.4,2
100,20,0,0.34816265799067697,0.4,2
100,20,10,0.34816265799067697,0.4,2
100,20,20,0.34816265799067697,0.4,2
100,20,30,0.34816265799067697,0.4,2
100,20,40,0.34816265799067697,0.4,2
100,30,-10,0.34816265799067697,0.4,2
100,30,0,0.34816265799067697,0.4,2
100,30,10,0.34816265799067697,0.4,2
100,30,20,0.34816265799067697,0.4,2
100,30,30,0.34816265799067697,0.4,2
100,30,40,0.34816265799067697,0.4,2
100,30,50,0.34816265799067697,0.4,2
100,30,60,0.34816265799067697,0.4,2
100,40,-10,0.34816265799067697,0.4,2
100,40,0,0.34816265799067697,0.4,2
100,40,10,0.34816265799067697,0.4,2
100,40,20,0.34816265799067697,0.4,2
100,40,30,0.34816265799067697,0.4,2
100,40,40,0.34816265799067697,0.4,2
100,40,50,0.34816265799067697,0.4,2
100,40,60,0.34816265799067697,0.4,2
100,40,70,0.34816265799067697,0.4,2
100,40,80,0.34816265799067697,0.4,2
100,50,-10,0.34816265799067697,0.4,2
100,50,0,0.34816265799067697,0.4,2
100,50,10,0.34816265799067697,0.4,2
100,50,20,0.34816265799067697,0.4,2
100,50,30,0.34816265799067697,0.4,2
100,50,40,0.34816265799067697,0.4,2
100,50,50,0.34816265799067697,0.4,2
100,50,60,0.34816265799067697,0.4,2
100,50,70,0.34816265799067697,0.4,2
100,50,80,0.34816265799067697,0.4,2
100,60,-10,0.34816265799067697,0.4,2
100,60,0,0.34816265799067697,0.4,2
100,60,10,0.34816265799067697,0.4,2
100,60,20,0.34816265799067697,0.4,2
100,60,30,0.34816265799067697,0.4,2
100,60,40,0.34816265799067697,0.4,2
100,60,50,0.34816265799067697,0.4,2
100,60,60,0.34816265799067697,0.4,2
100,60,70,0.34816265799067697,0.4,2
100,70,-20,0.34816265799067697,0.4,2
100,70,-10,0.34816265799067697,0.4,2
100,70,0,0.34816265799067697,0.4,2
100,70,10,0.34816265799067697,0.4,2
100,70,20,0.34816265799067697,0.4,2
100,70,30,0.34816265799067697,0.4,2
100,70,40,0.34816265799067697,0.4,2
100,70,50,0.34816265799067697,0.4,2
100,70,60,0.34816265799067697,0.4,2
100,70,70,0.34816265799067697,0.4,2
100,80,-30,0.34816265799067697,0.4,2
100,80,-20,0.34816265799067697,0.4,2
100,80,-10,0.34816265799067697,0.4,2
100,80,0,0.34816265799067697,0.4,2
100,80,10,0.34816265799067697,0.4,2
100,80,20,0.34816265799067697,0.4,2
100,80,30,0.34816265799067697,0.4,2
100,80,40,0.34816265799067697,0.4,2
100,80,50,0.34816265799067697,0.4,2
100,80,60,0.34816265799067697,0.4,2
110,10,0,0.34816265799067697,0.4,2
110,10,10,0.34816265799067697,0.4,2
110,10,20,0.34816265799067697,0.4,2
110,10,30,0.34816265799067697,0.4,2
110,10,40,0.34816265799067697,0.4,2
110,20,0,0.34816265799067697,0.4,2
110,20,10,0.34816265799067697,0.4,2
110,20,20,0.34816265799067697,0.4,2
110,20,30,0.34816265799067697,0.4,2
110,20,40,0.34816265799067697,0.4,2
110,20,50,0.34816265799067697,0.4,2
110,30,0,0.34816265799067697,0.4,2
110,30,10,0.34816265799067697,0.4,2
110,30,20,0.34816265799067697,0.4,2
110,30,30,0.34816265799067697,0.4,2
110,30,40,0.34816265799067697,0.4,2
110,30,50,0.34816265799067697,0.4,2
110,30,60,0.34816265799067697,0.4,2
110,30,70,0.34816265799067697,0.4,2
110,40,0,0.34816265799067697,0.4,2
110,40,10,0.34816265799067697,0.4,2
110,40,20,0.34816265799067697,0.4,2
110,40,30,0.34816265799067697,0.4,2
110,40,40,0.34816265799067697,0.4,2
110,40,50,0.34816265799067697,0.4,2
110,40,60,0.34816265799067697,0.4,2
110,40,70,0.34816265799067697,0.4,2
110,40,80,0.34816265799067697,0.4,2
110,40,90,0.34816265799067697,0.4,2
110,50,0,0.34816265799067697,0.4,2
110,50,10,0.34816265799067697,0.4,2
110,50,20,0.34816265799067697,0.4,2
110,50,30,0.34816265799067697,0.4,2
110,50,40,0.34816265799067697,0.4,2
110,50,50,0.34816265799067697,0.4,2
110,50,60,0.34816265799067697,0.4,2
110,50,70,0.34816265799067697,0.4,2
110,50,80,0.34816265799067697,0.4,2
110,50,90,0.34816265799067697,0.4,2
110,60,0,0.34816265799067697,0.4,2
110,60,10,0.34816265799067697,0.4,2
110,60,20,0.34816265799067697,0.4,2
110,60,30,0.34816265799067697,0.4,2
110,60,40,0.34816265799067697,0.4,2
110,60,50,0.34816265799067697,0.4,2
110,60,60,0.34816265799067697,0.4,2
110,60,70,0.34816265799067697,0.4,2
110,60,80,0.34816265799067697,0.4,2
110,70,0,0.34816265799067697,0.4,2
110,70,10,0.34816265799067697,0.4,2
110,70,20,0.34816265799067697,0.4,2
110,70,30,0.34816265799067697,0.4,2
110,70,40,0.34816265799067697,0.4,2
110,70,50,0.34816265799067697,0.4,2
110,70,60,0.34816265799067697,0.4,2
110,70,70,0.34816265799067697,0.4,2
120,10,10,0.34816265799067697,0.4,2
120,10,20,0.34816265799067697,0.4,2
120,10,30,0.34816265799067697,0.4,2
120,10,40,0.34816265799067697,0.4,2
120,10,50,0.34816265799067697,0.4,2
120,20,10,0.34816265799067697,0.4,2
120,20,20,0.34816265799067697,0.4,2
120,20,30,0.34816265799067697,0.4,2
120,20,40,0.34816265799067697,0.4,2
120,20,50,0.34816265799067697,0.4,2
120,20,60,0.34816265799067697,0.4,2
120,20,70,0.34816265799067697,0.4,2
120,30,10,0.34816265799067697,0.4,2
120,30,20,0.34816265799067697,0.4,2
120,30,30,0.34816265799067697,0.4,2
120,30,40,0.34816265799067697,0.4,2
120,30,50,0.34816265799067697,0.4,2
120,30,60,0.34816265799067697,0.4,2
120,30,70,0.34816265799067697,0.4,2
120,30,80,0.34816265799067697,0.4,2
120,40,20,0.34816265799067697,0.4,2
120,40,30,0.34816265799067697,0.4,2
120,40,40,0.34816265799067697,0.4,2
120,40,50,0.34816265799067697,0.4,2
120,40,60,0.34816265799067697,0.4,2
120,40,70,0.34816265799067697,0.4,2
120,40,80,0.34816265799067697,0.4,2
120,40,90,0.34816265799067697,0.4,2
120,50,20,0.34816265799067697,0.4,2
120,50,30,0.34816265799067697,0.4,2
120,50,40,0.34816265799067697,0.4,2
120,50,50,0.34816265799067697,0.4,2
120,50,60,0.34816265799067697,0.4,2
120,50,70,0.34816265799067697,0.4,2
120,50,80,0.34816265799067697,0.4,2
120,50,90,0.34816265799067697,0.4,2
120,50,100,0.34816265799067697,0.4,2
120,60,20,0.34816265799067697,0.4,2
120,60,30,0.34816265799067697,0.4,2
120,60,40,0.34816265799067697,0.4,2
120,60,50,0.34816265799067697,0.4,2
120,60,60,0.34816265799067697,0.4,2
120,60,70,0.34816265799067697,0.4,2
120,60,80,0.34816265799067697,0.4,2
130,10,20,0.34816265799067697,0.4,2
130,10,30,0.34816265799067697,0.4,2
130,10,40,0.34816265799067697,0.4,2
130,10,50,0.34816265799067697,0.4,2
130,10,60,0.34816265799067697,0.4,2
130,20,20,0.34816265799067697,0.4,2
130,20,30,0.34816265799067697,0.4,2
130,20,40,0.34816265799067697,0.4,2
130,20,50,0.34816265799067697,0.4,2
130,20,60,0.34816265799067697,0.4,2
130,20,70,0.34816265799067697,0.4,2
130,20,80,0.34816265799067697,0.4,2
130,30,30,0.34816265799067697,0.4,2
130,30,40,0.34816265799067697,0.4,2
130,30,50,0.34816265799067697,0.4,2
130,30,60,0.34816265799067697,0.4,2
130,30,70,0.34816265799067697,0.4,2
130,30,80,0.34816265799067697,0.4,2
130,30,90,0.34816265799067697,0.4,2
130,40,30,0.34816265799067697,0.4,2
130,40,40,0.34816265799067697,0.4,2
130,40,50,0.34816265799067697,0.4,2
130,40,60,0.34816265799067697,0.4,2
130,40,70,0.34816265799067697,0.4,2
130,40,80,0.34816265799067697,0.4,2
130,40,90,0.34816265799067697,0.4,2
130,40,100,0.34816265799067697,0.4,2
130,50,30,0.34816265799067697,0.4,2
130,50,40,0.34816265799067697,0.4,2
130,50,50,0.34816265799067697,0.4,2
130,50,60,0.34816265799067697,0.4,2
130,50,70,0.34816265799067697,0.4,2
130,50,80,0.34816265799067697,0.4,2
130,50,90,0.34816265799067697,0.4,2
130,50,100,0.34816265799067697,0.4,2
130,50,110,0.34816265799067697,0.4,2
140,10,30,0.34816265799067697,0.4,2
140,10,40,0.34816265799067697,0.4,2
140,10,50,0.34816265799067697,0.4,2
140,10,60,0.34816265799067697,0.4,2
140,10,70,0.34816265799067697,0.4,2
140,20,30,0.34816265799067697,0.4,2
140,20,40,0.34816265799067697,0.4,2
140,20,50,0.34816265799067697,0.4,2
140,20,60,0.34816265799067697,0.4,2
140,20,70,0.34816265799067697,0.4,2
140,20,80,0.34816265799067697,0.4,2
140,20,90,0.34816265799067697,0.4,2
140,30,40,0.34816265799067697,0.4,2
140,30,50,0.34816265799067697,0.4,2
140,30,60,0.34816265799067697,0.4,2
140,30,70,0.34816265799067697,0.4,2
140,30,80,0.34816265799067697,0.4,2
140,30,90,0.34816265799067697,0.4,2
140,30,100,0.34816265799067697,0.4,2
140,40,40,0.34816265799067697,0.4,2
140,40,50,0.34816265799067697,0.4,2
140,40,60,0.34816265799067697,0.4,2
140,40,70,0.34816265799067697,0.4,2
140,40,80,0.34816265799067697,0.4,2
140,40,90,0.34816265799067697,0.4,2
140,40,100,0.34816265799067697,0.4,2
140,40,110,0.34816265799067697,0.4,2
140,50,40,0.34816265799067697,0.4,2
140,50,50,0.34816265799067697,0.4,2
140,50,60,0.34816265799067697,0.4,2
140,50,70,0.34816265799067697,0.4,2
140,50,80,0.34816265799067697,0.4,2
140,50,90,0.34816265799067697,0.4,2
140,50,100,0.34816265799067697,0.4,2
140,50,110,0.34816265799067697,0.4,2
150,10,40,0.34816265799067697,0.4,2
150,10,50,0.34816265799067697,0.4,2
150,10,60,0.34816265799067697,0.4,2
150,10,70,0.34816265799067697,0.4,2
150,10,80,0.34816265799067697,0.4,2
150,20,40,0.34816265799067697,0.4,2
150,20,50,0.34816265799067697,0.4,2
150,20,60,0.34816265799067697,0.4,2
150,20,70,0.34816265799067697,0.4,2
150,20,80,0.34816265799067697,0.4,2
150,20,90,0.34816265799067697,0.4,2
150,30,50,0.34816265799067697,0.4,2
150,30,60,0.34816265799067697,0.4,2
150,30,70,0.34816265799067697,0.4,2
150,30,80,0.34816265799067697,0.4,2
150,30,90,0.34816265799067697,0.4,2
150,30,100,0.34816265799067697,0.4,2
150,40,50,0.34816265799067697,0.4,2
150,40,60,0.34816265799067697,0.4,2
150,40,70,0.34816265799067697,0.4,2
150,40,80,0.34816265799067697,0.4,2
150,40,90,0.34816265799067697,0.4,2
150,40,100,0.34816265799067697,0.4,2
150,40,110,0.34816265799067697,0.4,2
160,10,50,0.34816265799067697,0.4,2
160,10,60,0.34816265799067697,0.4,2
160,10,70,0.34816265799067697,0.4,2
160,10,80,0.34816265799067697,0.4,2
160,10,90,0.34816265799067697,0.4,2
160,20,50,0.34816265799067697,0.4,2
160,20,60,0.34816265799067697,0.4,2
160,20,70,0.34816265799067697,0.4,2
160,20,80,0.34816265799067697,0.4,2
160,20,90,0.34816265799067697,0.4,2
160,20,100,0.34816265799067697,0.4,2
160,30,60,0.34816265799067697,0.4,2
160,30,70,0.34816265799067697,0.4,2
160,30,80,0.34816265799067697,0.4,2
160,30,90,0.34816265799067697,0.4,2
160,30,100,0.34816265799067697,0.4,2
160,30,110,0.34816265799067697,0.4,2
160,40,60,0.34816265799067697,0.4,2
160,40,70,0.34816265799067697,0.4,2
160,40,80,0.34816265799067697,0.4,2
160,40,90,0.34816265799067697,0.4,2
160,40,100,0.34816265799067697,0.4,2
160,40,110,0.34816265799067697,0.4,2
160,40,120,0.34816265799067697,0.4,2
170,10,60,0.34816265799067697,0.4,2
170,10,70,0.34816265799067697,0.4,2
170,10,80,0.34816265799067697,0.4,2
170,10,90,0.34816265799067697,0.4,2
170,10,100,0.34816265799067697,0.4,2
170,20,60,0.34816265799067697,0.4,2
170,20,70,0.34816265799067697,0.4,2
170,20,80,0.34816265799067697,0.4,2
170,20,90,0.34816265799067697,0.4,2
170,20,100,0.34816265799067697,0.4,2
170,20,110,0.34816265799067697,0.4,2
170,30,70,0.34816265799067697,0.4,2
170,30,80,0.34816265799067697,0.4,2
170,30,90,0.34816265799067697,0.4,2
170,30,100,0.34816265799067697,0.4,2
170,30,110,0.34816265799067697,0.4,2
170,30,120,0.34816265799067697,0.4,2
170,40,70,0.34816265799067697,0.4,2
170,40,80,0.34816265799067697,0.4,2
170,40,90,0.34816265799067697,0.4,2
170,40,100,0.34816265799067697,0.4,2
170,40,110,0.34816265799067697,0.4,2
170,40,120,0.34816265799067697,0.4,2
170,90,-180,0.34816265799067697,0.4,2
170,90,-170,0.34816265799067697,0.4,2
170,90,-160,0.34816265799067697,0.4,2
170,90,-150,0.34816265799067697,0.4,2
170,90,-140,0.34816265799067697,0.4,2
170,90,-130,0.34816265799067697,0.4,2
170,90,-120,0.34816265799067697,0.4,2
170,90,-110,0.34816265799067697,0.4,2
170,90,-100,0.34816265799067697,0.4,2
170,90,170,0.34816265799067697,0.4,2
180,10,30,0.34816265799067697,0.4,2
180,10,40,0.34816265799067697,0.4,2
180,10,50,0.34816265799067697,0.4,2
180,10,60,0.34816265799067697,0.4,2
180,20,70,0.34816265799067697,0.4,2
180,20,80,0.34816265799067697,0.4,2
180,20,90,0.34816265799067697,0.4,2
180,20,100,0.34816265799067697,0.4,2
180,20,110,0.34816265799067697,0.4,2
180,20,120,0.34816265799067697,0.4,2
180,30,70,0.34816265799067697,0.4,2
180,30,80,0.34816265799067697,0.4,2
180,30,90,0.34816265799067697,0.4,2
180,30,100,0.34816265799067697,0.4,2
180,30,110,0.34816265799067697,0.4,2
180,30,120,0.34816265799067697,0.4,2
180,40,80,0.34816265799067697,0.4,2
180,40,90,0.34816265799067697,0.4,2
180,40,100,0.34816265799067697,0.4,2
180,40,110,0.34816265799067697,0.4,2
180,40,120,0.34816265799067697,0.4,2
180,40,130,0.34816265799067697,0.4,2
180,80,-180,0.34816265799067697,0.4,2
180,80,-170,0.34816265799067697,0.4,2
180,80,-160,0.34816265799067697,0.4,2
180,80,-150,0.34816265799067697,0.4,2
180,80,-140,0.34816265799067697,0.4,2
180,80,-130,0.34816265799067697,0.4,2
180,80,-120,0.34816265799067697,0.4,2
180,80,-110,0.34816265799067697,0.4,2
180,80,-100,0.34816265799067697,0.4,2
180,90,-180,0.34816265799067697,0.4,2
180,90,-170,0.34816265799067697,0.4,2
180,90,-160,0.34816265799067697,0.4,2
180,90,-150,0.34816265799067697,0.4,2
180,90,-140,0.34816265799067697,0.4,2
180,90,-130,0.34816265799067697,0.4,2
180,90,-120,0.34816265799067697,0.4,2
180,90,-110,0.34816265799067697,0.4,2
180,90,-100,0.34816265799067697,0.4,2
190,10,40,0.34816265799067697,0.4,2
190,10,50,0.34816265799067697,0.4,2
190,10,60,0.34816265799067697,0.4,2
190,10,70,0.34816265799067697,0.4,2
190,20,50,0.34816265799067697,0.4,2
190,20,60,0.34816265799067697,0.4,2
190,20,70,0.34816265799067697,0.4,2
190,30,80,0.34816265799067697,0.4,2
190,30,90,0.34816265799067697,0.4,2
190,30,100,0.34816265799067697,0.4,2
190,30,110,0.34816265799067697,0.4,2
190,30,120,0.34816265799067697,0.4,2
190,30,130,0.34816265799067697,0.4,2
190,40,80,0.34816265799067697,0.4,2
190,40,90,0.34816265799067697,0.4,2
190,40,100,0.34816265799067697,0.4,2
190,40,110,0.34816265799067697,0.4,2
190,40,120,0.34816265799067697,0.4,2
190,40,130,0.34816265799067697,0.4,2
190,70,-170,0.34816265799067697,0.4,2
190,70,-160,0.34816265799067697,0.4,2
190,70,-150,0.34816265799067697,0.4,2
190,70,-140,0.34816265799067697,0.4,2
190,70,-130,0.34816265799067697,0.4,2
190,70,-120,0.34816265799067697,0.4,2
190,70,-110,0.34816265799067697,0.4,2
190,70,-100,0.34816265799067697,0.4,2
190,80,-170,0.34816265799067697,0.4,2
190,80,-160,0.34816265799067697,0.4,2
190,80,-150,0.34816265799067697,0.4,2
190,80,-140,0.34816265799067697,0.4,2
190,80,-130,0.34816265799067697,0.4,2
190,80,-120,0.34816265799067697,0.4,2
190,80,-110,0.34816265799067697,0.4,2
190,80,-100,0.34816265799067697,0.4,2
190,90,-170,0.34816265799067697,0.4,2
190,90,-160,0.34816265799067697,0.4,2
190,90,-150,0.34816265799067697,0.4,2
190,90,-140,0.34816265799067697,0.4,2
190,90,-130,0.34816265799067697,0.4,2
190,90,-120,0.34816265799067697,0.4,2
190,90,-110,0.34816265799067697,0.4,2
190,90,-100,0.34816265799067697,0.4,2
200,10,60,0.34816265799067697,0.4,2
200,10,70,0.34816265799067697,0.4,2
200,10,80,0.34816265799067697,0.4,2
200,20,60,0.34816265799067697,0.4,2
200,20,70,0.34816265799067697,0.4,2
200,20,80,0.34816265799067697,0.4,2
200,30,70,0.34816265799067697,0.4,2
200,30,80,0.34816265799067697,0.4,2
200,40,80,0.34816265799067697,0.4,2
200,60,-90,0.34816265799067697,0.4,2
200,70,-90,0.34816265799067697,0.4,2
200,70,-80,0.34816265799067697,0.4,2
200,80,-160,0.34816265799067697,0.4,2
200,80,-150,0.34816265799067697,0.4,2
200,80,-140,0.34816265799067697,0.4,2
200,80,-130,0.34816265799067697,0.4,2
200,80,-120,0.34816265799067697,0.4,2
200,80,-110,0.34816265799067697,0.4,2
200,80,-100,0.34816265799067697,0.4,2
200,90,-160,0.34816265799067697,0.4,2
200,90,-150,0.34816265799067697,0.4,2
200,90,-140,0.34816265799067697,0.4,2
200,90,-130,0.34816265799067697,0.4,2
200,90,-120,0.34816265799067697,0.4,2
200,90,-110,0.34816265799067697,0.4,2
200,90,-100,0.34816265799067697,0.4,2
210,10,70,0.34816265799067697,0.4,2
210,10,80,0.34816265799067697,0.4,2
210,10,90,0.34816265799067697,0.4,2
210,20,70,0.34816265799067697,0.4,2
210,20,80,0.34816265799067697,0.4,2
210,20,90,0.34816265799067697,0.4,2
210,30,80,0.34816265799067697,0.4,2
210,30,90,0.34816265799067697,0.4,2
210,40,90,0.34816265799067697,0.4,2
210,60,-80,0.34816265799067697,0.4,2
210,70,-90,0.34816265799067697,0.4,2
210,70,-80,0.34816265799067697,0.4,2
210,80,-90,0.34816265799067697,0.4,2
210,80,-80,0.34816265799067697,0.4,2
210,80,-70,0.34816265799067697,0.4,2
210,90,-90,0.34816265799067697,0.4,2
210,90,-80,0.34816265799067697,0.4,2
210,90,-70,0.34816265799067697,0.4,2
210,90,-60,0.34816265799067697,0.4,2
220,10,80,0.34816265799067697,0.4,2
220,10,90,0.34816265799067697,0.4,2
220,10,100,0.34816265799067697,0.4,2
220,20,80,0.34816265799067697,0.4,2
220,20,90,0.34816265799067697,0.4,2
220,20,100,0.34816265799067697,0.4,2
220,30,90,0.34816265799067697,0.4,2
220,30,100,0.34816265799067697,0.4,2
220,40,100,0.34816265799067697,0.4,2
220,60,-80,0.34816265799067697,0.4,2
220,70,-80,0.34816265799067697,0.4,2
220,70,-70,0.34816265799067697,0.4,2
220,80,-90,0.34816265799067697,0.4,2
220,80,-80,0.34816265799067697,0.4,2
220,80,-70,0.34816265799067697,0.4,2
220,90,-90,0.34816265799067697,0.4,2
220,90,-80,0.34816265799067697,0.4,2
220,90,-70,0.34816265799067697,0.4,2
230,10,90,0.34816265799067697,0.4,2
230,10,100,0.34816265799067697,0.4,2
230,10,110,0.34816265799067697,0.4,2
230,20,90,0.34816265799067697,0.4,2
230,20,100,0.34816265799067697,0.4,2
230,20,110,0.34816265799067697,0.4,2
230,30,100,0.34816265799067697,0.4,2
230,30,110,0.34816265799067697,0.4,2
230,40,100,0.34816265799067697,0.4,2
230,70,-80,0.34816265799067697,0.4,2
230,70,-70,0.34816265799067697,0.4,2
230,80,-80,0.34816265799067697,0.4,2
230,80,-70,0.34816265799067697,0.4,2
230,90,-90,0.34816265799067697,0.4,2
230,90,-80,0.34816265799067697,0.4,2
230,90,-70,0.34816265799067697,0.4,2
240,10,100,0.34816265799067697,0.4,2
240,10,110,0.34816265799067697,0.4,2
240,10,120,0.34816265799067697,0.4,2
240,20,100,0.34816265799067697,0.4,2
240,20,110,0.34816265799067697,0.4,2
240,20,120,0.34816265799067697,0.4,2
240,30,110,0.34816265799067697,0.4,2
240,30,120,0.34816265799067697,0.4,2
240,40,110,0.34816265799067697,0.4,2
240,70,-80,0.34816265799067697,0.4,2
240,70,-70,0.34816265799067697,0.4,2
240,80,-80,0.34816265799067697,0.4,2
240,80,-70,0.34816265799067697,0.4,2
240,90,-90,0.34816265799067697,0.4,2
240,90,-80,0.34816265799067697,0.4,2
240,90,-70,0.34816265799067697,0.4,2
250,10,110,0.34816265799067697,0.4,2
250,10,120,0.34816265799067697,0.4,2
250,10,130,0.34816265799067697,0.4,2
250,20,110,0.34816265799067697,0.4,2
250,20,120,0.34816265799067697,0.4,2
250,20,130,0.34816265799067697,0.4,2
250,30,110,0.34816265799067697,0.4,2
250,30,120,0.34816265799067697,0.4,2
250,30,130,0.34816265799067697,0.4,2
250,40,120,0.34816265799067697,0.4,2
250,70,-70,0.34816265799067697,0.4,2
250,80,-60,0.34816265799067697,0.4,2
250,80,-50,0.34816265799067697,0.4,2
250,80,-40,0.34816265799067697,0.4,2
250,80,-30,0.34816265799067697,0.4,2
250,80,-20,0.34816265799067697,0.4,2
250,80,-10,0.34816265799067697,0.4,2
250,90,-60,0.34816265799067697,0.4,2
250,90,-50,0.34816265799067697,0.4,2
250,90,-40,0.34816265799067697,0.4,2
250,90,-30,0.34816265799067697,0.4,2
250,90,-20,0.34816265799067697,0.4,2
250,90,-10,0.34816265799067697,0.4,2
260,10,120,0.34816265799067697,0.4,2
260,10,130,0.34816265799067697,0.4,2
260,10,140,0.34816265799067697,0.4,2
260,20,120,0.34816265799067697,0.4,2
260,20,130,0.34816265799067697,0.4,2
260,20,140,0.34816265799067697,0.4,2
260,30,120,0.34816265799067697,0.4,2
260,30,130,0.34816265799067697,0.4,2
260,30,140,0.34816265799067697,0.4,2
260,40,120,0.34816265799067697,0.4,2
260,40,130,0.34816265799067697,0.4,2
260,80,-60,0.34816265799067697,0.4,2
260,80,-50,0.34816265799067697,0.4,2
260,80,-40,0.34816265799067697,0.4,2
260,80,-30,0.34816265799067697,0.4,2
260,80,-20,0.34816265799067697,0.4,2
260,80,-10,0.34816265799067697,0.4,2
260,80,0,0.34816265799067697,0.4,2
260,90,-60,0.34816265799067697,0.4,2
260,90,-50,0.34816265799067697,0.4,2
260,90,-40,0.34816265799067697,0.4,2
260,90,-30,0.34816265799067697,0.4,2
260,90,-20,0.34816265799067697,0.4,2
260,90,-10,0.34816265799067697,0.4,2
260,90,0,0.34816265799067697,0.4,2
270,10,120,0.34816265799067697,0.4,2
270,10,130,0.34816265799067697,0.4,2
270,10,140,0.34816265799067697,0.4,2
270,10,150,0.34816265799067697,0.4,2
270,20,130,0.34816265799067697,0.4,2
270,20,140,0.34816265799067697,0.4,2
270,20,150,0.34816265799067697,0.4,2
270,30,130,0.34816265799067697,0.4,2
270,30,140,0.34816265799067697,0.4,2
270,30,150,0.34816265799067697,0.4,2
270,40,130,0.34816265799067697,0.4,2
270,40,140,0.34816265799067697,0.4,2
270,40,150,0.34816265799067697,0.4,2
270,90,-60,0.34816265799067697,0.4,2
270,90,-50,0.34816265799067697,0.4,2
270,90,-40,0.34816265799067697,0.4,2
270,90,-30,0.34816265799067697,0.4,2
270,90,-20,0.34816265799067697,0.4,2
270,90,-10,0.34816265799067697,0.4,2
270,90,0,0.34816265799067697,0.4,2
270,90,10,0.34816265799067697,0.4,2
280,10,130,0.34816265799067697,0.4,2
280,10,140,0.34816265799067697,0.4,2
280,10,150,0.34816265799067697,0.4,2
280,10,160,0.34816265799067697,0.4,2
280,20,140,0.34816265799067697,0.4,2
280,20,150,0.34816265799067697,0.4,2
280,20,160,0.34816265799067697,0.4,2
280,30,140,0.34816265799067697,0.4,2
280,30,150,0.34816265799067697,0.4,2
280,30,160,0.34816265799067697,0.4,2
280,40,140,0.34816265799067697,0.4,2
280,40,150,0.34816265799067697,0.4,2
280,40,160,0.34816265799067697,0.4,2
290,10,140,0.34816265799067697,0.4,2
290,10,150,0.34816265799067697,0.4,2
290,10,160,0.34816265799067697,0.4,2
290,10,170,0.34816265799067697,0.4,2
290,20,150,0.34816265799067697,0.4,2
290,20,160,0.34816265799067697,0.4,2
290,20,170,0.34816265799067697,0.4,2
290,30,150,0.34816265799067697,0.4,2
290,30,160,0.34816265799067697,0.4,2
290,30,170,0.34816265799067697,0.4,2
290,40,70,0.34816265799067697,0.4,2
290,40,80,0.34816265799067697,0.4,2
290,40,90,0.34816265799067697,0.4,2
290,40,100,0.34816265799067697,0.4,2
290,40,110,0.34816265799067697,0.4,2
290,40,120,0.34816265799067697,0.4,2
290,40,130,0.34816265799067697,0.4,2
290,40,140,0.34816265799067697,0.4,2
290,50,70,0.34816265799067697,0.4,2
290,50,80,0.34816265799067697,0.4,2
290,50,90,0.34816265799067697,0.4,2
290,50,100,0.34816265799067697,0.4,2
290,50,110,0.34816265799067697,0.4,2
290,50,120,0.34816265799067697,0.4,2
290,50,130,0.34816265799067697,0.4,2
290,50,140,0.34816265799067697,0.4,2
300,10,-180,0.34816265799067697,0.4,2
300,10,150,0.34816265799067697,0.4,2
300,10,160,0.34816265799067697,0.4,2
300,10,170,0.34816265799067697,0.4,2
300,20,-180,0.34816265799067697,0.4,2
300,20,150,0.34816265799067697,0.4,2
300,20,160,0.34816265799067697,0.4,2
300,20,170,0.34816265799067697,0.4,2
300,30,-180,0.34816265799067697,0.4,2
300,30,-170,0.34816265799067697,0.4,2
300,30,150,0.34816265799067697,0.4,2
300,30,160,0.34816265799067697,0.4,2
300,30,170,0.34816265799067697,0.4,2
300,40,80,0.34816265799067697,0.4,2
300,40,90,0.34816265799067697,0.4,2
300,40,100,0.34816265799067697,0.4,2
300,40,110,0.34816265799067697,0.4,2
300,40,120,0.34816265799067697,0.4,2
300,40,130,0.34816265799067697,0.4,2
300,40,140,0.34816265799067697,0.4,2
300,50,70,0.34816265799067697,0.4,2
300,50,80,0.34816265799067697,0.4,2
300,50,90,0.34816265799067697,0.4,2
300,50,100,0.34816265799067697,0.4,2
300,50,110,0.34816265799067697,0.4,2
300,50,120,0.34816265799067697,0.4,2
300,50,130,0.34816265799067697,0.4,2
300,50,140,0.34816265799067697,0.4,2
310,10,-180,0.34816265799067697,0.4,2
310,10,-170,0.34816265799067697,0.4,2
310,10,160,0.34816265799067697,0.4,2
310,10,170,0.34816265799067697,0.4,2
310,20,-180,0.34816265799067697,0.4,2
310,20,-170,0.34816265799067697,0.4,2
310,20,-160,0.34816265799067697,0.4,2
310,20,160,0.34816265799067697,0.4,2
310,20,170,0.34816265799067697,0.4,2
310,30,100,0.34816265799067697,0.4,2
310,30,110,0.34816265799067697,0.4,2
310,30,120,0.34816265799067697,0.4,2
310,30,130,0.34816265799067697,0.4,2
310,30,140,0.34816265799067697,0.4,2
310,30,150,0.34816265799067697,0.4,2
310,40,80,0.34816265799067697,0.4,2
310,40,90,0.34816265799067697,0.4,2
310,40,100,0.34816265799067697,0.4,2
310,40,110,0.34816265799067697,0.4,2
310,40,120,0.34816265799067697,0.4,2
310,40,130,0.34816265799067697,0.4,2
310,40,140,0.34816265799067697,0.4,2
310,40,150,0.34816265799067697,0.4,2
310,50,70,0.34816265799067697,0.4,2
310,50,80,0.34816265799067697,0.4,2
310,50,90,0.34816265799067697,0.4,2
310,50,100,0.34816265799067697,0.4,2
310,50,110,0.34816265799067697,0.4,2
310,50,120,0.34816265799067697,0.4,2
310,50,130,0.34816265799067697,0.4,2
310,50,140,0.34816265799067697,0.4,2
310,50,150,0.34816265799067697,0.4,2
310,60,60,0.34816265799067697,0.4,2
310,60,70,0.34816265799067697,0.4,2
310,60,80,0.34816265799067697,0.4,2
310,60,90,0.34816265799067697,0.4,2
310,60,100,0.34816265799067697,0.4,2
310,60,110,0.34816265799067697,0.4,2
310,60,120,0.34816265799067697,0.4,2
310,60,130,0.34816265799067697,0.4,2
310,60,140,0.34816265799067697,0.4,2
310,60,150,0.34816265799067697,0.4,2
320,10,-180,0.34816265799067697,0.4,2
320,10,-170,0.34816265799067697,0.4,2
320,10,-160,0.34816265799067697,0.4,2
320,10,170,0.34816265799067697,0.4,2
320,20,-180,0.34816265799067697,0.4,2
320,20,-170,0.34816265799067697,0.4,2
320,20,-160,0.34816265799067697,0.4,2
320,20,-150,0.34816265799067697,0.4,2
320,20,170,0.34816265799067697,0.4,2
320,30,110,0.34816265799067697,0.4,2
320,30,120,0.34816265799067697,0.4,2
320,30,130,0.34816265799067697,0.4,2
320,30,140,0.34816265799067697,0.4,2
320,30,150,0.34816265799067697,0.4,2
320,30,160,0.34816265799067697,0.4,2
320,40,90,0.34816265799067697,0.4,2
320,40,100,0.34816265799067697,0.4,2
320,40,110,0.34816265799067697,0.4,2
320,40,120,0.34816265799067697,0.4,2
320,40,130,0.34816265799067697,0.4,2
320,40,140,0.34816265799067697,0.4,2
320,40,150,0.34816265799067697,0.4,2
320,40,160,0.34816265799067697,0.4,2
320,50,70,0.34816265799067697,0.4,2
320,50,80,0.34816265799067697,0.4,2
320,50,90,0.34816265799067697,0.4,2
320,50,100,0.34816265799067697,0.4,2
320,50,110,0.34816265799067697,0.4,2
320,50,120,0.34816265799067697,0.4,2
320,50,130,0.34816265799067697,0.4,2
320,50,140,0.34816265799067697,0.4,2
320,50,150,0.34816265799067697,0.4,2
320,50,160,0.34816265799067697,0.4,2
320,60,60,0.34816265799067697,0.4,2
320,60,70,0.34816265799067697,0.4,2
320,60,80,0.34816265799067697,0.4,2
320,60,90,0.34816265799067697,0.4,2
320,60,100,0.34816265799067697,0.4,2
320,60,110,0.34816265799067697,0.4,2
320,60,120,0.34816265799067697,0.4,2
320,60,130,0.34816265799067697,0.4,2
320,60,140,0.34816265799067697,0.4,2
320,60,150,0.34816265799067697,0.4,2
320,60,160,0.34816265799067697,0.4,2
320,70,70,0.34816265799067697,0.4,2
320,70,80,0.34816265799067697,0.4,2
320,70,90,0.34816265799067697,0.4,2
320,70,100,0.34816265799067697,0.4,2
320,70,110,0.34816265799067697,0.4,2
320,70,120,0.34816265799067697,0.4,2
320,70,130,0.34816265799067697,0.4,2
320,70,140,0.34816265799067697,0.4,2
320,70,150,0.34816265799067697,0.4,2
320,70,160,0.34816265799067697,0.4,2
330,10,-180,0.34816265799067697,0.4,2
330,10,-170,0.34816265799067697,0.4,2
330,10,-160,0.34816265799067697,0.4,2
330,10,-150,0.34816265799067697,0.4,2
330,20,-180,0.34816265799067697,0.4,2
330,20,-170,0.34816265799067697,0.4,2
330,20,-160,0.34816265799067697,0.4,2
330,20,-150,0.34816265799067697,0.4,2
330,20,-140,0.34816265799067697,0.4,2
330,30,120,0.34816265799067697,0.4,2
330,30,130,0.34816265799067697,0.4,2
330,30,140,0.34816265799067697,0.4,2
330,30,150,0.34816265799067697,0.4,2
330,30,160,0.34816265799067697,0.4,2
330,30,170,0.34816265799067697,0.4,2
330,40,100,0.34816265799067697,0.4,2
330,40,110,0.34816265799067697,0.4,2
330,40,120,0.34816265799067697,0.4,2
330,40,130,0.34816265799067697,0.4,2
330,40,140,0.34816265799067697,0.4,2
330,40,150,0.34816265799067697,0.4,2
330,40,160,0.34816265799067697,0.4,2
330,40,170,0.34816265799067697,0.4,2
330,50,70,0.34816265799067697,0.4,2
330,50,80,0.34816265799067697,0.4,2
330,50,90,0.34816265799067697,0.4,2
330,50,100,0.34816265799067697,0.4,2
330,50,110,0.34816265799067697,0.4,2
330,50,120,0.34816265799067697,0.4,2
330,50,130,0.34816265799067697,0.4,2
330,50,140,0.34816265799067697,0.4,2
330,50,150,0.34816265799067697,0.4,2
330,50,160,0.34816265799067697,0.4,2
330,50,170,0.34816265799067697,0.4,2
330,60,70,0.34816265799067697,0.4,2
330,60,80,0.34816265799067697,0.4,2
330,60,90,0.34816265799067697,0.4,2
330,60,100,0.34816265799067697,0.4,2
330,60,110,0.34816265799067697,0.4,2
330,60,120,0.34816265799067697,0.4,2
330,60,130,0.34816265799067697,0.4,2
330,60,140,0.34816265799067697,0.4,2
330,60,150,0.34816265799067697,0.4,2
330,60,160,0.34816265799067697,0.4,2
330,60,170,0.34816265799067697,0.4,2
330,70,80,0.34816265799067697,0.4,2
330,70,90,0.34816265799067697,0.4,2
330,70,100,0.34816265799067697,0.4,2
330,70,110,0.34816265799067697,0.4,2
330,70,120,0.34816265799067697,0.4,2
330,70,130,0.34816265799067697,0.4,2
330,70,140,0.34816265799067697,0.4,2
330,70,150,0.34816265799067697,0.4,2
330,70,160,0.34816265799067697,0.4,2
330,70,170,0.34816265799067697,0.4,2
340,10,-170,0.34816265799067697,0.4,2
340,10,-160,0.34816265799067697,0.4,2
340,10,-150,0.34816265799067697,0.4,2
340,10,-140,0.34816265799067697,0.4,2
340,10,-130,0.34816265799067697,0.4,2
340,20,-170,0.34816265799067697,0.4,2
340,20,-160,0.34816265799067697,0.4,2
340,20,-150,0.34816265799067697,0.4,2
340,20,-140,0.34816265799067697,0.4,2
340,20,-130,0.34816265799067697,0.4,2
340,30,-180,0.34816265799067697,0.4,2
340,30,140,0.34816265799067697,0.4,2
340,30,150,0.34816265799067697,0.4,2
340,30,160,0.34816265799067697,0.4,2
340,30,170,0.34816265799067697,0.4,2
340,40,-180,0.34816265799067697,0.4,2
340,40,110,0.34816265799067697,0.4,2
340,40,120,0.34816265799067697,0.4,2
340,40,130,0.34816265799067697,0.4,2
340,40,140,0.34816265799067697,0.4,2
340,40,150,0.34816265799067697,0.4,2
340,40,160,0.34816265799067697,0.4,2
340,40,170,0.34816265799067697,0.4,2
340,50,-180,0.34816265799067697,0.4,2
340,50,70,0.34816265799067697,0.4,2
340,50,80,0.34816265799067697,0.4,2
340,50,90,0.34816265799067697,0.4,2
340,50,100,0.34816265799067697,0.4,2
340,50,110,0.34816265799067697,0.4,2
340,50,120,0.34816265799067697,0.4,2
340,50,130,0.34816265799067697,0.4,2
340,50,140,0.34816265799067697,0.4,2
340,50,150,0.34816265799067697,0.4,2
340,50,160,0.34816265799067697,0.4,2
340,50,170,0.34816265799067697,0.4,2
340,60,-180,0.34816265799067697,0.4,2
340,60,80,0.34816265799067697,0.4,2
340,60,90,0.34816265799067697,0.4,2
340,60,100,0.34816265799067697,0.4,2
340,60,110,0.34816265799067697,0.4,2
340,60,120,0.34816265799067697,0.4,2
340,60,130,0.34816265799067697,0.4,2
340,60,140,0.34816265799067697,0.4,2
340,60,150,0.34816265799067697,0.4,2
340,60,160,0.34816265799067697,0.4,2
340,60,170,0.34816265799067697,0.4,2
340,70,-180,0.34816265799067697,0.4,2
340,70,80,0.34816265799067697,0.4,2
340,70,90,0.34816265799067697,0.4,2
340,70,100,0.34816265799067697,0.4,2
340,70,110,0.34816265799067697,0.4,2
340,70,120,0.34816265799067697,0.4,2
340,70,130,0.34816265799067697,0.4,2
340,70,140,0.34816265799067697,0.4,2
340,70,150,0.34816265799067697,0.4,2
340,70,160,0.34816265799067697,0.4,2
340,70,170,0.34816265799067697,0.4,2
340,80,-180,0.34816265799067697,0.4,2
340,80,90,0.34816265799067697,0.4,2
340,80,100,0.34816265799067697,0.4,2
340,80,110,0.34816265799067697,0.4,2
340,80,120,0.34816265799067697,0.4,2
340,80,130,0.34816265799067697,0.4,2
340,80,140,0.34816265799067697,0.4,2
340,80,150,0.34816265799067697,0.4,2
340,80,160,0.34816265799067697,0.4,2
340,80,170,0.34816265799067697,0.4,2
350,10,-160,0.34816265799067697,0.4,2
350,10,-150,0.34816265799067697,0.4,2
350,10,-140,0.34816265799067697,0.4,2
350,10,-130,0.34816265799067697,0.4,2
350,10,-120,0.34816265799067697,0.4,2
350,20,-160,0.34816265799067697,0.4,2
350,20,-150,0.34816265799067697,0.4,2
350,20,-140,0.34816265799067697,0.4,2
350,20,-130,0.34816265799067697,0.4,2
350,20,-120,0.34816265799067697,0.4,2
350,30,-180,0.34816265799067697,0.4,2
350,30,-170,0.34816265799067697,0.4,2
350,30,160,0.34816265799067697,0.4,2
350,30,170,0.34816265799067697,0.4,2
350,40,-180,0.34816265799067697,0.4,2
350,40,-170,0.34816265799067697,0.4,2
350,40,130,0.34816265799067697,0.4,2
350,40,140,0.34816265799067697,0.4,2
350,40,150,0.34816265799067697,0.4,2
350,40,160,0.34816265799067697,0.4,2
350,40,170,0.34816265799067697,0.4,2
350,50,-180,0.34816265799067697,0.4,2
350,50,-170,0.34816265799067697,0.4,2
350,50,80,0.34816265799067697,0.4,2
350,50,90,0.34816265799067697,0.4,2
350,50,100,0.34816265799067697,0.4,2
350,50,110,0.34816265799067697,0.4,2
350,50,120,0.34816265799067697,0.4,2
350,50,130,0.34816265799067697,0.4,2
350,50,140,0.34816265799067697,0.4,2
350,50,150,0.34816265799067697,0.4,2
350,50,160,0.34816265799067697,0.4,2
350,50,170,0.34816265799067697,0.4,2
350,60,-180,0.34816265799067697,0.4,2
350,60,-170,0.34816265799067697,0.4,2
350,60,80,0.34816265799067697,0.4,2
350,60,90,0.34816265799067697,0.4,2
350,60,100,0.34816265799067697,0.4,2
350,60,110,0.34816265799067697,0.4,2
350,60,120,0.34816265799067697,0.4,2
350,60,130,0.34816265799067697,0.4,2
350,60,140,0.34816265799067697,0.4,2
350,60,150,0.34816265799067697,0.4,2
350,60,160,0.34816265799067697,0.4,2
350,60,170,0.34816265799067697,0.4,2
350,70,-180,0.34816265799067697,0.4,2
350,70,-170,0.34816265799067697,0.4,2
350,70,90,0.34816265799067697,0.4,2
350,70,100,0.34816265799067697,0.4,2
350,70,110,0.34816265799067697,0.4,2
350,70,120,0.34816265799067697,0.4,2
350,70,130,0.34816265799067697,0.4,2
350,70,140,0.34816265799067697,0.4,2
350,70,150,0.34816265799067697,0.4,2
350,70,160,0.34816265799067697,0.4,2
350,70,170,0.34816265799067697,0.4,2
350,80,-180,0.34816265799067697,0.4,2
350,80,-170,0.34816265799067697,0.4,2
350,80,90,0.34816265799067697,0.4,2
350,80,100,0.34816265799067697,0.4,2
350,80,110,0.34816265799067697,0.4,2
350,80,120,0.34816265799067697,0.4,2
350,80,130,0.34816265799067697,0.4,2
350,80,140,0.34816265799067697,0.4,2
350,80,150,0.34816265799067697,0.4,2
350,80,160,0.34816265799067697,0.4,2
350,80,170,0.34816265799067697,0.4,2
350,90,-180,0.34816265799067697,0.4,2
350,90,-170,0.34816265799067697,0.4,2
350,90,100,0.34816265799067697,0.4,2
350,90,110,0.34816265799067697,0.4,2
350,90,120,0.34816265799067697,0.4,2
350,90,130,0.34816265799067697,0.4,2
350,90,140,0.34816265799067697,0.4,2
350,90,150,0.34816265799067697,0.4,2
350,90,160,0.34816265799067697,0.4,2
350,90,170,0.34816265799067697,0.4,2
30,30,-180,0.36816634884862026,0.4,2
30,30,-170,0.36816634884862026,0.4,2
30,30,110,0.36816634884862026,0.4,2
30,30,120,0.36816634884862026,0.4,2
30,30,130,0.36816634884862026,0.4,2
30,30,140,0.36816634884862026,0.4,2
30,30,150,0.36816634884862026,0.4,2
30,30,160,0.36816634884862026,0.4,2
30,30,170,0.36816634884862026,0.4,2
30,40,-180,0.36816634884862026,0.4,2
30,40,-170,0.36816634884862026,0.4,2
30,40,-160,0.36816634884862026,0.4,2
30,40,-150,0.36816634884862026,0.4,2
30,40,100,0.36816634884862026,0.4,2
30,40,110,0.36816634884862026,0.4,2
30,40,120,0.36816634884862026,0.4,2
30,40,130,0.36816634884862026,0.4,2
30,40,140,0.36816634884862026,0.4,2
30,40,150,0.36816634884862026,0.4,2
30,40,160,0.36816634884862026,0.4,2
30,40,170,0.36816634884862026,0.4,2
30,50,-130,0.36816634884862026,0.4,2
30,50,-120,0.36816634884862026,0.4,2
30,60,-130,0.36816634884862026,0.4,2
40,20,-180,0.36816634884862026,0.4,2
40,20,-170,0.36816634884862026,0.4,2
40,20,-160,0.36816634884862026,0.4,2
40,20,140,0.36816634884862026,0.4,2
40,20,150,0.36816634884862026,0.4,2
40,20,160,0.36816634884862026,0.4,2
40,20,170,0.36816634884862026,0.4,2
40,30,-180,0.36816634884862026,0.4,2
40,30,-170,0.36816634884862026,0.4,2
40,30,-160,0.36816634884862026,0.4,2
40,30,-150,0.36816634884862026,0.4,2
40,30,120,0.36816634884862026,0.4,2
40,30,130,0.36816634884862026,0.4,2
40,30,140,0.36816634884862026,0.4,2
40,30,150,0.36816634884862026,0.4,2
40,30,160,0.36816634884862026,0.4,2
40,30,170,0.36816634884862026,0.4,2
40,40,-180,0.36816634884862026,0.4,2
40,40,-170,0.36816634884862026,0.4,2
40,40,-160,0.36816634884862026,0.4,2
40,40,-150,0.36816634884862026,0.4,2
40,40,-140,0.36816634884862026,0.4,2
40,40,-130,0.36816634884862026,0.4,2
40,40,110,0.36816634884862026,0.4,2
40,40,120,0.36816634884862026,0.4,2
40,40,130,0.36816634884862026,0.4,2
40,40,140,0.36816634884862026,0.4,2
40,40,150,0.36816634884862026,0.4,2
40,40,160,0.36816634884862026,0.4,2
40,40,170,0.36816634884862026,0.4,2
40,50,-180,0.36816634884862026,0.4,2
40,50,-170,0.36816634884862026,0.4,2
40,50,-160,0.36816634884862026,0.4,2
40,50,-150,0.36816634884862026,0.4,2
40,50,-140,0.36816634884862026,0.4,2
40,50,-130,0.36816634884862026,0.4,2
40,50,120,0.36816634884862026,0.4,2
40,50,130,0.36816634884862026,0.4,2
40,50,140,0.36816634884862026,0.4,2
40,50,150,0.36816634884862026,0.4,2
40,50,160,0.36816634884862026,0.4,2
40,50,170,0.36816634884862026,0.4,2
50,10,-180,0.36816634884862026,0.4,2
50,10,-170,0.36816634884862026,0.4,2
50,10,-160,0.36816634884862026,0.4,2
50,10,-150,0.36816634884862026,0.4,2
50,10,160,0.36816634884862026,0.4,2
50,10,170,0.36816634884862026,0.4,2
50,20,-180,0.36816634884862026,0.4,2
50,20,-170,0.36816634884862026,0.4,2
50,20,-160,0.36816634884862026,0.4,2
50,20,-150,0.36816634884862026,0.4,2
50,20,-140,0.36816634884862026,0.4,2
50,20,150,0.36816634884862026,0.4,2
50,20,160,0.36816634884862026,0.4,2
50,20,170,0.36816634884862026,0.4,2
50,30,-180,0.36816634884862026,0.4,2
50,30,-170,0.36816634884862026,0.4,2
50,30,-160,0.36816634884862026,0.4,2
50,30,-150,0.36816634884862026,0.4,2
50,30,-140,0.36816634884862026,0.4,2
50,30,-130,0.36816634884862026,0.4,2
50,30,140,0.36816634884862026,0.4,2
50,30,150,0.36816634884862026,0.4,2
50,30,160,0.36816634884862026,0.4,2
50,30,170,0.36816634884862026,0.4,2
50,40,-180,0.36816634884862026,0.4,2
50,40,-170,0.36816634884862026,0.4,2
50,40,-160,0.36816634884862026,0.4,2
50,40,-150,0.36816634884862026,0.4,2
50,40,-140,0.36816634884862026,0.4,2
50,40,-130,0.36816634884862026,0.4,2
50,40,-120,0.36816634884862026,0.4,2
50,40,120,0.36816634884862026,0.4,2
50,40,130,0.36816634884862026,0.4,2
50,40,140,0.36816634884862026,0.4,2
50,40,150,0.36816634884862026,0.4,2
50,40,160,0.36816634884862026,0.4,2
50,40,170,0.36816634884862026,0.4,2
50,50,-180,0.36816634884862026,0.4,2
50,50,-170,0.36816634884862026,0.4,2
50,50,-160,0.36816634884862026,0.4,2
50,50,-150,0.36816634884862026,0.4,2
50,50,-140,0.36816634884862026,0.4,2
50,50,-130,0.36816634884862026,0.4,2
50,50,-120,0.36816634884862026,0.4,2
50,50,120,0.36816634884862026,0.4,2
50,50,130,0.36816634884862026,0.4,2
50,50,140,0.36816634884862026,0.4,2
50,50,150,0.36816634884862026,0.4,2
50,50,160,0.36816634884862026,0.4,2
50,50,170,0.36816634884862026,0.4,2
50,60,-180,0.36816634884862026,0.4,2
50,60,-170,0.36816634884862026,0.4,2
50,60,-160,0.36816634884862026,0.4,2
50,60,-150,0.36816634884862026,0.4,2
50,60,-140,0.36816634884862026,0.4,2
50,60,140,0.36816634884862026,0.4,2
50,60,150,0.36816634884862026,0.4,2
50,60,160,0.36816634884862026,0.4,2
50,60,170,0.36816634884862026,0.4,2
60,10,-180,0.36816634884862026,0.4,2
60,10,-170,0.36816634884862026,0.4,2
60,10,-160,0.36816634884862026,0.4,2
60,10,-150,0.36816634884862026,0.4,2
60,10,-140,0.36816634884862026,0.4,2
60,10,170,0.36816634884862026,0.4,2
60,20,-180,0.36816634884862026,0.4,2
60,20,-170,0.36816634884862026,0.4,2
60,20,-160,0.36816634884862026,0.4,2
60,20,-150,0.36816634884862026,0.4,2
60,20,-140,0.36816634884862026,0.4,2
60,20,-130,0.36816634884862026,0.4,2
60,20,170,0.36816634884862026,0.4,2
60,30,-180,0.36816634884862026,0.4,2
60,30,-170,0.36816634884862026,0.4,2
60,30,-160,0.36816634884862026,0.4,2
60,30,-150,0.36816634884862026,0.4,2
60,30,-140,0.36816634884862026,0.4,2
60,30,-130,0.36816634884862026,0.4,2
60,30,-120,0.36816634884862026,0.4,2
60,30,160,0.36816634884862026,0.4,2
60,30,170,0.36816634884862026,0.4,2
60,40,-180,0.36816634884862026,0.4,2
60,40,-170,0.36816634884862026,0.4,2
60,40,-160,0.36816634884862026,0.4,2
60,40,-150,0.36816634884862026,0.4,2
60,40,-140,0.36816634884862026,0.4,2
60,40,-130,0.36816634884862026,0.4,2
60,40,-120,0.36816634884862026,0.4,2
60,40,130,0.36816634884862026,0.4,2
60,40,140,0.36816634884862026,0.4,2
60,40,150,0.36816634884862026,0.4,2
60,40,160,0.36816634884862026,0.4,2
60,40,170,0.36816634884862026,0.4,2
60,50,-180,0.36816634884862026,0.4,2
60,50,-170,0.36816634884862026,0.4,2
60,50,-160,0.36816634884862026,0.4,2
60,50,-150,0.36816634884862026,0.4,2
60,50,-140,0.36816634884862026,0.4,2
60,50,-130,0.36816634884862026,0.4,2
60,50,130,0.36816634884862026,0.4,2
60,50,140,0.36816634884862026,0.4,2
60,50,150,0.36816634884862026,0.4,2
60,50,160,0.36816634884862026,0.4,2
60,50,170,0.36816634884862026,0.4,2
60,60,-180,0.36816634884862026,0.4,2
60,60,-170,0.36816634884862026,0.4,2
60,60,-160,0.36816634884862026,0.4,2
60,60,130,0.36816634884862026,0.4,2
60,60,140,0.36816634884862026,0.4,2
60,60,150,0.36816634884862026,0.4,2
60,60,160,0.36816634884862026,0.4,2
60,60,170,0.36816634884862026,0.4,2
60,70,-180,0.36816634884862026,0.4,2
60,70,-170,0.36816634884862026,0.4,2
60,70,140,0.36816634884862026,0.4,2
60,70,150,0.36816634884862026,0.4,2
60,70,160,0.36816634884862026,0.4,2
60,70,170,0.36816634884862026,0.4,2
60,80,-180,0.36816634884862026,0.4,2
60,80,-170,0.36816634884862026,0.4,2
60,80,150,0.36816634884862026,0.4,2
60,80,160,0.36816634884862026,0.4,2
60,80,170,0.36816634884862026,0.4,2
70,10,-180,0.36816634884862026,0.4,2
70,10,-170,0.36816634884862026,0.4,2
70,10,-160,0.36816634884862026,0.4,2
70,10,-150,0.36816634884862026,0.4,2
70,10,-140,0.36816634884862026,0.4,2
70,10,-130,0.36816634884862026,0.4,2
70,20,-180,0.36816634884862026,0.4,2
70,20,-170,0.36816634884862026,0.4,2
70,20,-160,0.36816634884862026,0.4,2
70,20,-150,0.36816634884862026,0.4,2
70,20,-140,0.36816634884862026,0.4,2
70,20,-130,0.36816634884862026,0.4,2
70,20,-120,0.36816634884862026,0.4,2
70,30,-180,0.36816634884862026,0.4,2
70,30,-170,0.36816634884862026,0.4,2
70,30,-160,0.36816634884862026,0.4,2
70,30,-150,0.36816634884862026,0.4,2
70,30,-140,0.36816634884862026,0.4,2
70,30,-130,0.36816634884862026,0.4,2
70,30,-120,0.36816634884862026,0.4,2
70,30,-110,0.36816634884862026,0.4,2
70,30,-100,0.36816634884862026,0.4,2
70,40,-180,0.36816634884862026,0.4,2
70,40,-170,0.36816634884862026,0.4,2
70,40,-160,0.36816634884862026,0.4,2
70,40,-150,0.36816634884862026,0.4,2
70,40,-140,0.36816634884862026,0.4,2
70,40,-130,0.36816634884862026,0.4,2
70,40,-120,0.36816634884862026,0.4,2
70,40,-110,0.36816634884862026,0.4,2
70,50,-180,0.36816634884862026,0.4,2
70,50,130,0.36816634884862026,0.4,2
70,50,140,0.36816634884862026,0.4,2
70,50,150,0.36816634884862026,0.4,2
70,50,160,0.36816634884862026,0.4,2
70,50,170,0.36816634884862026,0.4,2
70,60,-180,0.36816634884862026,0.4,2
70,60,130,0.36816634884862026,0.4,2
70,60,140,0.36816634884862026,0.4,2
70,60,150,0.36816634884862026,0.4,2
70,60,160,0.36816634884862026,0.4,2
70,60,170,0.36816634884862026,0.4,2
70,70,-180,0.36816634884862026,0.4,2
70,70,140,0.36816634884862026,0.4,2
70,70,150,0.36816634884862026,0.4,2
70,70,160,0.36816634884862026,0.4,2
70,70,170,0.36816634884862026,0.4,2
70,80,-180,0.36816634884862026,0.4,2
70,80,140,0.36816634884862026,0.4,2
70,80,150,0.36816634884862026,0.4,2
70,80,160,0.36816634884862026,0.4,2
70,80,170,0.36816634884862026,0.4,2
70,90,-180,0.36816634884862026,0.4,2
70,90,150,0.36816634884862026,0.4,2
70,90,160,0.36816634884862026,0.4,2
70,90,170,0.36816634884862026,0.4,2
80,10,-160,0.36816634884862026,0.4,2
80,10,-150,0.36816634884862026,0.4,2
80,10,-140,0.36816634884862026,0.4,2
80,10,-130,0.36816634884862026,0.4,2
80,10,-120,0.36816634884862026,0.4,2
80,20,-160,0.36816634884862026,0.4,2
80,20,-150,0.36816634884862026,0.4,2
80,20,-140,0.36816634884862026,0.4,2
80,20,-130,0.36816634884862026,0.4,2
80,20,-120,0.36816634884862026,0.4,2
80,20,-110,0.36816634884862026,0.4,2
80,30,-150,0.36816634884862026,0.4,2
80,30,-140,0.36816634884862026,0.4,2
80,30,-130,0.36816634884862026,0.4,2
80,30,-120,0.36816634884862026,0.4,2
80,30,-110,0.36816634884862026,0.4,2
80,30,-100,0.36816634884862026,0.4,2
80,40,-120,0.36816634884862026,0.4,2
80,40,-110,0.36816634884862026,0.4,2
80,40,-100,0.36816634884862026,0.4,2
80,60,140,0.36816634884862026,0.4,2
80,60,150,0.36816634884862026,0.4,2
80,70,140,0.36816634884862026,0.4,2
80,70,150,0.36816634884862026,0.4,2
80,70,160,0.36816634884862026,0.4,2
80,80,140,0.36816634884862026,0.4,2
80,80,150,0.36816634884862026,0.4,2
80,80,160,0.36816634884862026,0.4,2
80,90,140,0.36816634884862026,0.4,2
80,90,150,0.36816634884862026,0.4,2
80,90,160,0.36816634884862026,0.4,2
80,90,170,0.36816634884862026,0.4,2
90,10,-150,0.36816634884862026,0.4,2
90,10,-140,0.36816634884862026,0.4,2
90,10,-130,0.36816634884862026,0.4,2
90,10,-120,0.36816634884862026,0.4,2
90,10,-110,0.36816634884862026,0.4,2
90,20,-140,0.36816634884862026,0.4,2
90,20,-130,0.36816634884862026,0.4,2
90,20,-120,0.36816634884862026,0.4,2
90,20,-110,0.36816634884862026,0.4,2
90,20,-100,0.36816634884862026,0.4,2
90,30,-130,0.36816634884862026,0.4,2
90,30,-120,0.36816634884862026,0.4,2
90,30,-110,0.36816634884862026,0.4,2
90,30,-100,0.36816634884862026,0.4,2
90,30,-90,0.36816634884862026,0.4,2
90,40,-100,0.36816634884862026,0.4,2
90,40,-90,0.36816634884862026,0.4,2
90,70,140,0.36816634884862026,0.4,2
90,70,150,0.36816634884862026,0.4,2
90,80,140,0.36816634884862026,0.4,2
90,80,150,0.36816634884862026,0.4,2
90,90,140,0.36816634884862026,0.4,2
90,90,150,0.36816634884862026,0.4,2
90,90,160,0.36816634884862026,0.4,2
100,10,-140,0.36816634884862026,0.4,2
100,10,-130,0.36816634884862026,0.4,2
100,10,-120,0.36816634884862026,0.4,2
100,10,-110,0.36816634884862026,0.4,2
100,10,-100,0.36816634884862026,0.4,2
100,20,-130,0.36816634884862026,0.4,2
100,20,-120,0.36816634884862026,0.4,2
100,20,-110,0.36816634884862026,0.4,2
100,20,-100,0.36816634884862026,0.4,2
100,20,-90,0.36816634884862026,0.4,2
100,30,-110,0.36816634884862026,0.4,2
100,30,-100,0.36816634884862026,0.4,2
100,30,-90,0.36816634884862026,0.4,2
100,30,-80,0.36816634884862026,0.4,2
100,40,-90,0.36816634884862026,0.4,2
110,10,-130,0.36816634884862026,0.4,2
110,10,-120,0.36816634884862026,0.4,2
110,10,-110,0.36816634884862026,0.4,2
110,10,-100,0.36816634884862026,0.4,2
110,10,-90,0.36816634884862026,0.4,2
110,20,-120,0.36816634884862026,0.4,2
110,20,-110,0.36816634884862026,0.4,2
110,20,-100,0.36816634884862026,0.4,2
110,20,-90,0.36816634884862026,0.4,2
110,20,-80,0.36816634884862026,0.4,2
110,30,-100,0.36816634884862026,0.4,2
110,30,-90,0.36816634884862026,0.4,2
110,30,-80,0.36816634884862026,0.4,2
110,30,-70,0.36816634884862026,0.4,2
110,40,-80,0.36816634884862026,0.4,2
120,10,-120,0.36816634884862026,0.4,2
120,10,-110,0.36816634884862026,0.4,2
120,10,-100,0.36816634884862026,0.4,2
120,10,-90,0.36816634884862026,0.4,2
120,10,-80,0.36816634884862026,0.4,2
120,20,-100,0.36816634884862026,0.4,2
120,20,-90,0.36816634884862026,0.4,2
120,20,-80,0.36816634884862026,0.4,2
120,20,-70,0.36816634884862026,0.4,2
120,30,-90,0.36816634884862026,0.4,2
120,30,-80,0.36816634884862026,0.4,2
120,30,-70,0.36816634884862026,0.4,2
120,40,-80,0.36816634884862026,0.4,2
120,40,-70,0.36816634884862026,0.4,2
120,90,50,0.36816634884862026,0.4,2
120,90,60,0.36816634884862026,0.4,2
130,10,-110,0.36816634884862026,0.4,2
130,10,-100,0.36816634884862026,0.4,2
130,10,-90,0.36816634884862026,0.4,2
130,10,-80,0.36816634884862026,0.4,2
130,10,-70,0.36816634884862026,0.4,2
130,20,-90,0.36816634884862026,0.4,2
130,20,-80,0.36816634884862026,0.4,2
130,20,-70,0.36816634884862026,0.4,2
130,20,-60,0.36816634884862026,0.4,2
130,30,-80,0.36816634884862026,0.4,2
130,30,-70,0.36816634884862026,0.4,2
130,30,-60,0.36816634884862026,0.4,2
130,40,-70,0.36816634884862026,0.4,2
130,40,-60,0.36816634884862026,0.4,2
130,40,-50,0.36816634884862026,0.4,2
130,90,40,0.36816634884862026,0.4,2
130,90,50,0.36816634884862026,0.4,2
130,90,60,0.36816634884862026,0.4,2
130,90,70,0.36816634884862026,0.4,2
140,10,-100,0.36816634884862026,0.4,2
140,10,-90,0.36816634884862026,0.4,2
140,10,-80,0.36816634884862026,0.4,2
140,10,-70,0.36816634884862026,0.4,2
140,10,-60,0.36816634884862026,0.4,2
140,20,-80,0.36816634884862026,0.4,2
140,20,-70,0.36816634884862026,0.4,2
140,20,-60,0.36816634884862026,0.4,2
140,30,-70,0.36816634884862026,0.4,2
140,30,-60,0.36816634884862026,0.4,2
140,30,-50,0.36816634884862026,0.4,2
140,40,-60,0.36816634884862026,0.4,2
140,40,-50,0.36816634884862026,0.4,2
140,50,-60,0.36816634884862026,0.4,2
140,50,-50,0.36816634884862026,0.4,2
140,80,40,0.36816634884862026,0.4,2
140,80,50,0.36816634884862026,0.4,2
140,80,60,0.36816634884862026,0.4,2
140,90,30,0.36816634884862026,0.4,2
140,90,40,0.36816634884862026,0.4,2
140,90,50,0.36816634884862026,0.4,2
140,90,60,0.36816634884862026,0.4,2
140,90,70,0.36816634884862026,0.4,2
140,90,80,0.36816634884862026,0.4,2
150,10,-90,0.36816634884862026,0.4,2
150,10,-80,0.36816634884862026,0.4,2
150,10,-70,0.36816634884862026,0.4,2
150,10,-60,0.36816634884862026,0.4,2
150,10,-50,0.36816634884862026,0.4,2
150,20,-80,0.36816634884862026,0.4,2
150,20,-70,0.36816634884862026,0.4,2
150,20,-60,0.36816634884862026,0.4,2
150,20,-50,0.36816634884862026,0.4,2
150,30,-70,0.36816634884862026,0.4,2
150,30,-60,0.36816634884862026,0.4,2
150,30,-50,0.36816634884862026,0.4,2
150,30,-40,0.36816634884862026,0.4,2
150,40,-60,0.36816634884862026,0.4,2
150,40,-50,0.36816634884862026,0.4,2
150,40,-40,0.36816634884862026,0.4,2
150,70,30,0.36816634884862026,0.4,2
150,70,40,0.36816634884862026,0.4,2
150,70,50,0.36816634884862026,0.4,2
150,70,60,0.36816634884862026,0.4,2
150,80,20,0.36816634884862026,0.4,2
150,80,30,0.36816634884862026,0.4,2
150,80,40,0.36816634884862026,0.4,2
150,80,50,0.36816634884862026,0.4,2
150,80,60,0.36816634884862026,0.4,2
150,80,70,0.36816634884862026,0.4,2
150,90,10,0.36816634884862026,0.4,2
150,90,20,0.36816634884862026,0.4,2
150,90,30,0.36816634884862026,0.4,2
150,90,40,0.36816634884862026,0.4,2
150,90,50,0.36816634884862026,0.4,2
150,90,60,0.36816634884862026,0.4,2
150,90,70,0.36816634884862026,0.4,2
150,90,80,0.36816634884862026,0.4,2
160,10,-80,0.36816634884862026,0.4,2
160,10,-70,0.36816634884862026,0.4,2
160,10,-60,0.36816634884862026,0.4,2
160,10,-50,0.36816634884862026,0.4,2
160,10,-40,0.36816634884862026,0.4,2
160,20,-70,0.36816634884862026,0.4,2
160,20,-60,0.36816634884862026,0.4,2
160,20,-50,0.36816634884862026,0.4,2
160,20,-40,0.36816634884862026,0.4,2
160,30,-60,0.36816634884862026,0.4,2
160,30,-50,0.36816634884862026,0.4,2
160,30,-40,0.36816634884862026,0.4,2
160,40,-50,0.36816634884862026,0.4,2
160,40,-40,0.36816634884862026,0.4,2
160,60,-10,0.36816634884862026,0.4,2
160,60,0,0.36816634884862026,0.4,2
160,60,10,0.36816634884862026,0.4,2
160,60,20,0.36816634884862026,0.4,2
160,60,30,0.36816634884862026,0.4,2
160,60,40,0.36816634884862026,0.4,2
160,60,50,0.36816634884862026,0.4,2
160,60,60,0.36816634884862026,0.4,2
160,70,-10,0.36816634884862026,0.4,2
160,70,0,0.36816634884862026,0.4,2
160,70,10,0.36816634884862026,0.4,2
160,70,20,0.36816634884862026,0.4,2
160,70,30,0.36816634884862026,0.4,2
160,70,40,0.36816634884862026,0.4,2
160,70,50,0.36816634884862026,0.4,2
160,70,60,0.36816634884862026,0.4,2
160,80,-10,0.36816634884862026,0.4,2
160,80,0,0.36816634884862026,0.4,2
160,80,10,0.36816634884862026,0.4,2
160,80,20,0.36816634884862026,0.4,2
160,80,30,0.36816634884862026,0.4,2
160,80,40,0.36816634884862026,0.4,2
160,80,50,0.36816634884862026,0.4,2
160,80,60,0.36816634884862026,0.4,2
160,80,70,0.36816634884862026,0.4,2
160,90,-10,0.36816634884862026,0.4,2
160,90,0,0.36816634884862026,0.4,2
160,90,10,0.36816634884862026,0.4,2
160,90,20,0.36816634884862026,0.4,2
160,90,30,0.36816634884862026,0.4,2
160,90,40,0.36816634884862026,0.4,2
160,90,50,0.36816634884862026,0.4,2
160,90,60,0.36816634884862026,0.4,2
160,90,70,0.36816634884862026,0.4,2
160,90,80,0.36816634884862026,0.4,2
170,10,-70,0.36816634884862026,0.4,2
170,10,-60,0.36816634884862026,0.4,2
170,10,-50,0.36816634884862026,0.4,2
170,10,-40,0.36816634884862026,0.4,2
170,10,-30,0.36816634884862026,0.4,2
170,20,-60,0.36816634884862026,0.4,2
170,20,-50,0.36816634884862026,0.4,2
170,20,-40,0.36816634884862026,0.4,2
170,20,-30,0.36816634884862026,0.4,2
170,30,-50,0.36816634884862026,0.4,2
170,30,-40,0.36816634884862026,0.4,2
170,30,-30,0.36816634884862026,0.4,2
170,40,-50,0.36816634884862026,0.4,2
170,40,-40,0.36816634884862026,0.4,2
170,40,-30,0.36816634884862026,0.4,2
170,50,0,0.36816634884862026,0.4,2
170,50,10,0.36816634884862026,0.4,2
170,50,20,0.36816634884862026,0.4,2
170,50,30,0.36816634884862026,0.4,2
170,50,40,0.36816634884862026,0.4,2
170,50,50,0.36816634884862026,0.4,2
170,60,0,0.36816634884862026,0.4,2
170,60,10,0.36816634884862026,0.4,2
170,60,20,0.36816634884862026,0.4,2
170,60,30,0.36816634884862026,0.4,2
170,60,40,0.36816634884862026,0.4,2
170,60,50,0.36816634884862026,0.4,2
170,60,60,0.36816634884862026,0.4,2
170,70,0,0.36816634884862026,0.4,2
170,70,10,0.36816634884862026,0.4,2
170,70,20,0.36816634884862026,0.4,2
170,70,30,0.36816634884862026,0.4,2
170,70,40,0.36816634884862026,0.4,2
170,70,50,0.36816634884862026,0.4,2
170,70,60,0.36816634884862026,0.4,2
170,70,70,0.36816634884862026,0.4,2
170,80,-10,0.36816634884862026,0.4,2
170,80,0,0.36816634884862026,0.4,2
170,80,10,0.36816634884862026,0.4,2
170,80,20,0.36816634884862026,0.4,2
170,80,30,0.36816634884862026,0.4,2
170,80,40,0.36816634884862026,0.4,2
170,80,50,0.36816634884862026,0.4,2
170,80,60,0.36816634884862026,0.4,2
170,80,70,0.36816634884862026,0.4,2
180,20,-50,0.36816634884862026,0.4,2
180,20,-40,0.36816634884862026,0.4,2
180,20,-30,0.36816634884862026,0.4,2
180,20,-20,0.36816634884862026,0.4,2
180,30,-50,0.36816634884862026,0.4,2
180,30,-40,0.36816634884862026,0.4,2
180,30,-30,0.36816634884862026,0.4,2
180,30,-20,0.36816634884862026,0.4,2
180,40,-40,0.36816634884862026,0.4,2
180,40,-30,0.36816634884862026,0.4,2
180,40,-20,0.36816634884862026,0.4,2
180,50,0,0.36816634884862026,0.4,2
180,50,10,0.36816634884862026,0.4,2
180,50,20,0.36816634884862026,0.4,2
180,50,30,0.36816634884862026,0.4,2
180,50,40,0.36816634884862026,0.4,2
180,50,50,0.36816634884862026,0.4,2
180,50,60,0.36816634884862026,0.4,2
180,60,0,0.36816634884862026,0.4,2
180,60,10,0.36816634884862026,0.4,2
180,60,20,0.36816634884862026,0.4,2
180,60,30,0.36816634884862026,0.4,2
180,60,40,0.36816634884862026,0.4,2
180,60,50,0.36816634884862026,0.4,2
180,60,60,0.36816634884862026,0.4,2
180,60,70,0.36816634884862026,0.4,2
180,70,0,0.36816634884862026,0.4,2
180,70,10,0.36816634884862026,0.4,2
180,70,20,0.36816634884862026,0.4,2
180,70,30,0.36816634884862026,0.4,2
180,70,40,0.36816634884862026,0.4,2
180,70,50,0.36816634884862026,0.4,2
180,70,60,0.36816634884862026,0.4,2
180,70,70,0.36816634884862026,0.4,2
190,30,-40,0.36816634884862026,0.4,2
190,30,-30,0.36816634884862026,0.4,2
190,30,-20,0.36816634884862026,0.4,2
190,40,-40,0.36816634884862026,0.4,2
190,40,-30,0.36816634884862026,0.4,2
190,40,-20,0.36816634884862026,0.4,2
190,50,10,0.36816634884862026,0.4,2
190,50,20,0.36816634884862026,0.4,2
190,50,30,0.36816634884862026,0.4,2
190,50,40,0.36816634884862026,0.4,2
190,50,50,0.36816634884862026,0.4,2
190,50,60,0.36816634884862026,0.4,2
190,50,70,0.36816634884862026,0.4,2
190,60,10,0.36816634884862026,0.4,2
190,60,20,0.36816634884862026,0.4,2
190,60,30,0.36816634884862026,0.4,2
190,60,40,0.36816634884862026,0.4,2
190,60,50,0.36816634884862026,0.4,2
190,60,60,0.36816634884862026,0.4,2
190,60,70,0.36816634884862026,0.4,2
190,60,80,0.36816634884862026,0.4,2
240,50,-70,0.36816634884862026,0.4,2
250,50,-60,0.36816634884862026,0.4,2
250,80,-180,0.36816634884862026,0.4,2
250,80,-170,0.36816634884862026,0.4,2
250,80,-160,0.36816634884862026,0.4,2
250,80,-150,0.36816634884862026,0.4,2
250,90,-180,0.36816634884862026,0.4,2
250,90,-170,0.36816634884862026,0.4,2
250,90,-160,0.36816634884862026,0.4,2
250,90,-150,0.36816634884862026,0.4,2
260,50,-50,0.36816634884862026,0.4,2
260,80,-170,0.36816634884862026,0.4,2
260,80,-160,0.36816634884862026,0.4,2
260,80,-150,0.36816634884862026,0.4,2
260,90,-170,0.36816634884862026,0.4,2
260,90,-160,0.36816634884862026,0.4,2
260,90,-150,0.36816634884862026,0.4,2
260,90,-140,0.36816634884862026,0.4,2
270,50,-120,0.36816634884862026,0.4,2
270,50,-110,0.36816634884862026,0.4,2
270,50,-100,0.36816634884862026,0.4,2
270,50,-90,0.36816634884862026,0.4,2
270,50,-80,0.36816634884862026,0.4,2
270,50,-70,0.36816634884862026,0.4,2
270,50,-60,0.36816634884862026,0.4,2
270,60,-130,0.36816634884862026,0.4,2
270,60,-120,0.36816634884862026,0.4,2
270,60,-110,0.36816634884862026,0.4,2
270,60,-100,0.36816634884862026,0.4,2
270,60,-90,0.36816634884862026,0.4,2
270,60,-80,0.36816634884862026,0.4,2
270,60,-70,0.36816634884862026,0.4,2
270,60,-60,0.36816634884862026,0.4,2
270,90,-160,0.36816634884862026,0.4,2
270,90,-150,0.36816634884862026,0.4,2
270,90,-140,0.36816634884862026,0.4,2
280,50,-120,0.36816634884862026,0.4,2
280,50,-110,0.36816634884862026,0.4,2
280,50,-100,0.36816634884862026,0.4,2
280,50,-90,0.36816634884862026,0.4,2
280,50,-80,0.36816634884862026,0.4,2
280,50,-70,0.36816634884862026,0.4,2
280,50,-60,0.36816634884862026,0.4,2
280,50,-50,0.36816634884862026,0.4,2
280,60,-120,0.36816634884862026,0.4,2
280,60,-110,0.36816634884862026,0.4,2
280,60,-100,0.36816634884862026,0.4,2
280,60,-90,0.36816634884862026,0.4,2
280,60,-80,0.36816634884862026,0.4,2
280,60,-70,0.36816634884862026,0.4,2
280,60,-60,0.36816634884862026,0.4,2
280,60,-50,0.36816634884862026,0.4,2
280,70,-130,0.36816634884862026,0.4,2
280,70,-120,0.36816634884862026,0.4,2
280,70,-110,0.36816634884862026,0.4,2
280,70,-100,0.36816634884862026,0.4,2
280,70,-90,0.36816634884862026,0.4,2
280,70,-80,0.36816634884862026,0.4,2
280,70,-70,0.36816634884862026,0.4,2
280,70,-60,0.36816634884862026,0.4,2
290,60,-120,0.36816634884862026,0.4,2
290,60,-110,0.36816634884862026,0.4,2
290,60,-100,0.36816634884862026,0.4,2
290,60,-90,0.36816634884862026,0.4,2
290,60,-80,0.36816634884862026,0.4,2
290,60,-70,0.36816634884862026,0.4,2
290,60,-60,0.36816634884862026,0.4,2
290,60,-50,0.36816634884862026,0.4,2
290,70,-130,0.36816634884862026,0.4,2
290,70,-120,0.36816634884862026,0.4,2
290,70,-110,0.36816634884862026,0.4,2
290,70,-100,0.36816634884862026,0.4,2
290,70,-90,0.36816634884862026,0.4,2
290,70,-80,0.36816634884862026,0.4,2
290,70,-70,0.36816634884862026,0.4,2
290,70,-60,0.36816634884862026,0.4,2
290,70,-50,0.36816634884862026,0.4,2
290,80,-130,0.36816634884862026,0.4,2
290,80,-120,0.36816634884862026,0.4,2
290,80,-110,0.36816634884862026,0.4,2
290,80,-100,0.36816634884862026,0.4,2
290,80,-90,0.36816634884862026,0.4,2
290,80,-80,0.36816634884862026,0.4,2
290,80,-70,0.36816634884862026,0.4,2
290,80,-60,0.36816634884862026,0.4,2
290,80,-50,0.36816634884862026,0.4,2
300,60,-120,0.36816634884862026,0.4,2
300,60,-110,0.36816634884862026,0.4,2
300,60,-100,0.36816634884862026,0.4,2
300,60,-90,0.36816634884862026,0.4,2
300,60,-80,0.36816634884862026,0.4,2
300,60,-70,0.36816634884862026,0.4,2
300,60,-60,0.36816634884862026,0.4,2
300,60,-50,0.36816634884862026,0.4,2
300,60,-40,0.36816634884862026,0.4,2
300,70,-130,0.36816634884862026,0.4,2
300,70,-120,0.36816634884862026,0.4,2
300,70,-110,0.36816634884862026,0.4,2
300,70,-100,0.36816634884862026,0.4,2
300,70,-90,0.36816634884862026,0.4,2
300,70,-80,0.36816634884862026,0.4,2
300,70,-70,0.36816634884862026,0.4,2
300,70,-60,0.36816634884862026,0.4,2
300,70,-50,0.36816634884862026,0.4,2
300,70,-40,0.36816634884862026,0.4,2
300,80,-110,0.36816634884862026,0.4,2
300,80,-100,0.36816634884862026,0.4,2
300,80,-90,0.36816634884862026,0.4,2
300,80,-80,0.36816634884862026,0.4,2
300,80,-70,0.36816634884862026,0.4,2
300,80,-60,0.36816634884862026,0.4,2
300,80,-50,0.36816634884862026,0.4,2
300,90,-60,0.36816634884862026,0.4,2
300,90,-50,0.36816634884862026,0.4,2
310,70,-120,0.36816634884862026,0.4,2
310,70,-110,0.36816634884862026,0.4,2
310,70,-100,0.36816634884862026,0.4,2
310,70,-90,0.36816634884862026,0.4,2
310,70,-80,0.36816634884862026,0.4,2
310,70,-70,0.36816634884862026,0.4,2
310,70,-60,0.36816634884862026,0.4,2
310,70,-50,0.36816634884862026,0.4,2
310,70,-40,0.36816634884862026,0.4,2
310,70,-30,0.36816634884862026,0.4,2
310,80,-100,0.36816634884862026,0.4,2
310,80,-90,0.36816634884862026,0.4,2
310,80,-80,0.36816634884862026,0.4,2
310,80,-70,0.36816634884862026,0.4,2
310,80,-60,0.36816634884862026,0.4,2
310,80,-50,0.36816634884862026,0.4,2
310,80,-40,0.36816634884862026,0.4,2
310,90,-70,0.36816634884862026,0.4,2
310,90,-60,0.36816634884862026,0.4,2
310,90,-50,0.36816634884862026,0.4,2
310,90,-40,0.36816634884862026,0.4,2
320,80,-90,0.36816634884862026,0.4,2
320,80,-80,0.36816634884862026,0.4,2
320,80,-70,0.36816634884862026,0.4,2
320,80,-60,0.36816634884862026,0.4,2
320,80,-50,0.36816634884862026,0.4,2
320,80,-40,0.36816634884862026,0.4,2
320,80,-30,0.36816634884862026,0.4,2
320,90,-80,0.36816634884862026,0.4,2
320,90,-70,0.36816634884862026,0.4,2
320,90,-60,0.36816634884862026,0.4,2
320,90,-50,0.36816634884862026,0.4,2
320,90,-40,0.36816634884862026,0.4,2
320,90,-30,0.36816634884862026,0.4,2
330,80,-90,0.36816634884862026,0.4,2
330,80,-80,0.36816634884862026,0.4,2
330,80,-70,0.36816634884862026,0.4,2
330,80,-60,0.36816634884862026,0.4,2
330,80,-50,0.36816634884862026,0.4,2
330,80,-40,0.36816634884862026,0.4,2
330,80,-30,0.36816634884862026,0.4,2
330,80,-20,0.36816634884862026,0.4,2
330,80,-10,0.36816634884862026,0.4,2
330,90,-80,0.36816634884862026,0.4,2
330,90,-70,0.36816634884862026,0.4,2
330,90,-60,0.36816634884862026,0.4,2
330,90,-50,0.36816634884862026,0.4,2
330,90,-40,0.36816634884862026,0.4,2
330,90,-30,0.36816634884862026,0.4,2
330,90,-20,0.36816634884862026,0.4,2
330,90,-10,0.36816634884862026,0.4,2
340,90,-80,0.36816634884862026,0.4,2
340,90,-70,0.36816634884862026,0.4,2
340,90,-60,0.36816634884862026,0.4,2
340,90,-50,0.36816634884862026,0.4,2
340,90,-40,0.36816634884862026,0.4,2
340,90,-30,0.36816634884862026,0.4,2
340,90,-20,0.36816634884862026,0.4,2
340,90,-10,0.36816634884862026,0.4,2
340,90,0,0.36816634884862026,0.4,2
340,90,10,0.36816634884862026,0.4,2
20,90,40,0.3750994966066656,0.4,2
20,90,50,0.3750994966066656,0.4,2
40,50,110,0.3750994966066656,0.4,2
50,10,-120,0.3750994966066656,0.4,2
50,10,-110,0.3750994966066656,0.4,2
50,60,110,0.3750994966066656,0.4,2
50,60,120,0.3750994966066656,0.4,2
60,10,-110,0.3750994966066656,0.4,2
60,10,-100,0.3750994966066656,0.4,2
60,60,120,0.3750994966066656,0.4,2
60,70,120,0.3750994966066656,0.4,2
60,70,130,0.3750994966066656,0.4,2
60,80,110,0.3750994966066656,0.4,2
60,80,120,0.3750994966066656,0.4,2
60,80,130,0.3750994966066656,0.4,2
70,10,-100,0.3750994966066656,0.4,2
70,10,-90,0.3750994966066656,0.4,2
70,70,120,0.3750994966066656,0.4,2
70,70,130,0.3750994966066656,0.4,2
70,80,110,0.3750994966066656,0.4,2
70,80,120,0.3750994966066656,0.4,2
70,80,130,0.3750994966066656,0.4,2
70,90,100,0.3750994966066656,0.4,2
70,90,110,0.3750994966066656,0.4,2
70,90,120,0.3750994966066656,0.4,2
70,90,130,0.3750994966066656,0.4,2
80,10,-90,0.3750994966066656,0.4,2
80,10,-80,0.3750994966066656,0.4,2
80,70,130,0.3750994966066656,0.4,2
80,80,120,0.3750994966066656,0.4,2
80,80,130,0.3750994966066656,0.4,2
80,90,100,0.3750994966066656,0.4,2
80,90,110,0.3750994966066656,0.4,2
80,90,120,0.3750994966066656,0.4,2
80,90,130,0.3750994966066656,0.4,2
90,10,-80,0.3750994966066656,0.4,2
90,10,-70,0.3750994966066656,0.4,2
90,80,130,0.3750994966066656,0.4,2
90,90,110,0.3750994966066656,0.4,2
90,90,120,0.3750994966066656,0.4,2
90,90,130,0.3750994966066656,0.4,2
100,10,-70,0.3750994966066656,0.4,2
100,10,-60,0.3750994966066656,0.4,2
110,10,-60,0.3750994966066656,0.4,2
110,10,-50,0.3750994966066656,0.4,2
120,10,-50,0.3750994966066656,0.4,2
120,10,-40,0.3750994966066656,0.4,2
130,10,-40,0.3750994966066656,0.4,2
130,10,-30,0.3750994966066656,0.4,2
130,20,-40,0.3750994966066656,0.4,2
140,10,-30,0.3750994966066656,0.4,2
140,10,-20,0.3750994966066656,0.4,2
140,20,-30,0.3750994966066656,0.4,2
140,20,-20,0.3750994966066656,0.4,2
140,30,-30,0.3750994966066656,0.4,2
150,10,-20,0.3750994966066656,0.4,2
150,10,-10,0.3750994966066656,0.4,2
150,20,-20,0.3750994966066656,0.4,2
150,20,-10,0.3750994966066656,0.4,2
150,30,-20,0.3750994966066656,0.4,2
150,30,-10,0.3750994966066656,0.4,2
150,40,-20,0.3750994966066656,0.4,2
150,40,-10,0.3750994966066656,0.4,2
150,50,-30,0.3750994966066656,0.4,2
160,10,-10,0.3750994966066656,0.4,2
160,10,0,0.3750994966066656,0.4,2
160,20,-10,0.3750994966066656,0.4,2
160,20,0,0.3750994966066656,0.4,2
160,30,-10,0.3750994966066656,0.4,2
160,30,0,0.3750994966066656,0.4,2
160,40,-10,0.3750994966066656,0.4,2
160,40,0,0.3750994966066656,0.4,2
160,40,10,0.3750994966066656,0.4,2
160,50,-30,0.3750994966066656,0.4,2
160,50,-20,0.3750994966066656,0.4,2
160,60,-50,0.3750994966066656,0.4,2
160,60,-40,0.3750994966066656,0.4,2
170,10,-10,0.3750994966066656,0.4,2
170,10,0,0.3750994966066656,0.4,2
170,10,10,0.3750994966066656,0.4,2
170,20,0,0.3750994966066656,0.4,2
170,20,10,0.3750994966066656,0.4,2
170,20,20,0.3750994966066656,0.4,2
170,30,0,0.3750994966066656,0.4,2
170,30,10,0.3750994966066656,0.4,2
170,30,20,0.3750994966066656,0.4,2
170,40,0,0.3750994966066656,0.4,2
170,40,10,0.3750994966066656,0.4,2
170,40,20,0.3750994966066656,0.4,2
170,40,30,0.3750994966066656,0.4,2
170,50,-40,0.3750994966066656,0.4,2
170,50,-30,0.3750994966066656,0.4,2
170,60,-40,0.3750994966066656,0.4,2
170,60,-30,0.3750994966066656,0.4,2
170,70,-40,0.3750994966066656,0.4,2
170,70,-30,0.3750994966066656,0.4,2
170,80,-30,0.3750994966066656,0.4,2
180,20,0,0.3750994966066656,0.4,2
180,20,10,0.3750994966066656,0.4,2
180,20,20,0.3750994966066656,0.4,2
180,20,30,0.3750994966066656,0.4,2
180,30,0,0.3750994966066656,0.4,2
180,30,10,0.3750994966066656,0.4,2
180,30,20,0.3750994966066656,0.4,2
180,30,30,0.3750994966066656,0.4,2
180,40,0,0.3750994966066656,0.4,2
180,40,10,0.3750994966066656,0.4,2
180,40,20,0.3750994966066656,0.4,2
180,40,30,0.3750994966066656,0.4,2
180,40,40,0.3750994966066656,0.4,2
180,40,50,0.3750994966066656,0.4,2
180,50,-40,0.3750994966066656,0.4,2
180,50,-30,0.3750994966066656,0.4,2
180,50,-20,0.3750994966066656,0.4,2
180,60,-40,0.3750994966066656,0.4,2
180,60,-30,0.3750994966066656,0.4,2
180,60,-20,0.3750994966066656,0.4,2
180,70,-40,0.3750994966066656,0.4,2
180,70,-30,0.3750994966066656,0.4,2
180,70,-20,0.3750994966066656,0.4,2
180,80,-50,0.3750994966066656,0.4,2
190,30,10,0.3750994966066656,0.4,2
190,30,20,0.3750994966066656,0.4,2
190,30,30,0.3750994966066656,0.4,2
190,30,40,0.3750994966066656,0.4,2
190,30,50,0.3750994966066656,0.4,2
190,40,10,0.3750994966066656,0.4,2
190,40,20,0.3750994966066656,0.4,2
190,40,30,0.3750994966066656,0.4,2
190,40,40,0.3750994966066656,0.4,2
190,40,50,0.3750994966066656,0.4,2
190,40,60,0.3750994966066656,0.4,2
190,50,-30,0.3750994966066656,0.4,2
190,50,-20,0.3750994966066656,0.4,2
190,60,-30,0.3750994966066656,0.4,2
190,60,-20,0.3750994966066656,0.4,2
190,70,-70,0.3750994966066656,0.4,2
190,70,-60,0.3750994966066656,0.4,2
190,70,-50,0.3750994966066656,0.4,2
190,70,-40,0.3750994966066656,0.4,2
190,80,-50,0.3750994966066656,0.4,2
190,80,-40,0.3750994966066656,0.4,2
200,80,-60,0.3750994966066656,0.4,2
200,80,-50,0.3750994966066656,0.4,2
200,80,-40,0.3750994966066656,0.4,2
200,90,-50,0.3750994966066656,0.4,2
200,90,-40,0.3750994966066656,0.4,2
250,80,-130,0.3750994966066656,0.4,2
250,80,-120,0.3750994966066656,0.4,2
250,80,-110,0.3750994966066656,0.4,2
250,80,-100,0.3750994966066656,0.4,2
250,80,-90,0.3750994966066656,0.4,2
250,90,-130,0.3750994966066656,0.4,2
250,90,-120,0.3750994966066656,0.4,2
250,90,-110,0.3750994966066656,0.4,2
250,90,-100,0.3750994966066656,0.4,2
260,70,-140,0.3750994966066656,0.4,2
260,80,-130,0.3750994966066656,0.4,2
260,80,-120,0.3750994966066656,0.4,2
260,80,-110,0.3750994966066656,0.4,2
260,80,-100,0.3750994966066656,0.4,2
260,80,-90,0.3750994966066656,0.4,2
260,90,-130,0.3750994966066656,0.4,2
260,90,-120,0.3750994966066656,0.4,2
260,90,-110,0.3750994966066656,0.4,2
260,90,-100,0.3750994966066656,0.4,2
270,50,-160,0.3750994966066656,0.4,2
270,50,-150,0.3750994966066656,0.4,2
270,50,-140,0.3750994966066656,0.4,2
270,60,-160,0.3750994966066656,0.4,2
270,60,-150,0.3750994966066656,0.4,2
270,60,-140,0.3750994966066656,0.4,2
270,90,-130,0.3750994966066656,0.4,2
270,90,-120,0.3750994966066656,0.4,2
270,90,-110,0.3750994966066656,0.4,2
280,50,-150,0.3750994966066656,0.4,2
280,50,-140,0.3750994966066656,0.4,2
280,60,-150,0.3750994966066656,0.4,2
280,60,-140,0.3750994966066656,0.4,2
280,70,-150,0.3750994966066656,0.4,2
280,70,-140,0.3750994966066656,0.4,2
290,40,-180,0.3750994966066656,0.4,2
290,40,-170,0.3750994966066656,0.4,2
290,40,-160,0.3750994966066656,0.4,2
290,50,-180,0.3750994966066656,0.4,2
290,50,-170,0.3750994966066656,0.4,2
290,50,-160,0.3750994966066656,0.4,2
290,60,-150,0.3750994966066656,0.4,2
290,60,-140,0.3750994966066656,0.4,2
290,70,-150,0.3750994966066656,0.4,2
290,70,-140,0.3750994966066656,0.4,2
290,80,-140,0.3750994966066656,0.4,2
300,40,-160,0.3750994966066656,0.4,2
300,40,-150,0.3750994966066656,0.4,2
300,50,-160,0.3750994966066656,0.4,2
300,50,-150,0.3750994966066656,0.4,2
300,60,-140,0.3750994966066656,0.4,2
300,60,-130,0.3750994966066656,0.4,2
300,70,-140,0.3750994966066656,0.4,2
310,30,-150,0.3750994966066656,0.4,2
310,30,-140,0.3750994966066656,0.4,2
310,40,-150,0.3750994966066656,0.4,2
310,40,-140,0.3750994966066656,0.4,2
320,30,-140,0.3750994966066656,0.4,2
320,30,-130,0.3750994966066656,0.4,2
320,40,-140,0.3750994966066656,0.4,2
330,30,-130,0.3750994966066656,0.4,2
330,40,-130,0.3750994966066656,0.4,2
340,30,-120,0.3750994966066656,0.4,2
350,30,-110,0.3750994966066656,0.4,2
0,10,0,0.3759290911938817,0.4,2
0,10,10,0.3759290911938817,0.4,2
0,10,20,0.3759290911938817,0.4,2
0,20,0,0.3759290911938817,0.4,2
0,20,10,0.3759290911938817,0.4,2
0,20,20,0.3759290911938817,0.4,2
0,30,30,0.3759290911938817,0.4,2
0,30,40,0.3759290911938817,0.4,2
0,30,50,0.3759290911938817,0.4,2
0,30,60,0.3759290911938817,0.4,2
0,30,70,0.3759290911938817,0.4,2
0,40,30,0.3759290911938817,0.4,2
0,40,40,0.3759290911938817,0.4,2
0,40,50,0.3759290911938817,0.4,2
0,40,60,0.3759290911938817,0.4,2
10,10,10,0.3759290911938817,0.4,2
10,10,20,0.3759290911938817,0.4,2
10,10,30,0.3759290911938817,0.4,2
10,20,20,0.3759290911938817,0.4,2
10,20,30,0.3759290911938817,0.4,2
10,30,30,0.3759290911938817,0.4,2
10,40,50,0.3759290911938817,0.4,2
10,40,60,0.3759290911938817,0.4,2
10,40,70,0.3759290911938817,0.4,2
20,10,30,0.3759290911938817,0.4,2
20,10,40,0.3759290911938817,0.4,2
20,20,30,0.3759290911938817,0.4,2
20,20,40,0.3759290911938817,0.4,2
20,40,80,0.3759290911938817,0.4,2
30,10,40,0.3759290911938817,0.4,2
30,10,50,0.3759290911938817,0.4,2
30,70,-130,0.3759290911938817,0.4,2
30,80,-140,0.3759290911938817,0.4,2
30,80,-130,0.3759290911938817,0.4,2
30,90,-140,0.3759290911938817,0.4,2
30,90,-130,0.3759290911938817,0.4,2
40,10,50,0.3759290911938817,0.4,2
40,10,60,0.3759290911938817,0.4,2
40,50,-110,0.3759290911938817,0.4,2
40,50,-100,0.3759290911938817,0.4,2
40,50,-90,0.3759290911938817,0.4,2
40,50,-80,0.3759290911938817,0.4,2
40,70,-140,0.3759290911938817,0.4,2
40,70,-130,0.3759290911938817,0.4,2
40,80,-140,0.3759290911938817,0.4,2
40,80,-130,0.3759290911938817,0.4,2
40,90,-150,0.3759290911938817,0.4,2
40,90,-140,0.3759290911938817,0.4,2
40,90,-130,0.3759290911938817,0.4,2
40,90,-120,0.3759290911938817,0.4,2
50,50,-110,0.3759290911938817,0.4,2
50,50,-100,0.3759290911938817,0.4,2
50,50,-90,0.3759290911938817,0.4,2
50,50,-80,0.3759290911938817,0.4,2
50,50,-70,0.3759290911938817,0.4,2
50,60,-120,0.3759290911938817,0.4,2
50,60,-110,0.3759290911938817,0.4,2
50,60,-100,0.3759290911938817,0.4,2
50,60,-90,0.3759290911938817,0.4,2
50,60,-80,0.3759290911938817,0.4,2
50,70,-140,0.3759290911938817,0.4,2
50,70,-130,0.3759290911938817,0.4,2
50,80,-150,0.3759290911938817,0.4,2
50,80,-140,0.3759290911938817,0.4,2
50,80,-130,0.3759290911938817,0.4,2
50,80,-120,0.3759290911938817,0.4,2
50,90,-160,0.3759290911938817,0.4,2
50,90,-150,0.3759290911938817,0.4,2
50,90,-140,0.3759290911938817,0.4,2
50,90,-130,0.3759290911938817,0.4,2
50,90,-120,0.3759290911938817,0.4,2
60,50,-110,0.3759290911938817,0.4,2
60,50,-100,0.3759290911938817,0.4,2
60,50,-90,0.3759290911938817,0.4,2
60,50,-80,0.3759290911938817,0.4,2
60,50,-70,0.3759290911938817,0.4,2
60,60,-110,0.3759290911938817,0.4,2
60,60,-100,0.3759290911938817,0.4,2
60,60,-90,0.3759290911938817,0.4,2
60,60,-80,0.3759290911938817,0.4,2
60,60,-70,0.3759290911938817,0.4,2
60,70,-110,0.3759290911938817,0.4,2
60,70,-100,0.3759290911938817,0.4,2
60,70,-90,0.3759290911938817,0.4,2
60,70,-80,0.3759290911938817,0.4,2
60,70,-70,0.3759290911938817,0.4,2
60,80,-110,0.3759290911938817,0.4,2
60,80,-100,0.3759290911938817,0.4,2
60,80,-90,0.3759290911938817,0.4,2
60,80,-80,0.3759290911938817,0.4,2
60,90,-160,0.3759290911938817,0.4,2
60,90,-150,0.3759290911938817,0.4,2
60,90,-140,0.3759290911938817,0.4,2
60,90,-130,0.3759290911938817,0.4,2
60,90,-120,0.3759290911938817,0.4,2
70,50,-100,0.3759290911938817,0.4,2
70,50,-90,0.3759290911938817,0.4,2
70,50,-80,0.3759290911938817,0.4,2
70,50,-70,0.3759290911938817,0.4,2
70,60,-110,0.3759290911938817,0.4,2
70,60,-100,0.3759290911938817,0.4,2
70,60,-90,0.3759290911938817,0.4,2
70,60,-80,0.3759290911938817,0.4,2
70,60,-70,0.3759290911938817,0.4,2
70,60,-60,0.3759290911938817,0.4,2
70,70,-110,0.3759290911938817,0.4,2
70,70,-100,0.3759290911938817,0.4,2
70,70,-90,0.3759290911938817,0.4,2
70,70,-80,0.3759290911938817,0.4,2
70,70,-70,0.3759290911938817,0.4,2
70,80,-110,0.3759290911938817,0.4,2
70,80,-100,0.3759290911938817,0.4,2
70,80,-90,0.3759290911938817,0.4,2
70,80,-80,0.3759290911938817,0.4,2
70,90,-110,0.3759290911938817,0.4,2
70,90,-100,0.3759290911938817,0.4,2
70,90,-90,0.3759290911938817,0.4,2
80,50,-100,0.3759290911938817,0.4,2
80,50,-90,0.3759290911938817,0.4,2
80,50,-80,0.3759290911938817,0.4,2
80,50,-70,0.3759290911938817,0.4,2
80,60,-100,0.3759290911938817,0.4,2
80,60,-90,0.3759290911938817,0.4,2
80,60,-80,0.3759290911938817,0.4,2
80,60,-70,0.3759290911938817,0.4,2
80,60,-60,0.3759290911938817,0.4,2
80,70,-110,0.3759290911938817,0.4,2
80,70,-100,0.3759290911938817,0.4,2
80,70,-90,0.3759290911938817,0.4,2
80,70,-80,0.3759290911938817,0.4,2
80,70,-70,0.3759290911938817,0.4,2
80,70,-60,0.3759290911938817,0.4,2
80,80,-110,0.3759290911938817,0.4,2
80,80,-100,0.3759290911938817,0.4,2
80,80,-90,0.3759290911938817,0.4,2
80,80,-80,0.3759290911938817,0.4,2
80,80,-70,0.3759290911938817,0.4,2
80,90,-110,0.3759290911938817,0.4,2
80,90,-100,0.3759290911938817,0.4,2
80,90,-90,0.3759290911938817,0.4,2
90,50,-90,0.3759290911938817,0.4,2
90,50,-80,0.3759290911938817,0.4,2
90,50,-70,0.3759290911938817,0.4,2
90,60,-100,0.3759290911938817,0.4,2
90,60,-90,0.3759290911938817,0.4,2
90,60,-80,0.3759290911938817,0.4,2
90,60,-70,0.3759290911938817,0.4,2
90,60,-60,0.3759290911938817,0.4,2
90,70,-110,0.3759290911938817,0.4,2
90,70,-100,0.3759290911938817,0.4,2
90,70,-90,0.3759290911938817,0.4,2
90,70,-80,0.3759290911938817,0.4,2
90,70,-70,0.3759290911938817,0.4,2
90,70,-60,0.3759290911938817,0.4,2
90,70,-50,0.3759290911938817,0.4,2
90,80,-110,0.3759290911938817,0.4,2
90,80,-100,0.3759290911938817,0.4,2
90,80,-90,0.3759290911938817,0.4,2
90,80,-80,0.3759290911938817,0.4,2
90,80,-70,0.3759290911938817,0.4,2
90,80,-60,0.3759290911938817,0.4,2
90,90,-110,0.3759290911938817,0.4,2
90,90,-100,0.3759290911938817,0.4,2
90,90,-90,0.3759290911938817,0.4,2
90,90,-80,0.3759290911938817,0.4,2
100,50,-90,0.3759290911938817,0.4,2
100,50,-80,0.3759290911938817,0.4,2
100,50,-70,0.3759290911938817,0.4,2
100,60,-100,0.3759290911938817,0.4,2
100,60,-90,0.3759290911938817,0.4,2
100,60,-80,0.3759290911938817,0.4,2
100,60,-70,0.3759290911938817,0.4,2
100,60,-60,0.3759290911938817,0.4,2
100,70,-100,0.3759290911938817,0.4,2
100,70,-90,0.3759290911938817,0.4,2
100,70,-80,0.3759290911938817,0.4,2
100,70,-70,0.3759290911938817,0.4,2
100,70,-60,0.3759290911938817,0.4,2
100,70,-50,0.3759290911938817,0.4,2
100,80,-110,0.3759290911938817,0.4,2
100,80,-100,0.3759290911938817,0.4,2
100,80,-90,0.3759290911938817,0.4,2
100,80,-80,0.3759290911938817,0.4,2
100,80,-70,0.3759290911938817,0.4,2
100,80,-60,0.3759290911938817,0.4,2
100,80,-50,0.3759290911938817,0.4,2
110,50,-80,0.3759290911938817,0.4,2
110,50,-70,0.3759290911938817,0.4,2
110,60,-90,0.3759290911938817,0.4,2
110,60,-80,0.3759290911938817,0.4,2
110,60,-70,0.3759290911938817,0.4,2
110,60,-60,0.3759290911938817,0.4,2
110,70,-100,0.3759290911938817,0.4,2
110,70,-90,0.3759290911938817,0.4,2
110,70,-80,0.3759290911938817,0.4,2
110,70,-70,0.3759290911938817,0.4,2
110,70,-60,0.3759290911938817,0.4,2
110,70,-50,0.3759290911938817,0.4,2
120,50,-70,0.3759290911938817,0.4,2
120,60,-90,0.3759290911938817,0.4,2
120,60,-80,0.3759290911938817,0.4,2
120,60,-70,0.3759290911938817,0.4,2
120,60,-60,0.3759290911938817,0.4,2
120,90,-40,0.3759290911938817,0.4,2
180,10,-180,0.3759290911938817,0.4,2
180,10,-170,0.3759290911938817,0.4,2
180,10,-160,0.3759290911938817,0.4,2
190,10,-170,0.3759290911938817,0.4,2
190,10,-160,0.3759290911938817,0.4,2
190,10,-150,0.3759290911938817,0.4,2
190,20,-170,0.3759290911938817,0.4,2
190,20,-160,0.3759290911938817,0.4,2
190,20,-150,0.3759290911938817,0.4,2
190,20,-140,0.3759290911938817,0.4,2
200,10,-160,0.3759290911938817,0.4,2
200,10,-150,0.3759290911938817,0.4,2
200,10,-140,0.3759290911938817,0.4,2
200,10,-130,0.3759290911938817,0.4,2
200,20,-160,0.3759290911938817,0.4,2
200,20,-150,0.3759290911938817,0.4,2
200,20,-140,0.3759290911938817,0.4,2
200,20,-130,0.3759290911938817,0.4,2
200,30,-160,0.3759290911938817,0.4,2
200,30,-150,0.3759290911938817,0.4,2
200,30,-140,0.3759290911938817,0.4,2
200,30,-130,0.3759290911938817,0.4,2
200,30,-120,0.3759290911938817,0.4,2
200,40,-160,0.3759290911938817,0.4,2
200,40,-150,0.3759290911938817,0.4,2
200,40,-140,0.3759290911938817,0.4,2
200,40,-130,0.3759290911938817,0.4,2
200,40,-120,0.3759290911938817,0.4,2
200,40,-110,0.3759290911938817,0.4,2
200,50,150,0.3759290911938817,0.4,2
200,50,160,0.3759290911938817,0.4,2
200,50,170,0.3759290911938817,0.4,2
200,60,100,0.3759290911938817,0.4,2
200,60,110,0.3759290911938817,0.4,2
200,60,120,0.3759290911938817,0.4,2
200,60,130,0.3759290911938817,0.4,2
200,60,140,0.3759290911938817,0.4,2
200,70,110,0.3759290911938817,0.4,2
200,70,120,0.3759290911938817,0.4,2
200,70,130,0.3759290911938817,0.4,2
200,70,140,0.3759290911938817,0.4,2
210,10,-150,0.3759290911938817,0.4,2
210,10,-140,0.3759290911938817,0.4,2
210,10,-130,0.3759290911938817,0.4,2
210,10,-120,0.3759290911938817,0.4,2
210,20,-150,0.3759290911938817,0.4,2
210,20,-140,0.3759290911938817,0.4,2
210,20,-130,0.3759290911938817,0.4,2
210,20,-120,0.3759290911938817,0.4,2
210,30,-150,0.3759290911938817,0.4,2
210,30,-140,0.3759290911938817,0.4,2
210,30,-130,0.3759290911938817,0.4,2
210,30,-120,0.3759290911938817,0.4,2
210,30,-110,0.3759290911938817,0.4,2
210,40,-160,0.3759290911938817,0.4,2
210,40,-150,0.3759290911938817,0.4,2
210,40,-140,0.3759290911938817,0.4,2
210,40,-130,0.3759290911938817,0.4,2
210,40,-120,0.3759290911938817,0.4,2
210,40,-110,0.3759290911938817,0.4,2
210,40,-100,0.3759290911938817,0.4,2
210,50,-180,0.3759290911938817,0.4,2
210,50,160,0.3759290911938817,0.4,2
210,50,170,0.3759290911938817,0.4,2
210,60,110,0.3759290911938817,0.4,2
210,60,120,0.3759290911938817,0.4,2
210,60,130,0.3759290911938817,0.4,2
210,60,140,0.3759290911938817,0.4,2
210,60,150,0.3759290911938817,0.4,2
210,70,110,0.3759290911938817,0.4,2
210,70,120,0.3759290911938817,0.4,2
210,70,130,0.3759290911938817,0.4,2
210,70,140,0.3759290911938817,0.4,2
210,70,150,0.3759290911938817,0.4,2
210,80,120,0.3759290911938817,0.4,2
210,80,130,0.3759290911938817,0.4,2
210,80,140,0.3759290911938817,0.4,2
210,90,130,0.3759290911938817,0.4,2
210,90,140,0.3759290911938817,0.4,2
220,10,-140,0.3759290911938817,0.4,2
220,10,-130,0.3759290911938817,0.4,2
220,10,-120,0.3759290911938817,0.4,2
220,10,-110,0.3759290911938817,0.4,2
220,20,-150,0.3759290911938817,0.4,2
220,20,-140,0.3759290911938817,0.4,2
220,20,-130,0.3759290911938817,0.4,2
220,20,-120,0.3759290911938817,0.4,2
220,20,-110,0.3759290911938817,0.4,2
220,30,-150,0.3759290911938817,0.4,2
220,30,-140,0.3759290911938817,0.4,2
220,30,-130,0.3759290911938817,0.4,2
220,30,-120,0.3759290911938817,0.4,2
220,30,-110,0.3759290911938817,0.4,2
220,30,-100,0.3759290911938817,0.4,2
220,40,-150,0.3759290911938817,0.4,2
220,40,-140,0.3759290911938817,0.4,2
220,40,-130,0.3759290911938817,0.4,2
220,40,-120,0.3759290911938817,0.4,2
220,40,-110,0.3759290911938817,0.4,2
220,40,-100,0.3759290911938817,0.4,2
220,40,-90,0.3759290911938817,0.4,2
220,60,110,0.3759290911938817,0.4,2
220,60,120,0.3759290911938817,0.4,2
220,60,130,0.3759290911938817,0.4,2
220,60,140,0.3759290911938817,0.4,2
220,60,150,0.3759290911938817,0.4,2
220,70,120,0.3759290911938817,0.4,2
220,70,130,0.3759290911938817,0.4,2
220,70,140,0.3759290911938817,0.4,2
220,70,150,0.3759290911938817,0.4,2
220,80,120,0.3759290911938817,0.4,2
220,80,130,0.3759290911938817,0.4,2
220,80,140,0.3759290911938817,0.4,2
220,80,150,0.3759290911938817,0.4,2
220,90,120,0.3759290911938817,0.4,2
220,90,130,0.3759290911938817,0.4,2
220,90,140,0.3759290911938817,0.4,2
220,90,150,0.3759290911938817,0.4,2
230,10,-130,0.3759290911938817,0.4,2
230,10,-120,0.3759290911938817,0.4,2
230,10,-110,0.3759290911938817,0.4,2
230,10,-100,0.3759290911938817,0.4,2
230,20,-140,0.3759290911938817,0.4,2
230,20,-130,0.3759290911938817,0.4,2
230,20,-120,0.3759290911938817,0.4,2
230,20,-110,0.3759290911938817,0.4,2
230,20,-100,0.3759290911938817,0.4,2
230,30,-140,0.3759290911938817,0.4,2
230,30,-130,0.3759290911938817,0.4,2
230,30,-120,0.3759290911938817,0.4,2
230,30,-110,0.3759290911938817,0.4,2
230,30,-100,0.3759290911938817,0.4,2
230,30,-90,0.3759290911938817,0.4,2
230,40,-140,0.3759290911938817,0.4,2
230,40,-130,0.3759290911938817,0.4,2
230,40,-120,0.3759290911938817,0.4,2
230,40,-110,0.3759290911938817,0.4,2
230,40,-100,0.3759290911938817,0.4,2
230,40,-90,0.3759290911938817,0.4,2
230,60,110,0.3759290911938817,0.4,2
230,60,120,0.3759290911938817,0.4,2
230,60,130,0.3759290911938817,0.4,2
230,60,140,0.3759290911938817,0.4,2
230,60,150,0.3759290911938817,0.4,2
230,60,160,0.3759290911938817,0.4,2
230,70,120,0.3759290911938817,0.4,2
230,70,130,0.3759290911938817,0.4,2
230,70,140,0.3759290911938817,0.4,2
230,70,150,0.3759290911938817,0.4,2
230,70,160,0.3759290911938817,0.4,2
230,80,120,0.3759290911938817,0.4,2
230,80,130,0.3759290911938817,0.4,2
230,80,140,0.3759290911938817,0.4,2
230,80,150,0.3759290911938817,0.4,2
230,80,160,0.3759290911938817,0.4,2
230,90,120,0.3759290911938817,0.4,2
230,90,130,0.3759290911938817,0.4,2
230,90,140,0.3759290911938817,0.4,2
230,90,150,0.3759290911938817,0.4,2
230,90,160,0.3759290911938817,0.4,2
240,10,-120,0.3759290911938817,0.4,2
240,10,-110,0.3759290911938817,0.4,2
240,10,-100,0.3759290911938817,0.4,2
240,10,-90,0.3759290911938817,0.4,2
240,20,-130,0.3759290911938817,0.4,2
240,20,-120,0.3759290911938817,0.4,2
240,20,-110,0.3759290911938817,0.4,2
240,20,-100,0.3759290911938817,0.4,2
240,20,-90,0.3759290911938817,0.4,2
240,30,-130,0.3759290911938817,0.4,2
240,30,-120,0.3759290911938817,0.4,2
240,30,-110,0.3759290911938817,0.4,2
240,30,-100,0.3759290911938817,0.4,2
240,30,-90,0.3759290911938817,0.4,2
240,30,-80,0.3759290911938817,0.4,2
240,40,-140,0.3759290911938817,0.4,2
240,40,-130,0.3759290911938817,0.4,2
240,40,-120,0.3759290911938817,0.4,2
240,40,-110,0.3759290911938817,0.4,2
240,40,-100,0.3759290911938817,0.4,2
240,40,-90,0.3759290911938817,0.4,2
240,40,-80,0.3759290911938817,0.4,2
240,70,120,0.3759290911938817,0.4,2
240,70,130,0.3759290911938817,0.4,2
240,70,140,0.3759290911938817,0.4,2
240,70,150,0.3759290911938817,0.4,2
240,70,160,0.3759290911938817,0.4,2
240,70,170,0.3759290911938817,0.4,2
240,80,120,0.3759290911938817,0.4,2
240,80,130,0.3759290911938817,0.4,2
240,80,140,0.3759290911938817,0.4,2
240,80,150,0.3759290911938817,0.4,2
240,80,160,0.3759290911938817,0.4,2
240,80,170,0.3759290911938817,0.4,2
240,90,120,0.3759290911938817,0.4,2
240,90,130,0.3759290911938817,0.4,2
240,90,140,0.3759290911938817,0.4,2
240,90,150,0.3759290911938817,0.4,2
240,90,160,0.3759290911938817,0.4,2
250,10,-110,0.3759290911938817,0.4,2
250,10,-100,0.3759290911938817,0.4,2
250,10,-90,0.3759290911938817,0.4,2
250,10,-80,0.3759290911938817,0.4,2
250,20,-120,0.3759290911938817,0.4,2
250,20,-110,0.3759290911938817,0.4,2
250,20,-100,0.3759290911938817,0.4,2
250,20,-90,0.3759290911938817,0.4,2
250,20,-80,0.3759290911938817,0.4,2
250,30,-130,0.3759290911938817,0.4,2
250,30,-120,0.3759290911938817,0.4,2
250,30,-110,0.3759290911938817,0.4,2
250,30,-100,0.3759290911938817,0.4,2
250,30,-90,0.3759290911938817,0.4,2
250,30,-80,0.3759290911938817,0.4,2
250,40,-130,0.3759290911938817,0.4,2
250,40,-120,0.3759290911938817,0.4,2
250,40,-110,0.3759290911938817,0.4,2
250,40,-100,0.3759290911938817,0.4,2
250,40,-90,0.3759290911938817,0.4,2
250,40,-80,0.3759290911938817,0.4,2
250,40,-70,0.3759290911938817,0.4,2
250,70,120,0.3759290911938817,0.4,2
250,70,130,0.3759290911938817,0.4,2
250,70,140,0.3759290911938817,0.4,2
250,70,150,0.3759290911938817,0.4,2
250,70,160,0.3759290911938817,0.4,2
250,70,170,0.3759290911938817,0.4,2
250,80,100,0.3759290911938817,0.4,2
250,80,110,0.3759290911938817,0.4,2
250,90,90,0.3759290911938817,0.4,2
250,90,100,0.3759290911938817,0.4,2
250,90,110,0.3759290911938817,0.4,2
260,10,-110,0.3759290911938817,0.4,2
260,10,-100,0.3759290911938817,0.4,2
260,10,-90,0.3759290911938817,0.4,2
260,10,-80,0.3759290911938817,0.4,2
260,10,-70,0.3759290911938817,0.4,2
260,20,-110,0.3759290911938817,0.4,2
260,20,-100,0.3759290911938817,0.4,2
260,20,-90,0.3759290911938817,0.4,2
260,20,-80,0.3759290911938817,0.4,2
260,20,-70,0.3759290911938817,0.4,2
260,30,-120,0.3759290911938817,0.4,2
260,30,-110,0.3759290911938817,0.4,2
260,30,-100,0.3759290911938817,0.4,2
260,30,-90,0.3759290911938817,0.4,2
260,30,-80,0.3759290911938817,0.4,2
260,30,-70,0.3759290911938817,0.4,2
260,40,-120,0.3759290911938817,0.4,2
260,40,-110,0.3759290911938817,0.4,2
260,40,-100,0.3759290911938817,0.4,2
260,40,-90,0.3759290911938817,0.4,2
260,40,-80,0.3759290911938817,0.4,2
260,40,-70,0.3759290911938817,0.4,2
260,80,100,0.3759290911938817,0.4,2
260,80,110,0.3759290911938817,0.4,2
260,90,90,0.3759290911938817,0.4,2
260,90,100,0.3759290911938817,0.4,2
260,90,110,0.3759290911938817,0.4,2
270,10,-100,0.3759290911938817,0.4,2
270,10,-90,0.3759290911938817,0.4,2
270,10,-80,0.3759290911938817,0.4,2
270,10,-70,0.3759290911938817,0.4,2
270,20,-100,0.3759290911938817,0.4,2
270,20,-90,0.3759290911938817,0.4,2
270,20,-80,0.3759290911938817,0.4,2
270,20,-70,0.3759290911938817,0.4,2
270,20,-60,0.3759290911938817,0.4,2
270,30,-110,0.3759290911938817,0.4,2
270,30,-100,0.3759290911938817,0.4,2
270,30,-90,0.3759290911938817,0.4,2
270,30,-80,0.3759290911938817,0.4,2
270,30,-70,0.3759290911938817,0.4,2
270,30,-60,0.3759290911938817,0.4,2
270,40,-120,0.3759290911938817,0.4,2
270,40,-110,0.3759290911938817,0.4,2
270,40,-100,0.3759290911938817,0.4,2
270,40,-90,0.3759290911938817,0.4,2
270,40,-80,0.3759290911938817,0.4,2
270,40,-70,0.3759290911938817,0.4,2
270,40,-60,0.3759290911938817,0.4,2
270,90,80,0.3759290911938817,0.4,2
270,90,90,0.3759290911938817,0.4,2
270,90,100,0.3759290911938817,0.4,2
270,90,110,0.3759290911938817,0.4,2
280,10,-90,0.3759290911938817,0.4,2
280,10,-80,0.3759290911938817,0.4,2
280,10,-70,0.3759290911938817,0.4,2
280,10,-60,0.3759290911938817,0.4,2
280,20,-100,0.3759290911938817,0.4,2
280,20,-90,0.3759290911938817,0.4,2
280,20,-80,0.3759290911938817,0.4,2
280,20,-70,0.3759290911938817,0.4,2
280,20,-60,0.3759290911938817,0.4,2
280,20,-50,0.3759290911938817,0.4,2
280,30,-110,0.3759290911938817,0.4,2
280,30,-100,0.3759290911938817,0.4,2
280,30,-90,0.3759290911938817,0.4,2
280,30,-80,0.3759290911938817,0.4,2
280,30,-70,0.3759290911938817,0.4,2
280,30,-60,0.3759290911938817,0.4,2
280,30,-50,0.3759290911938817,0.4,2
280,40,-110,0.3759290911938817,0.4,2
280,40,-100,0.3759290911938817,0.4,2
280,40,-90,0.3759290911938817,0.4,2
280,40,-80,0.3759290911938817,0.4,2
280,40,-70,0.3759290911938817,0.4,2
280,40,-60,0.3759290911938817,0.4,2
280,40,-50,0.3759290911938817,0.4,2
290,10,-80,0.3759290911938817,0.4,2
290,10,-70,0.3759290911938817,0.4,2
290,10,-60,0.3759290911938817,0.4,2
290,10,-50,0.3759290911938817,0.4,2
290,20,-90,0.3759290911938817,0.4,2
290,20,-80,0.3759290911938817,0.4,2
290,20,-70,0.3759290911938817,0.4,2
290,20,-60,0.3759290911938817,0.4,2
290,20,-50,0.3759290911938817,0.4,2
290,20,-40,0.3759290911938817,0.4,2
290,30,-100,0.3759290911938817,0.4,2
290,30,-90,0.3759290911938817,0.4,2
290,30,-80,0.3759290911938817,0.4,2
290,30,-70,0.3759290911938817,0.4,2
290,30,-60,0.3759290911938817,0.4,2
290,30,-50,0.3759290911938817,0.4,2
290,30,-40,0.3759290911938817,0.4,2
290,40,-30,0.3759290911938817,0.4,2
290,40,-20,0.3759290911938817,0.4,2
290,40,-10,0.3759290911938817,0.4,2
290,50,-30,0.3759290911938817,0.4,2
290,50,-20,0.3759290911938817,0.4,2
290,50,-10,0.3759290911938817,0.4,2
300,10,-70,0.3759290911938817,0.4,2
300,10,-60,0.3759290911938817,0.4,2
300,10,-50,0.3759290911938817,0.4,2
300,10,-40,0.3759290911938817,0.4,2
300,20,-80,0.3759290911938817,0.4,2
300,20,-70,0.3759290911938817,0.4,2
300,20,-60,0.3759290911938817,0.4,2
300,20,-50,0.3759290911938817,0.4,2
300,20,-40,0.3759290911938817,0.4,2
300,30,-90,0.3759290911938817,0.4,2
300,30,-80,0.3759290911938817,0.4,2
300,30,-70,0.3759290911938817,0.4,2
300,30,-60,0.3759290911938817,0.4,2
300,30,-50,0.3759290911938817,0.4,2
300,30,-40,0.3759290911938817,0.4,2
300,40,-30,0.3759290911938817,0.4,2
300,40,-20,0.3759290911938817,0.4,2
300,40,-10,0.3759290911938817,0.4,2
300,40,0,0.3759290911938817,0.4,2
300,40,10,0.3759290911938817,0.4,2
300,50,-30,0.3759290911938817,0.4,2
300,50,-20,0.3759290911938817,0.4,2
300,50,-10,0.3759290911938817,0.4,2
300,50,0,0.3759290911938817,0.4,2
300,50,10,0.3759290911938817,0.4,2
300,80,40,0.3759290911938817,0.4,2
300,90,40,0.3759290911938817,0.4,2
310,10,-60,0.3759290911938817,0.4,2
310,10,-50,0.3759290911938817,0.4,2
310,10,-40,0.3759290911938817,0.4,2
310,10,-30,0.3759290911938817,0.4,2
310,20,-70,0.3759290911938817,0.4,2
310,20,-60,0.3759290911938817,0.4,2
310,20,-50,0.3759290911938817,0.4,2
310,20,-40,0.3759290911938817,0.4,2
310,20,-30,0.3759290911938817,0.4,2
310,30,-20,0.3759290911938817,0.4,2
310,30,-10,0.3759290911938817,0.4,2
310,30,0,0.3759290911938817,0.4,2
310,30,10,0.3759290911938817,0.4,2
310,30,20,0.3759290911938817,0.4,2
310,40,-20,0.3759290911938817,0.4,2
310,40,-10,0.3759290911938817,0.4,2
310,40,0,0.3759290911938817,0.4,2
310,40,10,0.3759290911938817,0.4,2
310,40,20,0.3759290911938817,0.4,2
310,50,-20,0.3759290911938817,0.4,2
310,50,-10,0.3759290911938817,0.4,2
310,50,0,0.3759290911938817,0.4,2
310,50,10,0.3759290911938817,0.4,2
310,50,20,0.3759290911938817,0.4,2
310,50,30,0.3759290911938817,0.4,2
310,60,-20,0.3759290911938817,0.4,2
310,60,-10,0.3759290911938817,0.4,2
310,60,0,0.3759290911938817,0.4,2
310,60,10,0.3759290911938817,0.4,2
310,60,20,0.3759290911938817,0.4,2
310,60,30,0.3759290911938817,0.4,2
310,70,40,0.3759290911938817,0.4,2
310,80,40,0.3759290911938817,0.4,2
320,10,-40,0.3759290911938817,0.4,2
320,10,-30,0.3759290911938817,0.4,2
320,10,-20,0.3759290911938817,0.4,2
320,20,-60,0.3759290911938817,0.4,2
320,20,-50,0.3759290911938817,0.4,2
320,20,-40,0.3759290911938817,0.4,2
320,20,-30,0.3759290911938817,0.4,2
320,20,-20,0.3759290911938817,0.4,2
320,30,-10,0.3759290911938817,0.4,2
320,30,0,0.3759290911938817,0.4,2
320,30,10,0.3759290911938817,0.4,2
320,30,20,0.3759290911938817,0.4,2
320,30,30,0.3759290911938817,0.4,2
320,40,-10,0.3759290911938817,0.4,2
320,40,0,0.3759290911938817,0.4,2
320,40,10,0.3759290911938817,0.4,2
320,40,20,0.3759290911938817,0.4,2
320,40,30,0.3759290911938817,0.4,2
320,50,-10,0.3759290911938817,0.4,2
320,50,0,0.3759290911938817,0.4,2
320,50,10,0.3759290911938817,0.4,2
320,50,20,0.3759290911938817,0.4,2
320,50,30,0.3759290911938817,0.4,2
320,50,40,0.3759290911938817,0.4,2
320,60,-10,0.3759290911938817,0.4,2
320,60,0,0.3759290911938817,0.4,2
320,60,10,0.3759290911938817,0.4,2
320,60,20,0.3759290911938817,0.4,2
320,60,30,0.3759290911938817,0.4,2
320,60,40,0.3759290911938817,0.4,2
320,70,-10,0.3759290911938817,0.4,2
320,70,0,0.3759290911938817,0.4,2
320,70,10,0.3759290911938817,0.4,2
320,70,20,0.3759290911938817,0.4,2
320,70,30,0.3759290911938817,0.4,2
320,70,40,0.3759290911938817,0.4,2
330,10,-30,0.3759290911938817,0.4,2
330,10,-20,0.3759290911938817,0.4,2
330,10,-10,0.3759290911938817,0.4,2
330,20,-40,0.3759290911938817,0.4,2
330,20,-30,0.3759290911938817,0.4,2
330,20,-20,0.3759290911938817,0.4,2
330,20,-10,0.3759290911938817,0.4,2
330,30,0,0.3759290911938817,0.4,2
330,30,10,0.3759290911938817,0.4,2
330,30,20,0.3759290911938817,0.4,2
330,30,30,0.3759290911938817,0.4,2
330,30,40,0.3759290911938817,0.4,2
330,40,0,0.3759290911938817,0.4,2
330,40,10,0.3759290911938817,0.4,2
330,40,20,0.3759290911938817,0.4,2
330,40,30,0.3759290911938817,0.4,2
330,40,40,0.3759290911938817,0.4,2
330,50,0,0.3759290911938817,0.4,2
330,50,10,0.3759290911938817,0.4,2
330,50,20,0.3759290911938817,0.4,2
330,50,30,0.3759290911938817,0.4,2
330,50,40,0.3759290911938817,0.4,2
330,60,0,0.3759290911938817,0.4,2
330,60,10,0.3759290911938817,0.4,2
330,60,20,0.3759290911938817,0.4,2
330,60,30,0.3759290911938817,0.4,2
330,60,40,0.3759290911938817,0.4,2
330,70,0,0.3759290911938817,0.4,2
330,70,10,0.3759290911938817,0.4,2
330,70,20,0.3759290911938817,0.4,2
330,70,30,0.3759290911938817,0.4,2
330,70,40,0.3759290911938817,0.4,2
340,10,-20,0.3759290911938817,0.4,2
340,10,-10,0.3759290911938817,0.4,2
340,10,0,0.3759290911938817,0.4,2
340,20,-30,0.3759290911938817,0.4,2
340,20,-20,0.3759290911938817,0.4,2
340,20,-10,0.3759290911938817,0.4,2
340,20,0,0.3759290911938817,0.4,2
340,30,10,0.3759290911938817,0.4,2
340,30,20,0.3759290911938817,0.4,2
340,30,30,0.3759290911938817,0.4,2
340,30,40,0.3759290911938817,0.4,2
340,30,50,0.3759290911938817,0.4,2
340,40,10,0.3759290911938817,0.4,2
340,40,20,0.3759290911938817,0.4,2
340,40,30,0.3759290911938817,0.4,2
340,40,40,0.3759290911938817,0.4,2
340,40,50,0.3759290911938817,0.4,2
340,50,10,0.3759290911938817,0.4,2
340,50,20,0.3759290911938817,0.4,2
340,50,30,0.3759290911938817,0.4,2
340,50,40,0.3759290911938817,0.4,2
340,50,50,0.3759290911938817,0.4,2
340,60,10,0.3759290911938817,0.4,2
340,60,20,0.3759290911938817,0.4,2
340,60,30,0.3759290911938817,0.4,2
340,60,40,0.3759290911938817,0.4,2
340,70,10,0.3759290911938817,0.4,2
340,70,20,0.3759290911938817,0.4,2
340,70,30,0.3759290911938817,0.4,2
340,80,10,0.3759290911938817,0.4,2
340,80,20,0.3759290911938817,0.4,2
350,10,-10,0.3759290911938817,0.4,2
350,10,0,0.3759290911938817,0.4,2
350,10,10,0.3759290911938817,0.4,2
350,20,-10,0.3759290911938817,0.4,2
350,20,0,0.3759290911938817,0.4,2
350,20,10,0.3759290911938817,0.4,2
350,30,20,0.3759290911938817,0.4,2
350,30,30,0.3759290911938817,0.4,2
350,30,40,0.3759290911938817,0.4,2
350,30,50,0.3759290911938817,0.4,2
350,30,60,0.3759290911938817,0.4,2
350,40,20,0.3759290911938817,0.4,2
350,40,30,0.3759290911938817,0.4,2
350,40,40,0.3759290911938817,0.4,2
350,40,50,0.3759290911938817,0.4,2
350,40,60,0.3759290911938817,0.4,2
350,50,20,0.3759290911938817,0.4,2
350,50,30,0.3759290911938817,0.4,2
350,50,40,0.3759290911938817,0.4,2
350,50,50,0.3759290911938817,0.4,2
350,60,20,0.3759290911938817,0.4,2
350,60,30,0.3759290911938817,0.4,2
0,10,-80,0.38286223895192706,0.4,2
0,10,-70,0.38286223895192706,0.4,2
0,10,-60,0.38286223895192706,0.4,2
0,10,-50,0.38286223895192706,0.4,2
0,10,-40,0.38286223895192706,0.4,2
0,10,-30,0.38286223895192706,0.4,2
0,20,-90,0.38286223895192706,0.4,2
0,20,-80,0.38286223895192706,0.4,2
0,20,-70,0.38286223895192706,0.4,2
0,20,-60,0.38286223895192706,0.4,2
0,20,-50,0.38286223895192706,0.4,2
0,20,-40,0.38286223895192706,0.4,2
0,60,50,0.38286223895192706,0.4,2
0,70,40,0.38286223895192706,0.4,2
0,80,40,0.38286223895192706,0.4,2
10,10,-60,0.38286223895192706,0.4,2
10,10,-50,0.38286223895192706,0.4,2
10,10,-40,0.38286223895192706,0.4,2
10,10,-30,0.38286223895192706,0.4,2
10,10,-20,0.38286223895192706,0.4,2
10,20,-80,0.38286223895192706,0.4,2
10,20,-70,0.38286223895192706,0.4,2
10,20,-60,0.38286223895192706,0.4,2
10,20,-50,0.38286223895192706,0.4,2
10,20,-40,0.38286223895192706,0.4,2
10,20,-30,0.38286223895192706,0.4,2
10,30,-90,0.38286223895192706,0.4,2
10,30,-80,0.38286223895192706,0.4,2
10,30,-70,0.38286223895192706,0.4,2
10,30,-60,0.38286223895192706,0.4,2
10,30,-50,0.38286223895192706,0.4,2
10,30,-40,0.38286223895192706,0.4,2
10,60,40,0.38286223895192706,0.4,2
10,60,50,0.38286223895192706,0.4,2
10,70,40,0.38286223895192706,0.4,2
20,10,-50,0.38286223895192706,0.4,2
20,10,-40,0.38286223895192706,0.4,2
20,10,-30,0.38286223895192706,0.4,2
20,10,-20,0.38286223895192706,0.4,2
20,10,-10,0.38286223895192706,0.4,2
20,20,-70,0.38286223895192706,0.4,2
20,20,-60,0.38286223895192706,0.4,2
20,20,-50,0.38286223895192706,0.4,2
20,20,-40,0.38286223895192706,0.4,2
20,20,-30,0.38286223895192706,0.4,2
20,20,-20,0.38286223895192706,0.4,2
20,20,-10,0.38286223895192706,0.4,2
20,30,-80,0.38286223895192706,0.4,2
20,30,-70,0.38286223895192706,0.4,2
20,30,-60,0.38286223895192706,0.4,2
20,30,-50,0.38286223895192706,0.4,2
20,30,-40,0.38286223895192706,0.4,2
20,30,-30,0.38286223895192706,0.4,2
20,30,-20,0.38286223895192706,0.4,2
20,50,50,0.38286223895192706,0.4,2
20,50,60,0.38286223895192706,0.4,2
20,60,50,0.38286223895192706,0.4,2
30,10,-40,0.38286223895192706,0.4,2
30,10,-30,0.38286223895192706,0.4,2
30,10,-20,0.38286223895192706,0.4,2
30,10,-10,0.38286223895192706,0.4,2
30,10,0,0.38286223895192706,0.4,2
30,20,-50,0.38286223895192706,0.4,2
30,20,-40,0.38286223895192706,0.4,2
30,20,-30,0.38286223895192706,0.4,2
30,20,-20,0.38286223895192706,0.4,2
30,20,-10,0.38286223895192706,0.4,2
30,20,0,0.38286223895192706,0.4,2
30,40,-90,0.38286223895192706,0.4,2
40,10,-30,0.38286223895192706,0.4,2
40,10,-20,0.38286223895192706,0.4,2
40,10,-10,0.38286223895192706,0.4,2
40,10,0,0.38286223895192706,0.4,2
40,10,10,0.38286223895192706,0.4,2
40,40,-80,0.38286223895192706,0.4,2
50,40,-70,0.38286223895192706,0.4,2
60,50,-60,0.38286223895192706,0.4,2
70,50,-60,0.38286223895192706,0.4,2
80,60,-50,0.38286223895192706,0.4,2
90,60,-50,0.38286223895192706,0.4,2
100,70,-40,0.38286223895192706,0.4,2
100,80,-40,0.38286223895192706,0.4,2
120,90,-110,0.38286223895192706,0.4,2
120,90,-100,0.38286223895192706,0.4,2
120,90,-90,0.38286223895192706,0.4,2
120,90,-80,0.38286223895192706,0.4,2
120,90,-70,0.38286223895192706,0.4,2
120,90,-60,0.38286223895192706,0.4,2
120,90,-50,0.38286223895192706,0.4,2
130,80,-120,0.38286223895192706,0.4,2
130,80,-110,0.38286223895192706,0.4,2
130,80,-100,0.38286223895192706,0.4,2
130,80,-90,0.38286223895192706,0.4,2
130,80,-80,0.38286223895192706,0.4,2
130,80,-70,0.38286223895192706,0.4,2
130,80,-60,0.38286223895192706,0.4,2
130,80,-50,0.38286223895192706,0.4,2
130,90,-100,0.38286223895192706,0.4,2
130,90,-90,0.38286223895192706,0.4,2
130,90,-80,0.38286223895192706,0.4,2
130,90,-70,0.38286223895192706,0.4,2
130,90,-60,0.38286223895192706,0.4,2
130,90,-50,0.38286223895192706,0.4,2
140,70,-120,0.38286223895192706,0.4,2
140,70,-110,0.38286223895192706,0.4,2
140,70,-100,0.38286223895192706,0.4,2
140,70,-90,0.38286223895192706,0.4,2
140,70,-80,0.38286223895192706,0.4,2
140,70,-70,0.38286223895192706,0.4,2
140,70,-60,0.38286223895192706,0.4,2
140,70,-50,0.38286223895192706,0.4,2
140,80,-110,0.38286223895192706,0.4,2
140,80,-100,0.38286223895192706,0.4,2
140,80,-90,0.38286223895192706,0.4,2
140,80,-80,0.38286223895192706,0.4,2
140,80,-70,0.38286223895192706,0.4,2
140,80,-60,0.38286223895192706,0.4,2
140,80,-50,0.38286223895192706,0.4,2
140,90,-90,0.38286223895192706,0.4,2
140,90,-80,0.38286223895192706,0.4,2
140,90,-70,0.38286223895192706,0.4,2
140,90,-60,0.38286223895192706,0.4,2
140,90,-50,0.38286223895192706,0.4,2
150,70,-110,0.38286223895192706,0.4,2
150,70,-100,0.38286223895192706,0.4,2
150,70,-90,0.38286223895192706,0.4,2
150,70,-80,0.38286223895192706,0.4,2
150,70,-70,0.38286223895192706,0.4,2
150,70,-60,0.38286223895192706,0.4,2
150,70,-50,0.38286223895192706,0.4,2
150,80,-100,0.38286223895192706,0.4,2
150,80,-90,0.38286223895192706,0.4,2
150,80,-80,0.38286223895192706,0.4,2
150,80,-70,0.38286223895192706,0.4,2
150,80,-60,0.38286223895192706,0.4,2
150,80,-50,0.38286223895192706,0.4,2
150,90,-90,0.38286223895192706,0.4,2
150,90,-80,0.38286223895192706,0.4,2
150,90,-70,0.38286223895192706,0.4,2
150,90,-60,0.38286223895192706,0.4,2
150,90,-50,0.38286223895192706,0.4,2
160,70,-110,0.38286223895192706,0.4,2
160,70,-100,0.38286223895192706,0.4,2
160,70,-90,0.38286223895192706,0.4,2
160,70,-80,0.38286223895192706,0.4,2
160,70,-70,0.38286223895192706,0.4,2
160,70,-60,0.38286223895192706,0.4,2
160,70,-50,0.38286223895192706,0.4,2
160,80,-100,0.38286223895192706,0.4,2
160,80,-90,0.38286223895192706,0.4,2
160,80,-80,0.38286223895192706,0.4,2
160,80,-70,0.38286223895192706,0.4,2
160,80,-60,0.38286223895192706,0.4,2
160,80,-50,0.38286223895192706,0.4,2
160,90,-90,0.38286223895192706,0.4,2
160,90,-80,0.38286223895192706,0.4,2
160,90,-70,0.38286223895192706,0.4,2
160,90,-60,0.38286223895192706,0.4,2
160,90,-50,0.38286223895192706,0.4,2
170,60,-110,0.38286223895192706,0.4,2
170,60,-100,0.38286223895192706,0.4,2
170,70,-100,0.38286223895192706,0.4,2
170,70,-90,0.38286223895192706,0.4,2
170,70,-80,0.38286223895192706,0.4,2
170,70,-70,0.38286223895192706,0.4,2
170,80,-100,0.38286223895192706,0.4,2
170,80,-90,0.38286223895192706,0.4,2
170,80,-80,0.38286223895192706,0.4,2
170,80,-70,0.38286223895192706,0.4,2
170,80,-60,0.38286223895192706,0.4,2
170,80,-50,0.38286223895192706,0.4,2
170,90,-40,0.38286223895192706,0.4,2
180,10,120,0.38286223895192706,0.4,2
180,10,130,0.38286223895192706,0.4,2
180,10,140,0.38286223895192706,0.4,2
180,10,150,0.38286223895192706,0.4,2
180,60,-100,0.38286223895192706,0.4,2
180,70,-100,0.38286223895192706,0.4,2
180,70,-90,0.38286223895192706,0.4,2
180,70,-80,0.38286223895192706,0.4,2
180,70,-70,0.38286223895192706,0.4,2
190,10,130,0.38286223895192706,0.4,2
190,10,140,0.38286223895192706,0.4,2
190,10,150,0.38286223895192706,0.4,2
190,10,160,0.38286223895192706,0.4,2
190,20,140,0.38286223895192706,0.4,2
190,20,150,0.38286223895192706,0.4,2
190,20,160,0.38286223895192706,0.4,2
190,60,-90,0.38286223895192706,0.4,2
200,10,140,0.38286223895192706,0.4,2
200,10,150,0.38286223895192706,0.4,2
200,10,160,0.38286223895192706,0.4,2
200,10,170,0.38286223895192706,0.4,2
200,20,150,0.38286223895192706,0.4,2
200,20,160,0.38286223895192706,0.4,2
200,20,170,0.38286223895192706,0.4,2
200,30,150,0.38286223895192706,0.4,2
200,30,160,0.38286223895192706,0.4,2
200,30,170,0.38286223895192706,0.4,2
200,40,150,0.38286223895192706,0.4,2
200,40,160,0.38286223895192706,0.4,2
200,40,170,0.38286223895192706,0.4,2
200,50,-160,0.38286223895192706,0.4,2
200,50,-150,0.38286223895192706,0.4,2
200,50,-140,0.38286223895192706,0.4,2
200,50,-130,0.38286223895192706,0.4,2
200,50,-120,0.38286223895192706,0.4,2
200,50,-110,0.38286223895192706,0.4,2
200,50,-100,0.38286223895192706,0.4,2
210,10,-180,0.38286223895192706,0.4,2
210,10,150,0.38286223895192706,0.4,2
210,10,160,0.38286223895192706,0.4,2
210,10,170,0.38286223895192706,0.4,2
210,20,-180,0.38286223895192706,0.4,2
210,20,150,0.38286223895192706,0.4,2
210,20,160,0.38286223895192706,0.4,2
210,20,170,0.38286223895192706,0.4,2
210,30,-180,0.38286223895192706,0.4,2
210,30,160,0.38286223895192706,0.4,2
210,30,170,0.38286223895192706,0.4,2
210,40,-180,0.38286223895192706,0.4,2
210,40,160,0.38286223895192706,0.4,2
210,40,170,0.38286223895192706,0.4,2
210,50,-160,0.38286223895192706,0.4,2
210,50,-150,0.38286223895192706,0.4,2
210,50,-140,0.38286223895192706,0.4,2
210,50,-130,0.38286223895192706,0.4,2
210,50,-120,0.38286223895192706,0.4,2
210,50,-110,0.38286223895192706,0.4,2
210,50,-100,0.38286223895192706,0.4,2
210,50,-90,0.38286223895192706,0.4,2
220,10,-180,0.38286223895192706,0.4,2
220,10,-170,0.38286223895192706,0.4,2
220,10,160,0.38286223895192706,0.4,2
220,10,170,0.38286223895192706,0.4,2
220,20,-180,0.38286223895192706,0.4,2
220,20,-170,0.38286223895192706,0.4,2
220,20,160,0.38286223895192706,0.4,2
220,20,170,0.38286223895192706,0.4,2
220,30,-180,0.38286223895192706,0.4,2
220,30,-170,0.38286223895192706,0.4,2
220,30,160,0.38286223895192706,0.4,2
220,30,170,0.38286223895192706,0.4,2
220,40,-180,0.38286223895192706,0.4,2
220,40,-170,0.38286223895192706,0.4,2
220,40,160,0.38286223895192706,0.4,2
220,40,170,0.38286223895192706,0.4,2
230,10,-180,0.38286223895192706,0.4,2
230,10,-170,0.38286223895192706,0.4,2
230,10,-160,0.38286223895192706,0.4,2
230,10,170,0.38286223895192706,0.4,2
230,20,-180,0.38286223895192706,0.4,2
230,20,-170,0.38286223895192706,0.4,2
230,20,-160,0.38286223895192706,0.4,2
230,20,170,0.38286223895192706,0.4,2
230,30,-180,0.38286223895192706,0.4,2
230,30,-170,0.38286223895192706,0.4,2
230,30,170,0.38286223895192706,0.4,2
230,40,-180,0.38286223895192706,0.4,2
230,40,-170,0.38286223895192706,0.4,2
230,40,170,0.38286223895192706,0.4,2
240,10,-180,0.38286223895192706,0.4,2
240,10,-170,0.38286223895192706,0.4,2
240,10,-160,0.38286223895192706,0.4,2
240,10,-150,0.38286223895192706,0.4,2
240,20,-180,0.38286223895192706,0.4,2
240,20,-170,0.38286223895192706,0.4,2
240,20,-160,0.38286223895192706,0.4,2
240,30,-180,0.38286223895192706,0.4,2
240,30,-170,0.38286223895192706,0.4,2
240,30,-160,0.38286223895192706,0.4,2
240,40,-180,0.38286223895192706,0.4,2
240,40,-170,0.38286223895192706,0.4,2
240,40,-160,0.38286223895192706,0.4,2
240,50,120,0.38286223895192706,0.4,2
240,50,130,0.38286223895192706,0.4,2
240,50,140,0.38286223895192706,0.4,2
240,50,150,0.38286223895192706,0.4,2
240,50,160,0.38286223895192706,0.4,2
240,50,170,0.38286223895192706,0.4,2
250,10,-180,0.38286223895192706,0.4,2
250,10,-170,0.38286223895192706,0.4,2
250,10,-160,0.38286223895192706,0.4,2
250,10,-150,0.38286223895192706,0.4,2
250,10,-140,0.38286223895192706,0.4,2
250,20,-180,0.38286223895192706,0.4,2
250,20,-170,0.38286223895192706,0.4,2
250,20,-160,0.38286223895192706,0.4,2
250,20,-150,0.38286223895192706,0.4,2
250,30,-180,0.38286223895192706,0.4,2
250,30,-170,0.38286223895192706,0.4,2
250,30,-160,0.38286223895192706,0.4,2
250,30,-150,0.38286223895192706,0.4,2
250,40,-180,0.38286223895192706,0.4,2
250,40,-170,0.38286223895192706,0.4,2
250,40,-160,0.38286223895192706,0.4,2
250,40,-150,0.38286223895192706,0.4,2
250,50,130,0.38286223895192706,0.4,2
250,50,140,0.38286223895192706,0.4,2
250,50,150,0.38286223895192706,0.4,2
250,50,160,0.38286223895192706,0.4,2
250,50,170,0.38286223895192706,0.4,2
260,10,-170,0.38286223895192706,0.4,2
260,10,-160,0.38286223895192706,0.4,2
260,10,-150,0.38286223895192706,0.4,2
260,10,-140,0.38286223895192706,0.4,2
260,20,-170,0.38286223895192706,0.4,2
260,20,-160,0.38286223895192706,0.4,2
260,20,-150,0.38286223895192706,0.4,2
260,20,-140,0.38286223895192706,0.4,2
260,30,-170,0.38286223895192706,0.4,2
260,30,-160,0.38286223895192706,0.4,2
260,30,-150,0.38286223895192706,0.4,2
260,30,-140,0.38286223895192706,0.4,2
260,40,-170,0.38286223895192706,0.4,2
260,40,-160,0.38286223895192706,0.4,2
260,40,-150,0.38286223895192706,0.4,2
260,50,-180,0.38286223895192706,0.4,2
260,50,140,0.38286223895192706,0.4,2
260,50,150,0.38286223895192706,0.4,2
260,50,160,0.38286223895192706,0.4,2
260,50,170,0.38286223895192706,0.4,2
270,10,-160,0.38286223895192706,0.4,2
270,10,-150,0.38286223895192706,0.4,2
270,10,-140,0.38286223895192706,0.4,2
270,10,-130,0.38286223895192706,0.4,2
270,20,-160,0.38286223895192706,0.4,2
270,20,-150,0.38286223895192706,0.4,2
270,20,-140,0.38286223895192706,0.4,2
270,20,-130,0.38286223895192706,0.4,2
270,30,-160,0.38286223895192706,0.4,2
270,30,-150,0.38286223895192706,0.4,2
270,30,-140,0.38286223895192706,0.4,2
270,40,-160,0.38286223895192706,0.4,2
270,40,-150,0.38286223895192706,0.4,2
270,40,-140,0.38286223895192706,0.4,2
280,10,-150,0.38286223895192706,0.4,2
280,10,-140,0.38286223895192706,0.4,2
280,10,-130,0.38286223895192706,0.4,2
280,10,-120,0.38286223895192706,0.4,2
280,20,-150,0.38286223895192706,0.4,2
280,20,-140,0.38286223895192706,0.4,2
280,20,-130,0.38286223895192706,0.4,2
280,30,-150,0.38286223895192706,0.4,2
280,30,-140,0.38286223895192706,0.4,2
280,30,-130,0.38286223895192706,0.4,2
280,40,-150,0.38286223895192706,0.4,2
280,40,-140,0.38286223895192706,0.4,2
280,40,-130,0.38286223895192706,0.4,2
290,10,-140,0.38286223895192706,0.4,2
290,10,-130,0.38286223895192706,0.4,2
290,10,-120,0.38286223895192706,0.4,2
290,10,-110,0.38286223895192706,0.4,2
290,20,-140,0.38286223895192706,0.4,2
290,20,-130,0.38286223895192706,0.4,2
290,20,-120,0.38286223895192706,0.4,2
290,30,-150,0.38286223895192706,0.4,2
290,30,-140,0.38286223895192706,0.4,2
290,30,-130,0.38286223895192706,0.4,2
290,30,-120,0.38286223895192706,0.4,2
300,10,-130,0.38286223895192706,0.4,2
300,10,-120,0.38286223895192706,0.4,2
300,10,-110,0.38286223895192706,0.4,2
300,10,-100,0.38286223895192706,0.4,2
300,20,-140,0.38286223895192706,0.4,2
300,20,-130,0.38286223895192706,0.4,2
300,20,-120,0.38286223895192706,0.4,2
300,20,-110,0.38286223895192706,0.4,2
300,30,-140,0.38286223895192706,0.4,2
300,30,-130,0.38286223895192706,0.4,2
300,30,-120,0.38286223895192706,0.4,2
300,80,50,0.38286223895192706,0.4,2
300,80,60,0.38286223895192706,0.4,2
300,90,50,0.38286223895192706,0.4,2
300,90,60,0.38286223895192706,0.4,2
300,90,70,0.38286223895192706,0.4,2
300,90,80,0.38286223895192706,0.4,2
300,90,90,0.38286223895192706,0.4,2
300,90,100,0.38286223895192706,0.4,2
300,90,110,0.38286223895192706,0.4,2
310,10,-120,0.38286223895192706,0.4,2
310,10,-110,0.38286223895192706,0.4,2
310,10,-100,0.38286223895192706,0.4,2
310,10,-90,0.38286223895192706,0.4,2
310,20,-130,0.38286223895192706,0.4,2
310,20,-120,0.38286223895192706,0.4,2
310,20,-110,0.38286223895192706,0.4,2
310,20,-100,0.38286223895192706,0.4,2
310,70,50,0.38286223895192706,0.4,2
310,80,50,0.38286223895192706,0.4,2
310,80,60,0.38286223895192706,0.4,2
310,80,70,0.38286223895192706,0.4,2
310,90,50,0.38286223895192706,0.4,2
310,90,60,0.38286223895192706,0.4,2
310,90,70,0.38286223895192706,0.4,2
310,90,80,0.38286223895192706,0.4,2
310,90,90,0.38286223895192706,0.4,2
310,90,100,0.38286223895192706,0.4,2
320,10,-110,0.38286223895192706,0.4,2
320,10,-100,0.38286223895192706,0.4,2
320,10,-90,0.38286223895192706,0.4,2
320,10,-80,0.38286223895192706,0.4,2
320,20,-120,0.38286223895192706,0.4,2
320,20,-110,0.38286223895192706,0.4,2
320,20,-100,0.38286223895192706,0.4,2
320,20,-90,0.38286223895192706,0.4,2
320,80,50,0.38286223895192706,0.4,2
320,80,60,0.38286223895192706,0.4,2
320,80,70,0.38286223895192706,0.4,2
320,80,80,0.38286223895192706,0.4,2
320,90,50,0.38286223895192706,0.4,2
320,90,60,0.38286223895192706,0.4,2
320,90,70,0.38286223895192706,0.4,2
320,90,80,0.38286223895192706,0.4,2
320,90,90,0.38286223895192706,0.4,2
330,10,-100,0.38286223895192706,0.4,2
330,10,-90,0.38286223895192706,0.4,2
330,10,-80,0.38286223895192706,0.4,2
330,10,-70,0.38286223895192706,0.4,2
330,20,-110,0.38286223895192706,0.4,2
330,20,-100,0.38286223895192706,0.4,2
330,20,-90,0.38286223895192706,0.4,2
330,20,-80,0.38286223895192706,0.4,2
330,80,50,0.38286223895192706,0.4,2
330,80,60,0.38286223895192706,0.4,2
330,80,70,0.38286223895192706,0.4,2
330,80,80,0.38286223895192706,0.4,2
330,90,50,0.38286223895192706,0.4,2
330,90,60,0.38286223895192706,0.4,2
330,90,70,0.38286223895192706,0.4,2
330,90,80,0.38286223895192706,0.4,2
330,90,90,0.38286223895192706,0.4,2
340,10,-90,0.38286223895192706,0.4,2
340,10,-80,0.38286223895192706,0.4,2
340,10,-70,0.38286223895192706,0.4,2
340,10,-60,0.38286223895192706,0.4,2
340,20,-100,0.38286223895192706,0.4,2
340,20,-90,0.38286223895192706,0.4,2
340,20,-80,0.38286223895192706,0.4,2
340,20,-70,0.38286223895192706,0.4,2
340,90,50,0.38286223895192706,0.4,2
340,90,60,0.38286223895192706,0.4,2
340,90,70,0.38286223895192706,0.4,2
340,90,80,0.38286223895192706,0.4,2
340,90,90,0.38286223895192706,0.4,2
350,10,-90,0.38286223895192706,0.4,2
350,10,-80,0.38286223895192706,0.4,2
350,10,-70,0.38286223895192706,0.4,2
350,10,-60,0.38286223895192706,0.4,2
350,10,-50,0.38286223895192706,0.4,2
350,20,-90,0.38286223895192706,0.4,2
350,20,-80,0.38286223895192706,0.4,2
350,20,-70,0.38286223895192706,0.4,2
350,20,-60,0.38286223895192706,0.4,2
350,80,40,0.38286223895192706,0.4,2
350,90,40,0.38286223895192706,0.4,2
0,30,130,0.4404207560238557,0.6,3
0,30,140,0.4404207560238557,0.6,3
0,30,150,0.4404207560238557,0.6,3
0,30,160,0.4404207560238557,0.6,3
0,30,170,0.4404207560238557,0.6,3
0,40,110,0.4404207560238557,0.6,3
0,40,120,0.4404207560238557,0.6,3
0,40,130,0.4404207560238557,0.6,3
0,40,140,0.4404207560238557,0.6,3
0,40,150,0.4404207560238557,0.6,3
0,40,160,0.4404207560238557,0.6,3
0,50,-160,0.4404207560238557,0.6,3
0,60,-170,0.4404207560238557,0.6,3
0,60,-160,0.4404207560238557,0.6,3
0,70,-170,0.4404207560238557,0.6,3
0,70,-160,0.4404207560238557,0.6,3
0,80,-170,0.4404207560238557,0.6,3
0,80,-160,0.4404207560238557,0.6,3
0,90,-170,0.4404207560238557,0.6,3
0,90,-160,0.4404207560238557,0.6,3
10,40,-180,0.4404207560238557,0.6,3
10,40,-170,0.4404207560238557,0.6,3
10,40,-160,0.4404207560238557,0.6,3
10,40,-150,0.4404207560238557,0.6,3
10,40,120,0.4404207560238557,0.6,3
10,40,130,0.4404207560238557,0.6,3
10,40,140,0.4404207560238557,0.6,3
10,40,150,0.4404207560238557,0.6,3
10,40,160,0.4404207560238557,0.6,3
10,40,170,0.4404207560238557,0.6,3
10,50,-180,0.4404207560238557,0.6,3
10,50,-170,0.4404207560238557,0.6,3
10,50,-160,0.4404207560238557,0.6,3
10,50,-150,0.4404207560238557,0.6,3
10,50,130,0.4404207560238557,0.6,3
10,50,140,0.4404207560238557,0.6,3
10,50,150,0.4404207560238557,0.6,3
10,50,160,0.4404207560238557,0.6,3
10,50,170,0.4404207560238557,0.6,3
10,60,-180,0.4404207560238557,0.6,3
10,60,-170,0.4404207560238557,0.6,3
10,60,-160,0.4404207560238557,0.6,3
10,60,-150,0.4404207560238557,0.6,3
10,60,160,0.4404207560238557,0.6,3
10,60,170,0.4404207560238557,0.6,3
10,70,-180,0.4404207560238557,0.6,3
10,70,-170,0.4404207560238557,0.6,3
10,70,-160,0.4404207560238557,0.6,3
10,70,170,0.4404207560238557,0.6,3
10,80,-180,0.4404207560238557,0.6,3
10,80,-170,0.4404207560238557,0.6,3
10,80,170,0.4404207560238557,0.6,3
10,90,-180,0.4404207560238557,0.6,3
10,90,-170,0.4404207560238557,0.6,3
20,30,-140,0.4404207560238557,0.6,3
20,40,-180,0.4404207560238557,0.6,3
20,40,-170,0.4404207560238557,0.6,3
20,40,-160,0.4404207560238557,0.6,3
20,40,-150,0.4404207560238557,0.6,3
20,40,160,0.4404207560238557,0.6,3
20,40,170,0.4404207560238557,0.6,3
20,50,-180,0.4404207560238557,0.6,3
20,50,-170,0.4404207560238557,0.6,3
20,50,-160,0.4404207560238557,0.6,3
20,50,-150,0.4404207560238557,0.6,3
20,50,120,0.4404207560238557,0.6,3
20,50,130,0.4404207560238557,0.6,3
20,50,140,0.4404207560238557,0.6,3
20,50,150,0.4404207560238557,0.6,3
20,50,160,0.4404207560238557,0.6,3
20,50,170,0.4404207560238557,0.6,3
20,60,-180,0.4404207560238557,0.6,3
20,60,-170,0.4404207560238557,0.6,3
20,60,140,0.4404207560238557,0.6,3
20,60,150,0.4404207560238557,0.6,3
20,60,160,0.4404207560238557,0.6,3
20,60,170,0.4404207560238557,0.6,3
20,70,-180,0.4404207560238557,0.6,3
20,70,160,0.4404207560238557,0.6,3
20,70,170,0.4404207560238557,0.6,3
20,80,-180,0.4404207560238557,0.6,3
20,80,160,0.4404207560238557,0.6,3
20,80,170,0.4404207560238557,0.6,3
20,90,-180,0.4404207560238557,0.6,3
20,90,170,0.4404207560238557,0.6,3
100,90,-20,0.4404207560238557,0.6,3
100,90,-10,0.4404207560238557,0.6,3
100,90,0,0.4404207560238557,0.6,3
100,90,10,0.4404207560238557,0.6,3
100,90,20,0.4404207560238557,0.6,3
100,90,30,0.4404207560238557,0.6,3
100,90,40,0.4404207560238557,0.6,3
100,90,50,0.4404207560238557,0.6,3
110,80,0,0.4404207560238557,0.6,3
110,80,10,0.4404207560238557,0.6,3
110,80,20,0.4404207560238557,0.6,3
110,80,30,0.4404207560238557,0.6,3
110,80,40,0.4404207560238557,0.6,3
110,80,50,0.4404207560238557,0.6,3
110,80,60,0.4404207560238557,0.6,3
110,90,-10,0.4404207560238557,0.6,3
110,90,0,0.4404207560238557,0.6,3
110,90,10,0.4404207560238557,0.6,3
110,90,20,0.4404207560238557,0.6,3
110,90,30,0.4404207560238557,0.6,3
110,90,40,0.4404207560238557,0.6,3
110,90,50,0.4404207560238557,0.6,3
120,70,30,0.4404207560238557,0.6,3
120,70,40,0.4404207560238557,0.6,3
120,70,50,0.4404207560238557,0.6,3
120,70,60,0.4404207560238557,0.6,3
120,70,70,0.4404207560238557,0.6,3
120,80,40,0.4404207560238557,0.6,3
120,80,50,0.4404207560238557,0.6,3
130,60,40,0.4404207560238557,0.6,3
130,60,50,0.4404207560238557,0.6,3
130,60,60,0.4404207560238557,0.6,3
130,60,70,0.4404207560238557,0.6,3
130,60,80,0.4404207560238557,0.6,3
130,60,90,0.4404207560238557,0.6,3
130,70,40,0.4404207560238557,0.6,3
130,70,50,0.4404207560238557,0.6,3
130,70,60,0.4404207560238557,0.6,3
140,60,50,0.4404207560238557,0.6,3
140,60,60,0.4404207560238557,0.6,3
140,60,70,0.4404207560238557,0.6,3
140,60,80,0.4404207560238557,0.6,3
140,60,90,0.4404207560238557,0.6,3
150,50,50,0.4404207560238557,0.6,3
150,50,60,0.4404207560238557,0.6,3
150,50,70,0.4404207560238557,0.6,3
150,50,80,0.4404207560238557,0.6,3
150,50,90,0.4404207560238557,0.6,3
150,50,100,0.4404207560238557,0.6,3
150,50,110,0.4404207560238557,0.6,3
150,50,120,0.4404207560238557,0.6,3
160,50,60,0.4404207560238557,0.6,3
160,50,70,0.4404207560238557,0.6,3
160,50,80,0.4404207560238557,0.6,3
160,50,90,0.4404207560238557,0.6,3
160,50,100,0.4404207560238557,0.6,3
160,50,110,0.4404207560238557,0.6,3
160,50,120,0.4404207560238557,0.6,3
170,90,160,0.4404207560238557,0.6,3
180,80,160,0.4404207560238557,0.6,3
180,80,170,0.4404207560238557,0.6,3
180,90,160,0.4404207560238557,0.6,3
180,90,170,0.4404207560238557,0.6,3
190,70,-180,0.4404207560238557,0.6,3
190,70,170,0.4404207560238557,0.6,3
190,80,-180,0.4404207560238557,0.6,3
190,80,170,0.4404207560238557,0.6,3
190,90,-180,0.4404207560238557,0.6,3
190,90,170,0.4404207560238557,0.6,3
200,80,-180,0.4404207560238557,0.6,3
200,80,-170,0.4404207560238557,0.6,3
200,90,-180,0.4404207560238557,0.6,3
200,90,-170,0.4404207560238557,0.6,3
240,60,-70,0.4404207560238557,0.6,3
260,70,-50,0.4404207560238557,0.6,3
260,70,-40,0.4404207560238557,0.6,3
260,70,-30,0.4404207560238557,0.6,3
260,70,-20,0.4404207560238557,0.6,3
260,70,-10,0.4404207560238557,0.6,3
260,70,0,0.4404207560238557,0.6,3
270,70,-50,0.4404207560238557,0.6,3
270,70,-40,0.4404207560238557,0.6,3
270,70,-30,0.4404207560238557,0.6,3
270,70,-20,0.4404207560238557,0.6,3
270,70,-10,0.4404207560238557,0.6,3
270,70,0,0.4404207560238557,0.6,3
270,70,10,0.4404207560238557,0.6,3
270,80,-50,0.4404207560238557,0.6,3
270,80,-40,0.4404207560238557,0.6,3
270,80,-30,0.4404207560238557,0.6,3
270,80,-20,0.4404207560238557,0.6,3
270,80,-10,0.4404207560238557,0.6,3
270,80,0,0.4404207560238557,0.6,3
270,80,10,0.4404207560238557,0.6,3
280,80,-50,0.4404207560238557,0.6,3
280,80,-40,0.4404207560238557,0.6,3
280,80,-30,0.4404207560238557,0.6,3
280,80,-20,0.4404207560238557,0.6,3
280,80,-10,0.4404207560238557,0.6,3
280,80,0,0.4404207560238557,0.6,3
280,80,10,0.4404207560238557,0.6,3
280,80,20,0.4404207560238557,0.6,3
280,90,-50,0.4404207560238557,0.6,3
280,90,-40,0.4404207560238557,0.6,3
280,90,-30,0.4404207560238557,0.6,3
280,90,-20,0.4404207560238557,0.6,3
280,90,-10,0.4404207560238557,0.6,3
280,90,0,0.4404207560238557,0.6,3
280,90,10,0.4404207560238557,0.6,3
280,90,20,0.4404207560238557,0.6,3
290,40,60,0.4404207560238557,0.6,3
290,50,60,0.4404207560238557,0.6,3
290,90,-50,0.4404207560238557,0.6,3
290,90,-40,0.4404207560238557,0.6,3
290,90,-30,0.4404207560238557,0.6,3
290,90,-20,0.4404207560238557,0.6,3
290,90,-10,0.4404207560238557,0.6,3
290,90,0,0.4404207560238557,0.6,3
290,90,10,0.4404207560238557,0.6,3
300,40,70,0.4404207560238557,0.6,3
300,50,60,0.4404207560238557,0.6,3
310,30,80,0.4404207560238557,0.6,3
310,30,90,0.4404207560238557,0.6,3
310,40,70,0.4404207560238557,0.6,3
310,50,60,0.4404207560238557,0.6,3
320,30,90,0.4404207560238557,0.6,3
320,30,100,0.4404207560238557,0.6,3
320,40,80,0.4404207560238557,0.6,3
330,30,100,0.4404207560238557,0.6,3
330,30,110,0.4404207560238557,0.6,3
330,40,80,0.4404207560238557,0.6,3
330,40,90,0.4404207560238557,0.6,3
340,30,110,0.4404207560238557,0.6,3
340,30,120,0.4404207560238557,0.6,3
340,30,130,0.4404207560238557,0.6,3
340,40,90,0.4404207560238557,0.6,3
340,40,100,0.4404207560238557,0.6,3
350,30,120,0.4404207560238557,0.6,3
350,30,130,0.4404207560238557,0.6,3
350,30,140,0.4404207560238557,0.6,3
350,30,150,0.4404207560238557,0.6,3
350,40,100,0.4404207560238557,0.6,3
350,40,110,0.4404207560238557,0.6,3
350,40,120,0.4404207560238557,0.6,3
350,80,-160,0.4404207560238557,0.6,3
350,90,-160,0.4404207560238557,0.6,3
30,30,-160,0.4673575946398444,0.6,3
30,30,-150,0.4673575946398444,0.6,3
30,30,-140,0.4673575946398444,0.6,3
30,40,-140,0.4673575946398444,0.6,3
40,20,-150,0.4673575946398444,0.6,3
40,20,-140,0.4673575946398444,0.6,3
40,20,-130,0.4673575946398444,0.6,3
40,30,-140,0.4673575946398444,0.6,3
40,30,-130,0.4673575946398444,0.6,3
50,10,-140,0.4673575946398444,0.6,3
50,10,-130,0.4673575946398444,0.6,3
50,20,-130,0.4673575946398444,0.6,3
50,20,-120,0.4673575946398444,0.6,3
50,30,-120,0.4673575946398444,0.6,3
50,60,130,0.4673575946398444,0.6,3
60,10,-130,0.4673575946398444,0.6,3
60,10,-120,0.4673575946398444,0.6,3
60,20,-120,0.4673575946398444,0.6,3
60,20,-110,0.4673575946398444,0.6,3
60,30,-110,0.4673575946398444,0.6,3
60,80,140,0.4673575946398444,0.6,3
70,10,-120,0.4673575946398444,0.6,3
70,10,-110,0.4673575946398444,0.6,3
70,20,-110,0.4673575946398444,0.6,3
70,20,-100,0.4673575946398444,0.6,3
70,90,140,0.4673575946398444,0.6,3
80,10,-110,0.4673575946398444,0.6,3
80,10,-100,0.4673575946398444,0.6,3
80,20,-100,0.4673575946398444,0.6,3
80,20,-90,0.4673575946398444,0.6,3
90,10,-100,0.4673575946398444,0.6,3
90,10,-90,0.4673575946398444,0.6,3
90,20,-90,0.4673575946398444,0.6,3
90,20,-80,0.4673575946398444,0.6,3
100,10,-90,0.4673575946398444,0.6,3
100,10,-80,0.4673575946398444,0.6,3
100,20,-80,0.4673575946398444,0.6,3
100,20,-70,0.4673575946398444,0.6,3
100,90,120,0.4673575946398444,0.6,3
100,90,130,0.4673575946398444,0.6,3
110,10,-80,0.4673575946398444,0.6,3
110,10,-70,0.4673575946398444,0.6,3
110,20,-70,0.4673575946398444,0.6,3
110,20,-60,0.4673575946398444,0.6,3
120,10,-70,0.4673575946398444,0.6,3
120,10,-60,0.4673575946398444,0.6,3
120,20,-60,0.4673575946398444,0.6,3
120,20,-50,0.4673575946398444,0.6,3
120,30,-60,0.4673575946398444,0.6,3
130,10,-60,0.4673575946398444,0.6,3
130,10,-50,0.4673575946398444,0.6,3
130,20,-50,0.4673575946398444,0.6,3
130,30,-50,0.4673575946398444,0.6,3
130,30,-40,0.4673575946398444,0.6,3
140,10,-50,0.4673575946398444,0.6,3
140,10,-40,0.4673575946398444,0.6,3
140,20,-50,0.4673575946398444,0.6,3
140,20,-40,0.4673575946398444,0.6,3
140,30,-40,0.4673575946398444,0.6,3
140,40,-40,0.4673575946398444,0.6,3
150,10,-40,0.4673575946398444,0.6,3
150,10,-30,0.4673575946398444,0.6,3
150,20,-40,0.4673575946398444,0.6,3
150,20,-30,0.4673575946398444,0.6,3
150,30,-30,0.4673575946398444,0.6,3
150,40,-30,0.4673575946398444,0.6,3
150,50,-20,0.4673575946398444,0.6,3
160,10,-30,0.4673575946398444,0.6,3
160,10,-20,0.4673575946398444,0.6,3
160,20,-30,0.4673575946398444,0.6,3
160,20,-20,0.4673575946398444,0.6,3
160,30,-30,0.4673575946398444,0.6,3
160,30,-20,0.4673575946398444,0.6,3
160,40,-30,0.4673575946398444,0.6,3
160,40,-20,0.4673575946398444,0.6,3
160,50,-10,0.4673575946398444,0.6,3
160,50,0,0.4673575946398444,0.6,3
160,50,10,0.4673575946398444,0.6,3
160,50,20,0.4673575946398444,0.6,3
170,10,-20,0.4673575946398444,0.6,3
170,20,-20,0.4673575946398444,0.6,3
170,20,-10,0.4673575946398444,0.6,3
170,30,-20,0.4673575946398444,0.6,3
170,30,-10,0.4673575946398444,0.6,3
170,40,-20,0.4673575946398444,0.6,3
170,40,-10,0.4673575946398444,0.6,3
180,20,-10,0.4673575946398444,0.6,3
180,30,-10,0.4673575946398444,0.6,3
180,40,-10,0.4673575946398444,0.6,3
190,30,-10,0.4673575946398444,0.6,3
190,30,0,0.4673575946398444,0.6,3
190,40,-10,0.4673575946398444,0.6,3
190,40,0,0.4673575946398444,0.6,3
250,80,-140,0.4673575946398444,0.6,3
250,90,-140,0.4673575946398444,0.6,3
260,70,-130,0.4673575946398444,0.6,3
260,70,-120,0.4673575946398444,0.6,3
260,70,-110,0.4673575946398444,0.6,3
260,70,-100,0.4673575946398444,0.6,3
260,70,-90,0.4673575946398444,0.6,3
260,70,-80,0.4673575946398444,0.6,3
260,70,-70,0.4673575946398444,0.6,3
260,80,-140,0.4673575946398444,0.6,3
270,70,-130,0.4673575946398444,0.6,3
270,70,-120,0.4673575946398444,0.6,3
270,70,-110,0.4673575946398444,0.6,3
270,70,-100,0.4673575946398444,0.6,3
270,70,-90,0.4673575946398444,0.6,3
270,70,-80,0.4673575946398444,0.6,3
270,70,-70,0.4673575946398444,0.6,3
270,70,-60,0.4673575946398444,0.6,3
270,80,-130,0.4673575946398444,0.6,3
270,80,-120,0.4673575946398444,0.6,3
270,80,-110,0.4673575946398444,0.6,3
270,80,-100,0.4673575946398444,0.6,3
270,80,-90,0.4673575946398444,0.6,3
270,80,-80,0.4673575946398444,0.6,3
280,80,-130,0.4673575946398444,0.6,3
280,80,-120,0.4673575946398444,0.6,3
280,80,-110,0.4673575946398444,0.6,3
280,80,-100,0.4673575946398444,0.6,3
280,80,-90,0.4673575946398444,0.6,3
280,80,-80,0.4673575946398444,0.6,3
280,80,-70,0.4673575946398444,0.6,3
280,90,-130,0.4673575946398444,0.6,3
280,90,-120,0.4673575946398444,0.6,3
80,50,-60,0.4751203369851058,0.6,3
110,80,-40,0.4751203369851058,0.6,3
110,90,-40,0.4751203369851058,0.6,3
200,50,-180,0.4751203369851058,0.6,3
200,50,-170,0.4751203369851058,0.6,3
210,50,-170,0.4751203369851058,0.6,3
290,90,40,0.4751203369851058,0.6,3
80,50,120,0.5248796630148943,0.4,2
110,80,140,0.5248796630148943,0.4,2
110,90,140,0.5248796630148943,0.4,2
200,50,0,0.5248796630148943,0.4,2
200,50,10,0.5248796630148943,0.4,2
210,50,10,0.5248796630148943,0.4,2
290,90,-140,0.5248796630148943,0.4,2
30,30,20,0.5326424053601557,0.4,2
30,30,30,0.5326424053601557,0.4,2
30,30,40,0.5326424053601557,0.4,2
30,40,40,0.5326424053601557,0.4,2
40,20,30,0.5326424053601557,0.4,2
40,20,40,0.5326424053601557,0.4,2
40,20,50,0.5326424053601557,0.4,2
40,30,40,0.5326424053601557,0.4,2
40,30,50,0.5326424053601557,0.4,2
50,10,40,0.5326424053601557,0.4,2
50,10,50,0.5326424053601557,0.4,2
50,20,50,0.5326424053601557,0.4,2
50,20,60,0.5326424053601557,0.4,2
50,30,60,0.5326424053601557,0.4,2
50,60,-50,0.5326424053601557,0.4,2
60,10,50,0.5326424053601557,0.4,2
60,10,60,0.5326424053601557,0.4,2
60,20,60,0.5326424053601557,0.4,2
60,20,70,0.5326424053601557,0.4,2
60,30,70,0.5326424053601557,0.4,2
60,80,-40,0.5326424053601557,0.4,2
70,10,60,0.5326424053601557,0.4,2
70,10,70,0.5326424053601557,0.4,2
70,20,70,0.5326424053601557,0.4,2
70,20,80,0.5326424053601557,0.4,2
70,90,-40,0.5326424053601557,0.4,2
80,10,70,0.5326424053601557,0.4,2
80,10,80,0.5326424053601557,0.4,2
80,20,80,0.5326424053601557,0.4,2
80,20,90,0.5326424053601557,0.4,2
90,10,80,0.5326424053601557,0.4,2
90,10,90,0.5326424053601557,0.4,2
90,20,90,0.5326424053601557,0.4,2
90,20,100,0.5326424053601557,0.4,2
100,10,90,0.5326424053601557,0.4,2
100,10,100,0.5326424053601557,0.4,2
100,20,100,0.5326424053601557,0.4,2
100,20,110,0.5326424053601557,0.4,2
100,90,-60,0.5326424053601557,0.4,2
100,90,-50,0.5326424053601557,0.4,2
110,10,100,0.5326424053601557,0.4,2
110,10,110,0.5326424053601557,0.4,2
110,20,110,0.5326424053601557,0.4,2
110,20,120,0.5326424053601557,0.4,2
120,10,110,0.5326424053601557,0.4,2
120,10,120,0.5326424053601557,0.4,2
120,20,120,0.5326424053601557,0.4,2
120,20,130,0.5326424053601557,0.4,2
120,30,120,0.5326424053601557,0.4,2
130,10,120,0.5326424053601557,0.4,2
130,10,130,0.5326424053601557,0.4,2
130,20,130,0.5326424053601557,0.4,2
130,30,130,0.5326424053601557,0.4,2
130,30,140,0.5326424053601557,0.4,2
140,10,130,0.5326424053601557,0.4,2
140,10,140,0.5326424053601557,0.4,2
140,20,130,0.5326424053601557,0.4,2
140,20,140,0.5326424053601557,0.4,2
140,30,140,0.5326424053601557,0.4,2
140,40,140,0.5326424053601557,0.4,2
150,10,140,0.5326424053601557,0.4,2
150,10,150,0.5326424053601557,0.4,2
150,20,140,0.5326424053601557,0.4,2
150,20,150,0.5326424053601557,0.4,2
150,30,150,0.5326424053601557,0.4,2
150,40,150,0.5326424053601557,0.4,2
150,50,160,0.5326424053601557,0.4,2
160,10,150,0.5326424053601557,0.4,2
160,10,160,0.5326424053601557,0.4,2
160,20,150,0.5326424053601557,0.4,2
160,20,160,0.5326424053601557,0.4,2
160,30,150,0.5326424053601557,0.4,2
160,30,160,0.5326424053601557,0.4,2
160,40,150,0.5326424053601557,0.4,2
160,40,160,0.5326424053601557,0.4,2
160,50,-180,0.5326424053601557,0.4,2
160,50,-170,0.5326424053601557,0.4,2
160,50,-160,0.5326424053601557,0.4,2
160,50,170,0.5326424053601557,0.4,2
170,10,160,0.5326424053601557,0.4,2
170,20,160,0.5326424053601557,0.4,2
170,20,170,0.5326424053601557,0.4,2
170,30,160,0.5326424053601557,0.4,2
170,30,170,0.5326424053601557,0.4,2
170,40,160,0.5326424053601557,0.4,2
170,40,170,0.5326424053601557,0.4,2
180,20,170,0.5326424053601557,0.4,2
180,30,170,0.5326424053601557,0.4,2
180,40,170,0.5326424053601557,0.4,2
190,30,-180,0.5326424053601557,0.4,2
190,30,170,0.5326424053601557,0.4,2
190,40,-180,0.5326424053601557,0.4,2
190,40,170,0.5326424053601557,0.4,2
250,80,40,0.5326424053601557,0.4,2
250,90,40,0.5326424053601557,0.4,2
260,70,50,0.5326424053601557,0.4,2
260,70,60,0.5326424053601557,0.4,2
260,70,70,0.5326424053601557,0.4,2
260,70,80,0.5326424053601557,0.4,2
260,70,90,0.5326424053601557,0.4,2
260,70,100,0.5326424053601557,0.4,2
260,70,110,0.5326424053601557,0.4,2
260,80,40,0.5326424053601557,0.4,2
270,70,50,0.5326424053601557,0.4,2
270,70,60,0.5326424053601557,0.4,2
270,70,70,0.5326424053601557,0.4,2
270,70,80,0.5326424053601557,0.4,2
270,70,90,0.5326424053601557,0.4,2
270,70,100,0.5326424053601557,0.4,2
270,70,110,0.5326424053601557,0.4,2
270,70,120,0.5326424053601557,0.4,2
270,80,50,0.5326424053601557,0.4,2
270,80,60,0.5326424053601557,0.4,2
270,80,70,0.5326424053601557,0.4,2
270,80,80,0.5326424053601557,0.4,2
270,80,90,0.5326424053601557,0.4,2
270,80,100,0.5326424053601557,0.4,2
280,80,50,0.5326424053601557,0.4,2
280,80,60,0.5326424053601557,0.4,2
280,80,70,0.5326424053601557,0.4,2
280,80,80,0.5326424053601557,0.4,2
280,80,90,0.5326424053601557,0.4,2
280,80,100,0.5326424053601557,0.4,2
280,80,110,0.5326424053601557,0.4,2
280,90,50,0.5326424053601557,0.4,2
280,90,60,0.5326424053601557,0.4,2
0,30,-50,0.5595792439761443,0.4,2
0,30,-40,0.5595792439761443,0.4,2
0,30,-30,0.5595792439761443,0.4,2
0,30,-20,0.5595792439761443,0.4,2
0,30,-10,0.5595792439761443,0.4,2
0,40,-70,0.5595792439761443,0.4,2
0,40,-60,0.5595792439761443,0.4,2
0,40,-50,0.5595792439761443,0.4,2
0,40,-40,0.5595792439761443,0.4,2
0,40,-30,0.5595792439761443,0.4,2
0,40,-20,0.5595792439761443,0.4,2
0,50,20,0.5595792439761443,0.4,2
0,60,10,0.5595792439761443,0.4,2
0,60,20,0.5595792439761443,0.4,2
0,70,10,0.5595792439761443,0.4,2
0,70,20,0.5595792439761443,0.4,2
0,80,10,0.5595792439761443,0.4,2
0,80,20,0.5595792439761443,0.4,2
0,90,10,0.5595792439761443,0.4,2
0,90,20,0.5595792439761443,0.4,2
10,40,-60,0.5595792439761443,0.4,2
10,40,-50,0.5595792439761443,0.4,2
10,40,-40,0.5595792439761443,0.4,2
10,40,-30,0.5595792439761443,0.4,2
10,40,-20,0.5595792439761443,0.4,2
10,40,-10,0.5595792439761443,0.4,2
10,40,0,0.5595792439761443,0.4,2
10,40,10,0.5595792439761443,0.4,2
10,40,20,0.5595792439761443,0.4,2
10,40,30,0.5595792439761443,0.4,2
10,50,-50,0.5595792439761443,0.4,2
10,50,-40,0.5595792439761443,0.4,2
10,50,-30,0.5595792439761443,0.4,2
10,50,-20,0.5595792439761443,0.4,2
10,50,-10,0.5595792439761443,0.4,2
10,50,0,0.5595792439761443,0.4,2
10,50,10,0.5595792439761443,0.4,2
10,50,20,0.5595792439761443,0.4,2
10,50,30,0.5595792439761443,0.4,2
10,60,-20,0.5595792439761443,0.4,2
10,60,-10,0.5595792439761443,0.4,2
10,60,0,0.5595792439761443,0.4,2
10,60,10,0.5595792439761443,0.4,2
10,60,20,0.5595792439761443,0.4,2
10,60,30,0.5595792439761443,0.4,2
10,70,-10,0.5595792439761443,0.4,2
10,70,0,0.5595792439761443,0.4,2
10,70,10,0.5595792439761443,0.4,2
10,70,20,0.5595792439761443,0.4,2
10,80,-10,0.5595792439761443,0.4,2
10,80,0,0.5595792439761443,0.4,2
10,80,10,0.5595792439761443,0.4,2
10,90,0,0.5595792439761443,0.4,2
10,90,10,0.5595792439761443,0.4,2
20,30,40,0.5595792439761443,0.4,2
20,40,-20,0.5595792439761443,0.4,2
20,40,-10,0.5595792439761443,0.4,2
20,40,0,0.5595792439761443,0.4,2
20,40,10,0.5595792439761443,0.4,2
20,40,20,0.5595792439761443,0.4,2
20,40,30,0.5595792439761443,0.4,2
20,50,-60,0.5595792439761443,0.4,2
20,50,-50,0.5595792439761443,0.4,2
20,50,-40,0.5595792439761443,0.4,2
20,50,-30,0.5595792439761443,0.4,2
20,50,-20,0.5595792439761443,0.4,2
20,50,-10,0.5595792439761443,0.4,2
20,50,0,0.5595792439761443,0.4,2
20,50,10,0.5595792439761443,0.4,2
20,50,20,0.5595792439761443,0.4,2
20,50,30,0.5595792439761443,0.4,2
20,60,-40,0.5595792439761443,0.4,2
20,60,-30,0.5595792439761443,0.4,2
20,60,-20,0.5595792439761443,0.4,2
20,60,-10,0.5595792439761443,0.4,2
20,60,0,0.5595792439761443,0.4,2
20,60,10,0.5595792439761443,0.4,2
20,70,-20,0.5595792439761443,0.4,2
20,70,-10,0.5595792439761443,0.4,2
20,70,0,0.5595792439761443,0.4,2
20,80,-20,0.5595792439761443,0.4,2
20,80,-10,0.5595792439761443,0.4,2
20,80,0,0.5595792439761443,0.4,2
20,90,-10,0.5595792439761443,0.4,2
20,90,0,0.5595792439761443,0.4,2
100,90,-180,0.5595792439761443,0.4,2
100,90,-170,0.5595792439761443,0.4,2
100,90,-160,0.5595792439761443,0.4,2
100,90,-150,0.5595792439761443,0.4,2
100,90,-140,0.5595792439761443,0.4,2
100,90,-130,0.5595792439761443,0.4,2
100,90,160,0.5595792439761443,0.4,2
100,90,170,0.5595792439761443,0.4,2
110,80,-180,0.5595792439761443,0.4,2
110,80,-170,0.5595792439761443,0.4,2
110,80,-160,0.5595792439761443,0.4,2
110,80,-150,0.5595792439761443,0.4,2
110,80,-140,0.5595792439761443,0.4,2
110,80,-130,0.5595792439761443,0.4,2
110,80,-120,0.5595792439761443,0.4,2
110,90,-180,0.5595792439761443,0.4,2
110,90,-170,0.5595792439761443,0.4,2
110,90,-160,0.5595792439761443,0.4,2
110,90,-150,0.5595792439761443,0.4,2
110,90,-140,0.5595792439761443,0.4,2
110,90,-130,0.5595792439761443,0.4,2
110,90,170,0.5595792439761443,0.4,2
120,70,-150,0.5595792439761443,0.4,2
120,70,-140,0.5595792439761443,0.4,2
120,70,-130,0.5595792439761443,0.4,2
120,70,-120,0.5595792439761443,0.4,2
120,70,-110,0.5595792439761443,0.4,2
120,80,-140,0.5595792439761443,0.4,2
120,80,-130,0.5595792439761443,0.4,2
130,60,-140,0.5595792439761443,0.4,2
130,60,-130,0.5595792439761443,0.4,2
130,60,-120,0.5595792439761443,0.4,2
130,60,-110,0.5595792439761443,0.4,2
130,60,-100,0.5595792439761443,0.4,2
130,60,-90,0.5595792439761443,0.4,2
130,70,-140,0.5595792439761443,0.4,2
130,70,-130,0.5595792439761443,0.4,2
130,70,-120,0.5595792439761443,0.4,2
140,60,-130,0.5595792439761443,0.4,2
140,60,-120,0.5595792439761443,0.4,2
140,60,-110,0.5595792439761443,0.4,2
140,60,-100,0.5595792439761443,0.4,2
140,60,-90,0.5595792439761443,0.4,2
150,50,-130,0.5595792439761443,0.4,2
150,50,-120,0.5595792439761443,0.4,2
150,50,-110,0.5595792439761443,0.4,2
150,50,-100,0.5595792439761443,0.4,2
150,50,-90,0.5595792439761443,0.4,2
150,50,-80,0.5595792439761443,0.4,2
150,50,-70,0.5595792439761443,0.4,2
150,50,-60,0.5595792439761443,0.4,2
160,50,-120,0.5595792439761443,0.4,2
160,50,-110,0.5595792439761443,0.4,2
160,50,-100,0.5595792439761443,0.4,2
160,50,-90,0.5595792439761443,0.4,2
160,50,-80,0.5595792439761443,0.4,2
160,50,-70,0.5595792439761443,0.4,2
160,50,-60,0.5595792439761443,0.4,2
170,90,-20,0.5595792439761443,0.4,2
180,80,-20,0.5595792439761443,0.4,2
180,80,-10,0.5595792439761443,0.4,2
180,90,-20,0.5595792439761443,0.4,2
180,90,-10,0.5595792439761443,0.4,2
190,70,-10,0.5595792439761443,0.4,2
190,70,0,0.5595792439761443,0.4,2
190,80,-10,0.5595792439761443,0.4,2
190,80,0,0.5595792439761443,0.4,2
190,90,-10,0.5595792439761443,0.4,2
190,90,0,0.5595792439761443,0.4,2
200,80,0,0.5595792439761443,0.4,2
200,80,10,0.5595792439761443,0.4,2
200,90,0,0.5595792439761443,0.4,2
200,90,10,0.5595792439761443,0.4,2
240,60,110,0.5595792439761443,0.4,2
260,70,-180,0.5595792439761443,0.4,2
260,70,130,0.5595792439761443,0.4,2
260,70,140,0.5595792439761443,0.4,2
260,70,150,0.5595792439761443,0.4,2
260,70,160,0.5595792439761443,0.4,2
260,70,170,0.5595792439761443,0.4,2
270,70,-180,0.5595792439761443,0.4,2
270,70,-170,0.5595792439761443,0.4,2
270,70,130,0.5595792439761443,0.4,2
270,70,140,0.5595792439761443,0.4,2
270,70,150,0.5595792439761443,0.4,2
270,70,160,0.5595792439761443,0.4,2
270,70,170,0.5595792439761443,0.4,2
270,80,-180,0.5595792439761443,0.4,2
270,80,-170,0.5595792439761443,0.4,2
270,80,130,0.5595792439761443,0.4,2
270,80,140,0.5595792439761443,0.4,2
270,80,150,0.5595792439761443,0.4,2
270,80,160,0.5595792439761443,0.4,2
270,80,170,0.5595792439761443,0.4,2
280,80,-180,0.5595792439761443,0.4,2
280,80,-170,0.5595792439761443,0.4,2
280,80,-160,0.5595792439761443,0.4,2
280,80,130,0.5595792439761443,0.4,2
280,80,140,0.5595792439761443,0.4,2
280,80,150,0.5595792439761443,0.4,2
280,80,160,0.5595792439761443,0.4,2
280,80,170,0.5595792439761443,0.4,2
280,90,-180,0.5595792439761443,0.4,2
280,90,-170,0.5595792439761443,0.4,2
280,90,-160,0.5595792439761443,0.4,2
280,90,130,0.5595792439761443,0.4,2
280,90,140,0.5595792439761443,0.4,2
280,90,150,0.5595792439761443,0.4,2
280,90,160,0.5595792439761443,0.4,2
280,90,170,0.5595792439761443,0.4,2
290,40,-120,0.5595792439761443,0.4,2
290,50,-120,0.5595792439761443,0.4,2
290,90,-180,0.5595792439761443,0.4,2
290,90,-170,0.5595792439761443,0.4,2
290,90,130,0.5595792439761443,0.4,2
290,90,140,0.5595792439761443,0.4,2
290,90,150,0.5595792439761443,0.4,2
290,90,160,0.5595792439761443,0.4,2
290,90,170,0.5595792439761443,0.4,2
300,40,-110,0.5595792439761443,0.4,2
300,50,-120,0.5595792439761443,0.4,2
310,30,-100,0.5595792439761443,0.4,2
310,30,-90,0.5595792439761443,0.4,2
310,40,-110,0.5595792439761443,0.4,2
310,50,-120,0.5595792439761443,0.4,2
320,30,-90,0.5595792439761443,0.4,2
320,30,-80,0.5595792439761443,0.4,2
320,40,-100,0.5595792439761443,0.4,2
330,30,-80,0.5595792439761443,0.4,2
330,30,-70,0.5595792439761443,0.4,2
330,40,-100,0.5595792439761443,0.4,2
330,40,-90,0.5595792439761443,0.4,2
340,30,-70,0.5595792439761443,0.4,2
340,30,-60,0.5595792439761443,0.4,2
340,30,-50,0.5595792439761443,0.4,2
340,40,-90,0.5595792439761443,0.4,2
340,40,-80,0.5595792439761443,0.4,2
350,30,-60,0.5595792439761443,0.4,2
350,30,-50,0.5595792439761443,0.4,2
350,30,-40,0.5595792439761443,0.4,2
350,30,-30,0.5595792439761443,0.4,2
350,40,-80,0.5595792439761443,0.4,2
350,40,-70,0.5595792439761443,0.4,2
350,40,-60,0.5595792439761443,0.4,2
350,80,20,0.5595792439761443,0.4,2
350,90,20,0.5595792439761443,0.4,2
0,10,100,0.617137761048073,0.6,3
0,10,110,0.617137761048073,0.6,3
0,10,120,0.617137761048073,0.6,3
0,10,130,0.617137761048073,0.6,3
0,10,140,0.617137761048073,0.6,3
0,10,150,0.617137761048073,0.6,3
0,20,90,0.617137761048073,0.6,3
0,20,100,0.617137761048073,0.6,3
0,20,110,0.617137761048073,0.6,3
0,20,120,0.617137761048073,0.6,3
0,20,130,0.617137761048073,0.6,3
0,20,140,0.617137761048073,0.6,3
0,60,-130,0.617137761048073,0.6,3
0,70,-140,0.617137761048073,0.6,3
0,80,-140,0.617137761048073,0.6,3
10,10,120,0.617137761048073,0.6,3
10,10,130,0.617137761048073,0.6,3
10,10,140,0.617137761048073,0.6,3
10,10,150,0.617137761048073,0.6,3
10,10,160,0.617137761048073,0.6,3
10,20,100,0.617137761048073,0.6,3
10,20,110,0.617137761048073,0.6,3
10,20,120,0.617137761048073,0.6,3
10,20,130,0.617137761048073,0.6,3
10,20,140,0.617137761048073,0.6,3
10,20,150,0.617137761048073,0.6,3
10,30,90,0.617137761048073,0.6,3
10,30,100,0.617137761048073,0.6,3
10,30,110,0.617137761048073,0.6,3
10,30,120,0.617137761048073,0.6,3
10,30,130,0.617137761048073,0.6,3
10,30,140,0.617137761048073,0.6,3
10,60,-140,0.617137761048073,0.6,3
10,60,-130,0.617137761048073,0.6,3
10,70,-140,0.617137761048073,0.6,3
20,10,130,0.617137761048073,0.6,3
20,10,140,0.617137761048073,0.6,3
20,10,150,0.617137761048073,0.6,3
20,10,160,0.617137761048073,0.6,3
20,10,170,0.617137761048073,0.6,3
20,20,110,0.617137761048073,0.6,3
20,20,120,0.617137761048073,0.6,3
20,20,130,0.617137761048073,0.6,3
20,20,140,0.617137761048073,0.6,3
20,20,150,0.617137761048073,0.6,3
20,20,160,0.617137761048073,0.6,3
20,20,170,0.617137761048073,0.6,3
20,30,100,0.617137761048073,0.6,3
20,30,110,0.617137761048073,0.6,3
20,30,120,0.617137761048073,0.6,3
20,30,130,0.617137761048073,0.6,3
20,30,140,0.617137761048073,0.6,3
20,30,150,0.617137761048073,0.6,3
20,30,160,0.617137761048073,0.6,3
20,50,-130,0.617137761048073,0.6,3
20,50,-120,0.617137761048073,0.6,3
20,60,-130,0.617137761048073,0.6,3
30,10,-180,0.617137761048073,0.6,3
30,10,140,0.617137761048073,0.6,3
30,10,150,0.617137761048073,0.6,3
30,10,160,0.617137761048073,0.6,3
30,10,170,0.617137761048073,0.6,3
30,20,-180,0.617137761048073,0.6,3
30,20,130,0.617137761048073,0.6,3
30,20,140,0.617137761048073,0.6,3
30,20,150,0.617137761048073,0.6,3
30,20,160,0.617137761048073,0.6,3
30,20,170,0.617137761048073,0.6,3
30,40,90,0.617137761048073,0.6,3
40,10,-180,0.617137761048073,0.6,3
40,10,-170,0.617137761048073,0.6,3
40,10,150,0.617137761048073,0.6,3
40,10,160,0.617137761048073,0.6,3
40,10,170,0.617137761048073,0.6,3
40,40,100,0.617137761048073,0.6,3
50,40,110,0.617137761048073,0.6,3
60,50,120,0.617137761048073,0.6,3
70,50,120,0.617137761048073,0.6,3
80,60,130,0.617137761048073,0.6,3
90,60,130,0.617137761048073,0.6,3
100,70,140,0.617137761048073,0.6,3
100,80,140,0.617137761048073,0.6,3
120,90,70,0.617137761048073,0.6,3
120,90,80,0.617137761048073,0.6,3
120,90,90,0.617137761048073,0.6,3
120,90,100,0.617137761048073,0.6,3
120,90,110,0.617137761048073,0.6,3
120,90,120,0.617137761048073,0.6,3
120,90,130,0.617137761048073,0.6,3
130,80,60,0.617137761048073,0.6,3
130,80,70,0.617137761048073,0.6,3
130,80,80,0.617137761048073,0.6,3
130,80,90,0.617137761048073,0.6,3
130,80,100,0.617137761048073,0.6,3
130,80,110,0.617137761048073,0.6,3
130,80,120,0.617137761048073,0.6,3
130,80,130,0.617137761048073,0.6,3
130,90,80,0.617137761048073,0.6,3
130,90,90,0.617137761048073,0.6,3
130,90,100,0.617137761048073,0.6,3
130,90,110,0.617137761048073,0.6,3
130,90,120,0.617137761048073,0.6,3
130,90,130,0.617137761048073,0.6,3
140,70,60,0.617137761048073,0.6,3
140,70,70,0.617137761048073,0.6,3
140,70,80,0.617137761048073,0.6,3
140,70,90,0.617137761048073,0.6,3
140,70,100,0.617137761048073,0.6,3
140,70,110,0.617137761048073,0.6,3
140,70,120,0.617137761048073,0.6,3
140,70,130,0.617137761048073,0.6,3
140,80,70,0.617137761048073,0.6,3
140,80,80,0.617137761048073,0.6,3
140,80,90,0.617137761048073,0.6,3
140,80,100,0.617137761048073,0.6,3
140,80,110,0.617137761048073,0.6,3
140,80,120,0.617137761048073,0.6,3
140,80,130,0.617137761048073,0.6,3
140,90,90,0.617137761048073,0.6,3
140,90,100,0.617137761048073,0.6,3
140,90,110,0.617137761048073,0.6,3
140,90,120,0.617137761048073,0.6,3
140,90,130,0.617137761048073,0.6,3
150,70,70,0.617137761048073,0.6,3
150,70,80,0.617137761048073,0.6,3
150,70,90,0.617137761048073,0.6,3
150,70,100,0.617137761048073,0.6,3
150,70,110,0.617137761048073,0.6,3
150,70,120,0.617137761048073,0.6,3
150,70,130,0.617137761048073,0.6,3
150,80,80,0.617137761048073,0.6,3
150,80,90,0.617137761048073,0.6,3
150,80,100,0.617137761048073,0.6,3
150,80,110,0.617137761048073,0.6,3
150,80,120,0.617137761048073,0.6,3
150,80,130,0.617137761048073,0.6,3
150,90,90,0.617137761048073,0.6,3
150,90,100,0.617137761048073,0.6,3
150,90,110,0.617137761048073,0.6,3
150,90,120,0.617137761048073,0.6,3
150,90,130,0.617137761048073,0.6,3
160,70,70,0.617137761048073,0.6,3
160,70,80,0.617137761048073,0.6,3
160,70,90,0.617137761048073,0.6,3
160,70,100,0.617137761048073,0.6,3
160,70,110,0.617137761048073,0.6,3
160,70,120,0.617137761048073,0.6,3
160,70,130,0.617137761048073,0.6,3
160,80,80,0.617137761048073,0.6,3
160,80,90,0.617137761048073,0.6,3
160,80,100,0.617137761048073,0.6,3
160,80,110,0.617137761048073,0.6,3
160,80,120,0.617137761048073,0.6,3
160,80,130,0.617137761048073,0.6,3
160,90,90,0.617137761048073,0.6,3
160,90,100,0.617137761048073,0.6,3
160,90,110,0.617137761048073,0.6,3
160,90,120,0.617137761048073,0.6,3
160,90,130,0.617137761048073,0.6,3
170,60,70,0.617137761048073,0.6,3
170,60,80,0.617137761048073,0.6,3
170,70,80,0.617137761048073,0.6,3
170,70,90,0.617137761048073,0.6,3
170,70,100,0.617137761048073,0.6,3
170,70,110,0.617137761048073,0.6,3
170,80,80,0.617137761048073,0.6,3
170,80,90,0.617137761048073,0.6,3
170,80,100,0.617137761048073,0.6,3
170,80,110,0.617137761048073,0.6,3
170,80,120,0.617137761048073,0.6,3
170,80,130,0.617137761048073,0.6,3
170,90,140,0.617137761048073,0.6,3
180,10,-60,0.617137761048073,0.6,3
180,10,-50,0.617137761048073,0.6,3
180,10,-40,0.617137761048073,0.6,3
180,10,-30,0.617137761048073,0.6,3
180,60,80,0.617137761048073,0.6,3
180,70,80,0.617137761048073,0.6,3
180,70,90,0.617137761048073,0.6,3
180,70,100,0.617137761048073,0.6,3
180,70,110,0.617137761048073,0.6,3
190,10,-50,0.617137761048073,0.6,3
190,10,-40,0.617137761048073,0.6,3
190,10,-30,0.617137761048073,0.6,3
190,10,-20,0.617137761048073,0.6,3
190,20,-40,0.617137761048073,0.6,3
190,20,-30,0.617137761048073,0.6,3
190,20,-20,0.617137761048073,0.6,3
190,60,90,0.617137761048073,0.6,3
200,10,-40,0.617137761048073,0.6,3
200,10,-30,0.617137761048073,0.6,3
200,10,-20,0.617137761048073,0.6,3
200,10,-10,0.617137761048073,0.6,3
200,20,-30,0.617137761048073,0.6,3
200,20,-20,0.617137761048073,0.6,3
200,20,-10,0.617137761048073,0.6,3
200,30,-30,0.617137761048073,0.6,3
200,30,-20,0.617137761048073,0.6,3
200,30,-10,0.617137761048073,0.6,3
200,40,-30,0.617137761048073,0.6,3
200,40,-20,0.617137761048073,0.6,3
200,40,-10,0.617137761048073,0.6,3
200,50,20,0.617137761048073,0.6,3
200,50,30,0.617137761048073,0.6,3
200,50,40,0.617137761048073,0.6,3
200,50,50,0.617137761048073,0.6,3
200,50,60,0.617137761048073,0.6,3
200,50,70,0.617137761048073,0.6,3
200,50,80,0.617137761048073,0.6,3
210,10,-30,0.617137761048073,0.6,3
210,10,-20,0.617137761048073,0.6,3
210,10,-10,0.617137761048073,0.6,3
210,10,0,0.617137761048073,0.6,3
210,20,-30,0.617137761048073,0.6,3
210,20,-20,0.617137761048073,0.6,3
210,20,-10,0.617137761048073,0.6,3
210,20,0,0.617137761048073,0.6,3
210,30,-20,0.617137761048073,0.6,3
210,30,-10,0.617137761048073,0.6,3
210,30,0,0.617137761048073,0.6,3
210,40,-20,0.617137761048073,0.6,3
210,40,-10,0.617137761048073,0.6,3
210,40,0,0.617137761048073,0.6,3
210,50,20,0.617137761048073,0.6,3
210,50,30,0.617137761048073,0.6,3
210,50,40,0.617137761048073,0.6,3
210,50,50,0.617137761048073,0.6,3
210,50,60,0.617137761048073,0.6,3
210,50,70,0.617137761048073,0.6,3
210,50,80,0.617137761048073,0.6,3
210,50,90,0.617137761048073,0.6,3
220,10,-20,0.617137761048073,0.6,3
220,10,-10,0.617137761048073,0.6,3
220,10,0,0.617137761048073,0.6,3
220,10,10,0.617137761048073,0.6,3
220,20,-20,0.617137761048073,0.6,3
220,20,-10,0.617137761048073,0.6,3
220,20,0,0.617137761048073,0.6,3
220,20,10,0.617137761048073,0.6,3
220,30,-20,0.617137761048073,0.6,3
220,30,-10,0.617137761048073,0.6,3
220,30,0,0.617137761048073,0.6,3
220,30,10,0.617137761048073,0.6,3
220,40,-20,0.617137761048073,0.6,3
220,40,-10,0.617137761048073,0.6,3
220,40,0,0.617137761048073,0.6,3
220,40,10,0.617137761048073,0.6,3
230,10,-10,0.617137761048073,0.6,3
230,10,0,0.617137761048073,0.6,3
230,10,10,0.617137761048073,0.6,3
230,10,20,0.617137761048073,0.6,3
230,20,-10,0.617137761048073,0.6,3
230,20,0,0.617137761048073,0.6,3
230,20,10,0.617137761048073,0.6,3
230,20,20,0.617137761048073,0.6,3
230,30,-10,0.617137761048073,0.6,3
230,30,0,0.617137761048073,0.6,3
230,30,10,0.617137761048073,0.6,3
230,40,-10,0.617137761048073,0.6,3
230,40,0,0.617137761048073,0.6,3
230,40,10,0.617137761048073,0.6,3
240,10,0,0.617137761048073,0.6,3
240,10,10,0.617137761048073,0.6,3
240,10,20,0.617137761048073,0.6,3
240,10,30,0.617137761048073,0.6,3
240,20,0,0.617137761048073,0.6,3
240,20,10,0.617137761048073,0.6,3
240,20,20,0.617137761048073,0.6,3
240,30,0,0.617137761048073,0.6,3
240,30,10,0.617137761048073,0.6,3
240,30,20,0.617137761048073,0.6,3
240,40,0,0.617137761048073,0.6,3
240,40,10,0.617137761048073,0.6,3
240,40,20,0.617137761048073,0.6,3
240,50,-60,0.617137761048073,0.6,3
240,50,-50,0.617137761048073,0.6,3
240,50,-40,0.617137761048073,0.6,3
240,50,-30,0.617137761048073,0.6,3
240,50,-20,0.617137761048073,0.6,3
240,50,-10,0.617137761048073,0.6,3
250,10,0,0.617137761048073,0.6,3
250,10,10,0.617137761048073,0.6,3
250,10,20,0.617137761048073,0.6,3
250,10,30,0.617137761048073,0.6,3
250,10,40,0.617137761048073,0.6,3
250,20,0,0.617137761048073,0.6,3
250,20,10,0.617137761048073,0.6,3
250,20,20,0.617137761048073,0.6,3
250,20,30,0.617137761048073,0.6,3
250,30,0,0.617137761048073,0.6,3
250,30,10,0.617137761048073,0.6,3
250,30,20,0.617137761048073,0.6,3
250,30,30,0.617137761048073,0.6,3
250,40,0,0.617137761048073,0.6,3
250,40,10,0.617137761048073,0.6,3
250,40,20,0.617137761048073,0.6,3
250,40,30,0.617137761048073,0.6,3
250,50,-50,0.617137761048073,0.6,3
250,50,-40,0.617137761048073,0.6,3
250,50,-30,0.617137761048073,0.6,3
250,50,-20,0.617137761048073,0.6,3
250,50,-10,0.617137761048073,0.6,3
260,10,10,0.617137761048073,0.6,3
260,10,20,0.617137761048073,0.6,3
260,10,30,0.617137761048073,0.6,3
260,10,40,0.617137761048073,0.6,3
260,20,10,0.617137761048073,0.6,3
260,20,20,0.617137761048073,0.6,3
260,20,30,0.617137761048073,0.6,3
260,20,40,0.617137761048073,0.6,3
260,30,10,0.617137761048073,0.6,3
260,30,20,0.617137761048073,0.6,3
260,30,30,0.617137761048073,0.6,3
260,30,40,0.617137761048073,0.6,3
260,40,10,0.617137761048073,0.6,3
260,40,20,0.617137761048073,0.6,3
260,40,30,0.617137761048073,0.6,3
260,50,-40,0.617137761048073,0.6,3
260,50,-30,0.617137761048073,0.6,3
260,50,-20,0.617137761048073,0.6,3
260,50,-10,0.617137761048073,0.6,3
260,50,0,0.617137761048073,0.6,3
270,10,20,0.617137761048073,0.6,3
270,10,30,0.617137761048073,0.6,3
270,10,40,0.617137761048073,0.6,3
270,10,50,0.617137761048073,0.6,3
270,20,20,0.617137761048073,0.6,3
270,20,30,0.617137761048073,0.6,3
270,20,40,0.617137761048073,0.6,3
270,20,50,0.617137761048073,0.6,3
270,30,20,0.617137761048073,0.6,3
270,30,30,0.617137761048073,0.6,3
270,30,40,0.617137761048073,0.6,3
270,40,20,0.617137761048073,0.6,3
270,40,30,0.617137761048073,0.6,3
270,40,40,0.617137761048073,0.6,3
280,10,30,0.617137761048073,0.6,3
280,10,40,0.617137761048073,0.6,3
280,10,50,0.617137761048073,0.6,3
280,10,60,0.617137761048073,0.6,3
280,20,30,0.617137761048073,0.6,3
280,20,40,0.617137761048073,0.6,3
280,20,50,0.617137761048073,0.6,3
280,30,30,0.617137761048073,0.6,3
280,30,40,0.617137761048073,0.6,3
280,30,50,0.617137761048073,0.6,3
280,40,30,0.617137761048073,0.6,3
280,40,40,0.617137761048073,0.6,3
280,40,50,0.617137761048073,0.6,3
290,10,40,0.617137761048073,0.6,3
290,10,50,0.617137761048073,0.6,3
290,10,60,0.617137761048073,0.6,3
290,10,70,0.617137761048073,0.6,3
290,20,40,0.617137761048073,0.6,3
290,20,50,0.617137761048073,0.6,3
290,20,60,0.617137761048073,0.6,3
290,30,30,0.617137761048073,0.6,3
290,30,40,0.617137761048073,0.6,3
290,30,50,0.617137761048073,0.6,3
290,30,60,0.617137761048073,0.6,3
300,10,50,0.617137761048073,0.6,3
300,10,60,0.617137761048073,0.6,3
300,10,70,0.617137761048073,0.6,3
300,10,80,0.617137761048073,0.6,3
300,20,40,0.617137761048073,0.6,3
300,20,50,0.617137761048073,0.6,3
300,20,60,0.617137761048073,0.6,3
300,20,70,0.617137761048073,0.6,3
300,30,40,0.617137761048073,0.6,3
300,30,50,0.617137761048073,0.6,3
300,30,60,0.617137761048073,0.6,3
300,80,-130,0.617137761048073,0.6,3
300,80,-120,0.617137761048073,0.6,3
300,90,-130,0.617137761048073,0.6,3
300,90,-120,0.617137761048073,0.6,3
300,90,-110,0.617137761048073,0.6,3
300,90,-100,0.617137761048073,0.6,3
300,90,-90,0.617137761048073,0.6,3
300,90,-80,0.617137761048073,0.6,3
300,90,-70,0.617137761048073,0.6,3
310,10,60,0.617137761048073,0.6,3
310,10,70,0.617137761048073,0.6,3
310,10,80,0.617137761048073,0.6,3
310,10,90,0.617137761048073,0.6,3
310,20,50,0.617137761048073,0.6,3
310,20,60,0.617137761048073,0.6,3
310,20,70,0.617137761048073,0.6,3
310,20,80,0.617137761048073,0.6,3
310,70,-130,0.617137761048073,0.6,3
310,80,-130,0.617137761048073,0.6,3
310,80,-120,0.617137761048073,0.6,3
310,80,-110,0.617137761048073,0.6,3
310,90,-130,0.617137761048073,0.6,3
310,90,-120,0.617137761048073,0.6,3
310,90,-110,0.617137761048073,0.6,3
310,90,-100,0.617137761048073,0.6,3
310,90,-90,0.617137761048073,0.6,3
310,90,-80,0.617137761048073,0.6,3
320,10,70,0.617137761048073,0.6,3
320,10,80,0.617137761048073,0.6,3
320,10,90,0.617137761048073,0.6,3
320,10,100,0.617137761048073,0.6,3
320,20,60,0.617137761048073,0.6,3
320,20,70,0.617137761048073,0.6,3
320,20,80,0.617137761048073,0.6,3
320,20,90,0.617137761048073,0.6,3
320,80,-130,0.617137761048073,0.6,3
320,80,-120,0.617137761048073,0.6,3
320,80,-110,0.617137761048073,0.6,3
320,80,-100,0.617137761048073,0.6,3
320,90,-130,0.617137761048073,0.6,3
320,90,-120,0.617137761048073,0.6,3
320,90,-110,0.617137761048073,0.6,3
320,90,-100,0.617137761048073,0.6,3
320,90,-90,0.617137761048073,0.6,3
330,10,80,0.617137761048073,0.6,3
330,10,90,0.617137761048073,0.6,3
330,10,100,0.617137761048073,0.6,3
330,10,110,0.617137761048073,0.6,3
330,20,70,0.617137761048073,0.6,3
330,20,80,0.617137761048073,0.6,3
330,20,90,0.617137761048073,0.6,3
330,20,100,0.617137761048073,0.6,3
330,80,-130,0.617137761048073,0.6,3
330,80,-120,0.617137761048073,0.6,3
330,80,-110,0.617137761048073,0.6,3
330,80,-100,0.617137761048073,0.6,3
330,90,-130,0.617137761048073,0.6,3
330,90,-120,0.617137761048073,0.6,3
330,90,-110,0.617137761048073,0.6,3
330,90,-100,0.617137761048073,0.6,3
330,90,-90,0.617137761048073,0.6,3
340,10,90,0.617137761048073,0.6,3
340,10,100,0.617137761048073,0.6,3
340,10,110,0.617137761048073,0.6,3
340,10,120,0.617137761048073,0.6,3
340,20,80,0.617137761048073,0.6,3
340,20,90,0.617137761048073,0.6,3
340,20,100,0.617137761048073,0.6,3
340,20,110,0.617137761048073,0.6,3
340,90,-130,0.617137761048073,0.6,3
340,90,-120,0.617137761048073,0.6,3
340,90,-110,0.617137761048073,0.6,3
340,90,-100,0.617137761048073,0.6,3
340,90,-90,0.617137761048073,0.6,3
350,10,90,0.617137761048073,0.6,3
350,10,100,0.617137761048073,0.6,3
350,10,110,0.617137761048073,0.6,3
350,10,120,0.617137761048073,0.6,3
350,10,130,0.617137761048073,0.6,3
350,20,90,0.617137761048073,0.6,3
350,20,100,0.617137761048073,0.6,3
350,20,110,0.617137761048073,0.6,3
350,20,120,0.617137761048073,0.6,3
350,80,-140,0.617137761048073,0.6,3
350,90,-140,0.617137761048073,0.6,3
0,10,-180,0.6240709088061184,0.6,3
0,10,-170,0.6240709088061184,0.6,3
0,10,-160,0.6240709088061184,0.6,3
0,20,-180,0.6240709088061184,0.6,3
0,20,-170,0.6240709088061184,0.6,3
0,20,-160,0.6240709088061184,0.6,3
0,30,-150,0.6240709088061184,0.6,3
0,30,-140,0.6240709088061184,0.6,3
0,30,-130,0.6240709088061184,0.6,3
0,30,-120,0.6240709088061184,0.6,3
0,30,-110,0.6240709088061184,0.6,3
0,40,-150,0.6240709088061184,0.6,3
0,40,-140,0.6240709088061184,0.6,3
0,40,-130,0.6240709088061184,0.6,3
0,40,-120,0.6240709088061184,0.6,3
10,10,-170,0.6240709088061184,0.6,3
10,10,-160,0.6240709088061184,0.6,3
10,10,-150,0.6240709088061184,0.6,3
10,20,-160,0.6240709088061184,0.6,3
10,20,-150,0.6240709088061184,0.6,3
10,30,-150,0.6240709088061184,0.6,3
10,40,-130,0.6240709088061184,0.6,3
10,40,-120,0.6240709088061184,0.6,3
10,40,-110,0.6240709088061184,0.6,3
20,10,-150,0.6240709088061184,0.6,3
20,10,-140,0.6240709088061184,0.6,3
20,20,-150,0.6240709088061184,0.6,3
20,20,-140,0.6240709088061184,0.6,3
20,40,-100,0.6240709088061184,0.6,3
30,10,-140,0.6240709088061184,0.6,3
30,10,-130,0.6240709088061184,0.6,3
30,70,50,0.6240709088061184,0.6,3
30,80,40,0.6240709088061184,0.6,3
30,80,50,0.6240709088061184,0.6,3
30,90,40,0.6240709088061184,0.6,3
30,90,50,0.6240709088061184,0.6,3
40,10,-130,0.6240709088061184,0.6,3
40,10,-120,0.6240709088061184,0.6,3
40,50,70,0.6240709088061184,0.6,3
40,50,80,0.6240709088061184,0.6,3
40,50,90,0.6240709088061184,0.6,3
40,50,100,0.6240709088061184,0.6,3
40,70,40,0.6240709088061184,0.6,3
40,70,50,0.6240709088061184,0.6,3
40,80,40,0.6240709088061184,0.6,3
40,80,50,0.6240709088061184,0.6,3
40,90,30,0.6240709088061184,0.6,3
40,90,40,0.6240709088061184,0.6,3
40,90,50,0.6240709088061184,0.6,3
40,90,60,0.6240709088061184,0.6,3
50,50,70,0.6240709088061184,0.6,3
50,50,80,0.6240709088061184,0.6,3
50,50,90,0.6240709088061184,0.6,3
50,50,100,0.6240709088061184,0.6,3
50,50,110,0.6240709088061184,0.6,3
50,60,60,0.6240709088061184,0.6,3
50,60,70,0.6240709088061184,0.6,3
50,60,80,0.6240709088061184,0.6,3
50,60,90,0.6240709088061184,0.6,3
50,60,100,0.6240709088061184,0.6,3
50,70,40,0.6240709088061184,0.6,3
50,70,50,0.6240709088061184,0.6,3
50,80,30,0.6240709088061184,0.6,3
50,80,40,0.6240709088061184,0.6,3
50,80,50,0.6240709088061184,0.6,3
50,80,60,0.6240709088061184,0.6,3
50,90,20,0.6240709088061184,0.6,3
50,90,30,0.6240709088061184,0.6,3
50,90,40,0.6240709088061184,0.6,3
50,90,50,0.6240709088061184,0.6,3
50,90,60,0.6240709088061184,0.6,3
60,50,70,0.6240709088061184,0.6,3
60,50,80,0.6240709088061184,0.6,3
60,50,90,0.6240709088061184,0.6,3
60,50,100,0.6240709088061184,0.6,3
60,50,110,0.6240709088061184,0.6,3
60,60,70,0.6240709088061184,0.6,3
60,60,80,0.6240709088061184,0.6,3
60,60,90,0.6240709088061184,0.6,3
60,60,100,0.6240709088061184,0.6,3
60,60,110,0.6240709088061184,0.6,3
60,70,70,0.6240709088061184,0.6,3
60,70,80,0.6240709088061184,0.6,3
60,70,90,0.6240709088061184,0.6,3
60,70,100,0.6240709088061184,0.6,3
60,70,110,0.6240709088061184,0.6,3
60,80,70,0.6240709088061184,0.6,3
60,80,80,0.6240709088061184,0.6,3
60,80,90,0.6240709088061184,0.6,3
60,80,100,0.6240709088061184,0.6,3
60,90,20,0.6240709088061184,0.6,3
60,90,30,0.6240709088061184,0.6,3
60,90,40,0.6240709088061184,0.6,3
60,90,50,0.6240709088061184,0.6,3
60,90,60,0.6240709088061184,0.6,3
70,50,80,0.6240709088061184,0.6,3
70,50,90,0.6240709088061184,0.6,3
70,50,100,0.6240709088061184,0.6,3
70,50,110,0.6240709088061184,0.6,3
70,60,70,0.6240709088061184,0.6,3
70,60,80,0.6240709088061184,0.6,3
70,60,90,0.6240709088061184,0.6,3
70,60,100,0.6240709088061184,0.6,3
70,60,110,0.6240709088061184,0.6,3
70,60,120,0.6240709088061184,0.6,3
70,70,70,0.6240709088061184,0.6,3
70,70,80,0.6240709088061184,0.6,3
70,70,90,0.6240709088061184,0.6,3
70,70,100,0.6240709088061184,0.6,3
70,70,110,0.6240709088061184,0.6,3
70,80,70,0.6240709088061184,0.6,3
70,80,80,0.6240709088061184,0.6,3
70,80,90,0.6240709088061184,0.6,3
70,80,100,0.6240709088061184,0.6,3
70,90,70,0.6240709088061184,0.6,3
70,90,80,0.6240709088061184,0.6,3
70,90,90,0.6240709088061184,0.6,3
80,50,80,0.6240709088061184,0.6,3
80,50,90,0.6240709088061184,0.6,3
80,50,100,0.6240709088061184,0.6,3
80,50,110,0.6240709088061184,0.6,3
80,60,80,0.6240709088061184,0.6,3
80,60,90,0.6240709088061184,0.6,3
80,60,100,0.6240709088061184,0.6,3
80,60,110,0.6240709088061184,0.6,3
80,60,120,0.6240709088061184,0.6,3
80,70,70,0.6240709088061184,0.6,3
80,70,80,0.6240709088061184,0.6,3
80,70,90,0.6240709088061184,0.6,3
80,70,100,0.6240709088061184,0.6,3
80,70,110,0.6240709088061184,0.6,3
80,70,120,0.6240709088061184,0.6,3
80,80,70,0.6240709088061184,0.6,3
80,80,80,0.6240709088061184,0.6,3
80,80,90,0.6240709088061184,0.6,3
80,80,100,0.6240709088061184,0.6,3
80,80,110,0.6240709088061184,0.6,3
80,90,70,0.6240709088061184,0.6,3
80,90,80,0.6240709088061184,0.6,3
80,90,90,0.6240709088061184,0.6,3
90,50,90,0.6240709088061184,0.6,3
90,50,100,0.6240709088061184,0.6,3
90,50,110,0.6240709088061184,0.6,3
90,60,80,0.6240709088061184,0.6,3
90,60,90,0.6240709088061184,0.6,3
90,60,100,0.6240709088061184,0.6,3
90,60,110,0.6240709088061184,0.6,3
90,60,120,0.6240709088061184,0.6,3
90,70,70,0.6240709088061184,0.6,3
90,70,80,0.6240709088061184,0.6,3
90,70,90,0.6240709088061184,0.6,3
90,70,100,0.6240709088061184,0.6,3
90,70,110,0.6240709088061184,0.6,3
90,70,120,0.6240709088061184,0.6,3
90,70,130,0.6240709088061184,0.6,3
90,80,70,0.6240709088061184,0.6,3
90,80,80,0.6240709088061184,0.6,3
90,80,90,0.6240709088061184,0.6,3
90,80,100,0.6240709088061184,0.6,3
90,80,110,0.6240709088061184,0.6,3
90,80,120,0.6240709088061184,0.6,3
90,90,70,0.6240709088061184,0.6,3
90,90,80,0.6240709088061184,0.6,3
90,90,90,0.6240709088061184,0.6,3
90,90,100,0.6240709088061184,0.6,3
100,50,90,0.6240709088061184,0.6,3
100,50,100,0.6240709088061184,0.6,3
100,50,110,0.6240709088061184,0.6,3
100,60,80,0.6240709088061184,0.6,3
100,60,90,0.6240709088061184,0.6,3
100,60,100,0.6240709088061184,0.6,3
100,60,110,0.6240709088061184,0.6,3
100,60,120,0.6240709088061184,0.6,3
100,70,80,0.6240709088061184,0.6,3
100,70,90,0.6240709088061184,0.6,3
100,70,100,0.6240709088061184,0.6,3
100,70,110,0.6240709088061184,0.6,3
100,70,120,0.6240709088061184,0.6,3
100,70,130,0.6240709088061184,0.6,3
100,80,70,0.6240709088061184,0.6,3
100,80,80,0.6240709088061184,0.6,3
100,80,90,0.6240709088061184,0.6,3
100,80,100,0.6240709088061184,0.6,3
100,80,110,0.6240709088061184,0.6,3
100,80,120,0.6240709088061184,0.6,3
100,80,130,0.6240709088061184,0.6,3
110,50,100,0.6240709088061184,0.6,3
110,50,110,0.6240709088061184,0.6,3
110,60,90,0.6240709088061184,0.6,3
110,60,100,0.6240709088061184,0.6,3
110,60,110,0.6240709088061184,0.6,3
110,60,120,0.6240709088061184,0.6,3
110,70,80,0.6240709088061184,0.6,3
110,70,90,0.6240709088061184,0.6,3
110,70,100,0.6240709088061184,0.6,3
110,70,110,0.6240709088061184,0.6,3
110,70,120,0.6240709088061184,0.6,3
110,70,130,0.6240709088061184,0.6,3
120,50,110,0.6240709088061184,0.6,3
120,60,90,0.6240709088061184,0.6,3
120,60,100,0.6240709088061184,0.6,3
120,60,110,0.6240709088061184,0.6,3
120,60,120,0.6240709088061184,0.6,3
120,90,140,0.6240709088061184,0.6,3
180,10,0,0.6240709088061184,0.6,3
180,10,10,0.6240709088061184,0.6,3
180,10,20,0.6240709088061184,0.6,3
190,10,10,0.6240709088061184,0.6,3
190,10,20,0.6240709088061184,0.6,3
190,10,30,0.6240709088061184,0.6,3
190,20,10,0.6240709088061184,0.6,3
190,20,20,0.6240709088061184,0.6,3
190,20,30,0.6240709088061184,0.6,3
190,20,40,0.6240709088061184,0.6,3
200,10,20,0.6240709088061184,0.6,3
200,10,30,0.6240709088061184,0.6,3
200,10,40,0.6240709088061184,0.6,3
200,10,50,0.6240709088061184,0.6,3
200,20,20,0.6240709088061184,0.6,3
200,20,30,0.6240709088061184,0.6,3
200,20,40,0.6240709088061184,0.6,3
200,20,50,0.6240709088061184,0.6,3
200,30,20,0.6240709088061184,0.6,3
200,30,30,0.6240709088061184,0.6,3
200,30,40,0.6240709088061184,0.6,3
200,30,50,0.6240709088061184,0.6,3
200,30,60,0.6240709088061184,0.6,3
200,40,20,0.6240709088061184,0.6,3
200,40,30,0.6240709088061184,0.6,3
200,40,40,0.6240709088061184,0.6,3
200,40,50,0.6240709088061184,0.6,3
200,40,60,0.6240709088061184,0.6,3
200,40,70,0.6240709088061184,0.6,3
200,50,-30,0.6240709088061184,0.6,3
200,50,-20,0.6240709088061184,0.6,3
200,50,-10,0.6240709088061184,0.6,3
200,60,-80,0.6240709088061184,0.6,3
200,60,-70,0.6240709088061184,0.6,3
200,60,-60,0.6240709088061184,0.6,3
200,60,-50,0.6240709088061184,0.6,3
200,60,-40,0.6240709088061184,0.6,3
200,70,-70,0.6240709088061184,0.6,3
200,70,-60,0.6240709088061184,0.6,3
200,70,-50,0.6240709088061184,0.6,3
200,70,-40,0.6240709088061184,0.6,3
210,10,30,0.6240709088061184,0.6,3
210,10,40,0.6240709088061184,0.6,3
210,10,50,0.6240709088061184,0.6,3
210,10,60,0.6240709088061184,0.6,3
210,20,30,0.6240709088061184,0.6,3
210,20,40,0.6240709088061184,0.6,3
210,20,50,0.6240709088061184,0.6,3
210,20,60,0.6240709088061184,0.6,3
210,30,30,0.6240709088061184,0.6,3
210,30,40,0.6240709088061184,0.6,3
210,30,50,0.6240709088061184,0.6,3
210,30,60,0.6240709088061184,0.6,3
210,30,70,0.6240709088061184,0.6,3
210,40,20,0.6240709088061184,0.6,3
210,40,30,0.6240709088061184,0.6,3
210,40,40,0.6240709088061184,0.6,3
210,40,50,0.6240709088061184,0.6,3
210,40,60,0.6240709088061184,0.6,3
210,40,70,0.6240709088061184,0.6,3
210,40,80,0.6240709088061184,0.6,3
210,50,-20,0.6240709088061184,0.6,3
210,50,-10,0.6240709088061184,0.6,3
210,50,0,0.6240709088061184,0.6,3
210,60,-70,0.6240709088061184,0.6,3
210,60,-60,0.6240709088061184,0.6,3
210,60,-50,0.6240709088061184,0.6,3
210,60,-40,0.6240709088061184,0.6,3
210,60,-30,0.6240709088061184,0.6,3
210,70,-70,0.6240709088061184,0.6,3
210,70,-60,0.6240709088061184,0.6,3
210,70,-50,0.6240709088061184,0.6,3
210,70,-40,0.6240709088061184,0.6,3
210,70,-30,0.6240709088061184,0.6,3
210,80,-60,0.6240709088061184,0.6,3
210,80,-50,0.6240709088061184,0.6,3
210,80,-40,0.6240709088061184,0.6,3
210,90,-50,0.6240709088061184,0.6,3
210,90,-40,0.6240709088061184,0.6,3
220,10,40,0.6240709088061184,0.6,3
220,10,50,0.6240709088061184,0.6,3
220,10,60,0.6240709088061184,0.6,3
220,10,70,0.6240709088061184,0.6,3
220,20,30,0.6240709088061184,0.6,3
220,20,40,0.6240709088061184,0.6,3
220,20,50,0.6240709088061184,0.6,3
220,20,60,0.6240709088061184,0.6,3
220,20,70,0.6240709088061184,0.6,3
220,30,30,0.6240709088061184,0.6,3
220,30,40,0.6240709088061184,0.6,3
220,30,50,0.6240709088061184,0.6,3
220,30,60,0.6240709088061184,0.6,3
220,30,70,0.6240709088061184,0.6,3
220,30,80,0.6240709088061184,0.6,3
220,40,30,0.6240709088061184,0.6,3
220,40,40,0.6240709088061184,0.6,3
220,40,50,0.6240709088061184,0.6,3
220,40,60,0.6240709088061184,0.6,3
220,40,70,0.6240709088061184,0.6,3
220,40,80,0.6240709088061184,0.6,3
220,40,90,0.6240709088061184,0.6,3
220,60,-70,0.6240709088061184,0.6,3
220,60,-60,0.6240709088061184,0.6,3
220,60,-50,0.6240709088061184,0.6,3
220,60,-40,0.6240709088061184,0.6,3
220,60,-30,0.6240709088061184,0.6,3
220,70,-60,0.6240709088061184,0.6,3
220,70,-50,0.6240709088061184,0.6,3
220,70,-40,0.6240709088061184,0.6,3
220,70,-30,0.6240709088061184,0.6,3
220,80,-60,0.6240709088061184,0.6,3
220,80,-50,0.6240709088061184,0.6,3
220,80,-40,0.6240709088061184,0.6,3
220,80,-30,0.6240709088061184,0.6,3
220,90,-60,0.6240709088061184,0.6,3
220,90,-50,0.6240709088061184,0.6,3
220,90,-40,0.6240709088061184,0.6,3
220,90,-30,0.6240709088061184,0.6,3
230,10,50,0.6240709088061184,0.6,3
230,10,60,0.6240709088061184,0.6,3
230,10,70,0.6240709088061184,0.6,3
230,10,80,0.6240709088061184,0.6,3
230,20,40,0.6240709088061184,0.6,3
230,20,50,0.6240709088061184,0.6,3
230,20,60,0.6240709088061184,0.6,3
230,20,70,0.6240709088061184,0.6,3
230,20,80,0.6240709088061184,0.6,3
230,30,40,0.6240709088061184,0.6,3
230,30,50,0.6240709088061184,0.6,3
230,30,60,0.6240709088061184,0.6,3
230,30,70,0.6240709088061184,0.6,3
230,30,80,0.6240709088061184,0.6,3
230,30,90,0.6240709088061184,0.6,3
230,40,40,0.6240709088061184,0.6,3
230,40,50,0.6240709088061184,0.6,3
230,40,60,0.6240709088061184,0.6,3
230,40,70,0.6240709088061184,0.6,3
230,40,80,0.6240709088061184,0.6,3
230,40,90,0.6240709088061184,0.6,3
230,60,-70,0.6240709088061184,0.6,3
230,60,-60,0.6240709088061184,0.6,3
230,60,-50,0.6240709088061184,0.6,3
230,60,-40,0.6240709088061184,0.6,3
230,60,-30,0.6240709088061184,0.6,3
230,60,-20,0.6240709088061184,0.6,3
230,70,-60,0.6240709088061184,0.6,3
230,70,-50,0.6240709088061184,0.6,3
230,70,-40,0.6240709088061184,0.6,3
230,70,-30,0.6240709088061184,0.6,3
230,70,-20,0.6240709088061184,0.6,3
230,80,-60,0.6240709088061184,0.6,3
230,80,-50,0.6240709088061184,0.6,3
230,80,-40,0.6240709088061184,0.6,3
230,80,-30,0.6240709088061184,0.6,3
230,80,-20,0.6240709088061184,0.6,3
230,90,-60,0.6240709088061184,0.6,3
230,90,-50,0.6240709088061184,0.6,3
230,90,-40,0.6240709088061184,0.6,3
230,90,-30,0.6240709088061184,0.6,3
230,90,-20,0.6240709088061184,0.6,3
240,10,60,0.6240709088061184,0.6,3
240,10,70,0.6240709088061184,0.6,3
240,10,80,0.6240709088061184,0.6,3
240,10,90,0.6240709088061184,0.6,3
240,20,50,0.6240709088061184,0.6,3
240,20,60,0.6240709088061184,0.6,3
240,20,70,0.6240709088061184,0.6,3
240,20,80,0.6240709088061184,0.6,3
240,20,90,0.6240709088061184,0.6,3
240,30,50,0.6240709088061184,0.6,3
240,30,60,0.6240709088061184,0.6,3
240,30,70,0.6240709088061184,0.6,3
240,30,80,0.6240709088061184,0.6,3
240,30,90,0.6240709088061184,0.6,3
240,30,100,0.6240709088061184,0.6,3
240,40,40,0.6240709088061184,0.6,3
240,40,50,0.6240709088061184,0.6,3
240,40,60,0.6240709088061184,0.6,3
240,40,70,0.6240709088061184,0.6,3
240,40,80,0.6240709088061184,0.6,3
240,40,90,0.6240709088061184,0.6,3
240,40,100,0.6240709088061184,0.6,3
240,70,-60,0.6240709088061184,0.6,3
240,70,-50,0.6240709088061184,0.6,3
240,70,-40,0.6240709088061184,0.6,3
240,70,-30,0.6240709088061184,0.6,3
240,70,-20,0.6240709088061184,0.6,3
240,70,-10,0.6240709088061184,0.6,3
240,80,-60,0.6240709088061184,0.6,3
240,80,-50,0.6240709088061184,0.6,3
240,80,-40,0.6240709088061184,0.6,3
240,80,-30,0.6240709088061184,0.6,3
240,80,-20,0.6240709088061184,0.6,3
240,80,-10,0.6240709088061184,0.6,3
240,90,-60,0.6240709088061184,0.6,3
240,90,-50,0.6240709088061184,0.6,3
240,90,-40,0.6240709088061184,0.6,3
240,90,-30,0.6240709088061184,0.6,3
240,90,-20,0.6240709088061184,0.6,3
250,10,70,0.6240709088061184,0.6,3
250,10,80,0.6240709088061184,0.6,3
250,10,90,0.6240709088061184,0.6,3
250,10,100,0.6240709088061184,0.6,3
250,20,60,0.6240709088061184,0.6,3
250,20,70,0.6240709088061184,0.6,3
250,20,80,0.6240709088061184,0.6,3
250,20,90,0.6240709088061184,0.6,3
250,20,100,0.6240709088061184,0.6,3
250,30,50,0.6240709088061184,0.6,3
250,30,60,0.6240709088061184,0.6,3
250,30,70,0.6240709088061184,0.6,3
250,30,80,0.6240709088061184,0.6,3
250,30,90,0.6240709088061184,0.6,3
250,30,100,0.6240709088061184,0.6,3
250,40,50,0.6240709088061184,0.6,3
250,40,60,0.6240709088061184,0.6,3
250,40,70,0.6240709088061184,0.6,3
250,40,80,0.6240709088061184,0.6,3
250,40,90,0.6240709088061184,0.6,3
250,40,100,0.6240709088061184,0.6,3
250,40,110,0.6240709088061184,0.6,3
250,70,-60,0.6240709088061184,0.6,3
250,70,-50,0.6240709088061184,0.6,3
250,70,-40,0.6240709088061184,0.6,3
250,70,-30,0.6240709088061184,0.6,3
250,70,-20,0.6240709088061184,0.6,3
250,70,-10,0.6240709088061184,0.6,3
250,80,-80,0.6240709088061184,0.6,3
250,80,-70,0.6240709088061184,0.6,3
250,90,-90,0.6240709088061184,0.6,3
250,90,-80,0.6240709088061184,0.6,3
250,90,-70,0.6240709088061184,0.6,3
260,10,70,0.6240709088061184,0.6,3
260,10,80,0.6240709088061184,0.6,3
260,10,90,0.6240709088061184,0.6,3
260,10,100,0.6240709088061184,0.6,3
260,10,110,0.6240709088061184,0.6,3
260,20,70,0.6240709088061184,0.6,3
260,20,80,0.6240709088061184,0.6,3
260,20,90,0.6240709088061184,0.6,3
260,20,100,0.6240709088061184,0.6,3
260,20,110,0.6240709088061184,0.6,3
260,30,60,0.6240709088061184,0.6,3
260,30,70,0.6240709088061184,0.6,3
260,30,80,0.6240709088061184,0.6,3
260,30,90,0.6240709088061184,0.6,3
260,30,100,0.6240709088061184,0.6,3
260,30,110,0.6240709088061184,0.6,3
260,40,60,0.6240709088061184,0.6,3
260,40,70,0.6240709088061184,0.6,3
260,40,80,0.6240709088061184,0.6,3
260,40,90,0.6240709088061184,0.6,3
260,40,100,0.6240709088061184,0.6,3
260,40,110,0.6240709088061184,0.6,3
260,80,-80,0.6240709088061184,0.6,3
260,80,-70,0.6240709088061184,0.6,3
260,90,-90,0.6240709088061184,0.6,3
260,90,-80,0.6240709088061184,0.6,3
260,90,-70,0.6240709088061184,0.6,3
270,10,80,0.6240709088061184,0.6,3
270,10,90,0.6240709088061184,0.6,3
270,10,100,0.6240709088061184,0.6,3
270,10,110,0.6240709088061184,0.6,3
270,20,80,0.6240709088061184,0.6,3
270,20,90,0.6240709088061184,0.6,3
270,20,100,0.6240709088061184,0.6,3
270,20,110,0.6240709088061184,0.6,3
270,20,120,0.6240709088061184,0.6,3
270,30,70,0.6240709088061184,0.6,3
270,30,80,0.6240709088061184,0.6,3
270,30,90,0.6240709088061184,0.6,3
270,30,100,0.6240709088061184,0.6,3
270,30,110,0.6240709088061184,0.6,3
270,30,120,0.6240709088061184,0.6,3
270,40,60,0.6240709088061184,0.6,3
270,40,70,0.6240709088061184,0.6,3
270,40,80,0.6240709088061184,0.6,3
270,40,90,0.6240709088061184,0.6,3
270,40,100,0.6240709088061184,0.6,3
270,40,110,0.6240709088061184,0.6,3
270,40,120,0.6240709088061184,0.6,3
270,90,-100,0.6240709088061184,0.6,3
270,90,-90,0.6240709088061184,0.6,3
270,90,-80,0.6240709088061184,0.6,3
270,90,-70,0.6240709088061184,0.6,3
280,10,90,0.6240709088061184,0.6,3
280,10,100,0.6240709088061184,0.6,3
280,10,110,0.6240709088061184,0.6,3
280,10,120,0.6240709088061184,0.6,3
280,20,80,0.6240709088061184,0.6,3
280,20,90,0.6240709088061184,0.6,3
280,20,100,0.6240709088061184,0.6,3
280,20,110,0.6240709088061184,0.6,3
280,20,120,0.6240709088061184,0.6,3
280,20,130,0.6240709088061184,0.6,3
280,30,70,0.6240709088061184,0.6,3
280,30,80,0.6240709088061184,0.6,3
280,30,90,0.6240709088061184,0.6,3
280,30,100,0.6240709088061184,0.6,3
280,30,110,0.6240709088061184,0.6,3
280,30,120,0.6240709088061184,0.6,3
280,30,130,0.6240709088061184,0.6,3
280,40,70,0.6240709088061184,0.6,3
280,40,80,0.6240709088061184,0.6,3
280,40,90,0.6240709088061184,0.6,3
280,40,100,0.6240709088061184,0.6,3
280,40,110,0.6240709088061184,0.6,3
280,40,120,0.6240709088061184,0.6,3
280,40,130,0.6240709088061184,0.6,3
290,10,100,0.6240709088061184,0.6,3
290,10,110,0.6240709088061184,0.6,3
290,10,120,0.6240709088061184,0.6,3
290,10,130,0.6240709088061184,0.6,3
290,20,90,0.6240709088061184,0.6,3
290,20,100,0.6240709088061184,0.6,3
290,20,110,0.6240709088061184,0.6,3
290,20,120,0.6240709088061184,0.6,3
290,20,130,0.6240709088061184,0.6,3
290,20,140,0.6240709088061184,0.6,3
290,30,80,0.6240709088061184,0.6,3
290,30,90,0.6240709088061184,0.6,3
290,30,100,0.6240709088061184,0.6,3
290,30,110,0.6240709088061184,0.6,3
290,30,120,0.6240709088061184,0.6,3
290,30,130,0.6240709088061184,0.6,3
290,30,140,0.6240709088061184,0.6,3
290,40,150,0.6240709088061184,0.6,3
290,40,160,0.6240709088061184,0.6,3
290,40,170,0.6240709088061184,0.6,3
290,50,150,0.6240709088061184,0.6,3
290,50,160,0.6240709088061184,0.6,3
290,50,170,0.6240709088061184,0.6,3
300,10,110,0.6240709088061184,0.6,3
300,10,120,0.6240709088061184,0.6,3
300,10,130,0.6240709088061184,0.6,3
300,10,140,0.6240709088061184,0.6,3
300,20,100,0.6240709088061184,0.6,3
300,20,110,0.6240709088061184,0.6,3
300,20,120,0.6240709088061184,0.6,3
300,20,130,0.6240709088061184,0.6,3
300,20,140,0.6240709088061184,0.6,3
300,30,90,0.6240709088061184,0.6,3
300,30,100,0.6240709088061184,0.6,3
300,30,110,0.6240709088061184,0.6,3
300,30,120,0.6240709088061184,0.6,3
300,30,130,0.6240709088061184,0.6,3
300,30,140,0.6240709088061184,0.6,3
300,40,-180,0.6240709088061184,0.6,3
300,40,-170,0.6240709088061184,0.6,3
300,40,150,0.6240709088061184,0.6,3
300,40,160,0.6240709088061184,0.6,3
300,40,170,0.6240709088061184,0.6,3
300,50,-180,0.6240709088061184,0.6,3
300,50,-170,0.6240709088061184,0.6,3
300,50,150,0.6240709088061184,0.6,3
300,50,160,0.6240709088061184,0.6,3
300,50,170,0.6240709088061184,0.6,3
300,80,-140,0.6240709088061184,0.6,3
300,90,-140,0.6240709088061184,0.6,3
310,10,120,0.6240709088061184,0.6,3
310,10,130,0.6240709088061184,0.6,3
310,10,140,0.6240709088061184,0.6,3
310,10,150,0.6240709088061184,0.6,3
310,20,110,0.6240709088061184,0.6,3
310,20,120,0.6240709088061184,0.6,3
310,20,130,0.6240709088061184,0.6,3
310,20,140,0.6240709088061184,0.6,3
310,20,150,0.6240709088061184,0.6,3
310,30,-180,0.6240709088061184,0.6,3
310,30,-170,0.6240709088061184,0.6,3
310,30,-160,0.6240709088061184,0.6,3
310,30,160,0.6240709088061184,0.6,3
310,30,170,0.6240709088061184,0.6,3
310,40,-180,0.6240709088061184,0.6,3
310,40,-170,0.6240709088061184,0.6,3
310,40,-160,0.6240709088061184,0.6,3
310,40,160,0.6240709088061184,0.6,3
310,40,170,0.6240709088061184,0.6,3
310,50,-180,0.6240709088061184,0.6,3
310,50,-170,0.6240709088061184,0.6,3
310,50,-160,0.6240709088061184,0.6,3
310,50,-150,0.6240709088061184,0.6,3
310,50,160,0.6240709088061184,0.6,3
310,50,170,0.6240709088061184,0.6,3
310,60,-180,0.6240709088061184,0.6,3
310,60,-170,0.6240709088061184,0.6,3
310,60,-160,0.6240709088061184,0.6,3
310,60,-150,0.6240709088061184,0.6,3
310,60,160,0.6240709088061184,0.6,3
310,60,170,0.6240709088061184,0.6,3
310,70,-140,0.6240709088061184,0.6,3
310,80,-140,0.6240709088061184,0.6,3
320,10,140,0.6240709088061184,0.6,3
320,10,150,0.6240709088061184,0.6,3
320,10,160,0.6240709088061184,0.6,3
320,20,120,0.6240709088061184,0.6,3
320,20,130,0.6240709088061184,0.6,3
320,20,140,0.6240709088061184,0.6,3
320,20,150,0.6240709088061184,0.6,3
320,20,160,0.6240709088061184,0.6,3
320,30,-180,0.6240709088061184,0.6,3
320,30,-170,0.6240709088061184,0.6,3
320,30,-160,0.6240709088061184,0.6,3
320,30,-150,0.6240709088061184,0.6,3
320,30,170,0.6240709088061184,0.6,3
320,40,-180,0.6240709088061184,0.6,3
320,40,-170,0.6240709088061184,0.6,3
320,40,-160,0.6240709088061184,0.6,3
320,40,-150,0.6240709088061184,0.6,3
320,40,170,0.6240709088061184,0.6,3
320,50,-180,0.6240709088061184,0.6,3
320,50,-170,0.6240709088061184,0.6,3
320,50,-160,0.6240709088061184,0.6,3
320,50,-150,0.6240709088061184,0.6,3
320,50,-140,0.6240709088061184,0.6,3
320,50,170,0.6240709088061184,0.6,3
320,60,-180,0.6240709088061184,0.6,3
320,60,-170,0.6240709088061184,0.6,3
320,60,-160,0.6240709088061184,0.6,3
320,60,-150,0.6240709088061184,0.6,3
320,60,-140,0.6240709088061184,0.6,3
320,60,170,0.6240709088061184,0.6,3
320,70,-180,0.6240709088061184,0.6,3
320,70,-170,0.6240709088061184,0.6,3
320,70,-160,0.6240709088061184,0.6,3
320,70,-150,0.6240709088061184,0.6,3
320,70,-140,0.6240709088061184,0.6,3
320,70,170,0.6240709088061184,0.6,3
330,10,150,0.6240709088061184,0.6,3
330,10,160,0.6240709088061184,0.6,3
330,10,170,0.6240709088061184,0.6,3
330,20,140,0.6240709088061184,0.6,3
330,20,150,0.6240709088061184,0.6,3
330,20,160,0.6240709088061184,0.6,3
330,20,170,0.6240709088061184,0.6,3
330,30,-180,0.6240709088061184,0.6,3
330,30,-170,0.6240709088061184,0.6,3
330,30,-160,0.6240709088061184,0.6,3
330,30,-150,0.6240709088061184,0.6,3
330,30,-140,0.6240709088061184,0.6,3
330,40,-180,0.6240709088061184,0.6,3
330,40,-170,0.6240709088061184,0.6,3
330,40,-160,0.6240709088061184,0.6,3
330,40,-150,0.6240709088061184,0.6,3
330,40,-140,0.6240709088061184,0.6,3
330,50,-180,0.6240709088061184,0.6,3
330,50,-170,0.6240709088061184,0.6,3
330,50,-160,0.6240709088061184,0.6,3
330,50,-150,0.6240709088061184,0.6,3
330,50,-140,0.6240709088061184,0.6,3
330,60,-180,0.6240709088061184,0.6,3
330,60,-170,0.6240709088061184,0.6,3
330,60,-160,0.6240709088061184,0.6,3
330,60,-150,0.6240709088061184,0.6,3
330,60,-140,0.6240709088061184,0.6,3
330,70,-180,0.6240709088061184,0.6,3
330,70,-170,0.6240709088061184,0.6,3
330,70,-160,0.6240709088061184,0.6,3
330,70,-150,0.6240709088061184,0.6,3
330,70,-140,0.6240709088061184,0.6,3
340,10,-180,0.6240709088061184,0.6,3
340,10,160,0.6240709088061184,0.6,3
340,10,170,0.6240709088061184,0.6,3
340,20,-180,0.6240709088061184,0.6,3
340,20,150,0.6240709088061184,0.6,3
340,20,160,0.6240709088061184,0.6,3
340,20,170,0.6240709088061184,0.6,3
340,30,-170,0.6240709088061184,0.6,3
340,30,-160,0.6240709088061184,0.6,3
340,30,-150,0.6240709088061184,0.6,3
340,30,-140,0.6240709088061184,0.6,3
340,30,-130,0.6240709088061184,0.6,3
340,40,-170,0.6240709088061184,0.6,3
340,40,-160,0.6240709088061184,0.6,3
340,40,-150,0.6240709088061184,0.6,3
340,40,-140,0.6240709088061184,0.6,3
340,40,-130,0.6240709088061184,0.6,3
340,50,-170,0.6240709088061184,0.6,3
340,50,-160,0.6240709088061184,0.6,3
340,50,-150,0.6240709088061184,0.6,3
340,50,-140,0.6240709088061184,0.6,3
340,50,-130,0.6240709088061184,0.6,3
340,60,-170,0.6240709088061184,0.6,3
340,60,-160,0.6240709088061184,0.6,3
340,60,-150,0.6240709088061184,0.6,3
340,60,-140,0.6240709088061184,0.6,3
340,70,-170,0.6240709088061184,0.6,3
340,70,-160,0.6240709088061184,0.6,3
340,70,-150,0.6240709088061184,0.6,3
340,80,-170,0.6240709088061184,0.6,3
340,80,-160,0.6240709088061184,0.6,3
350,10,-180,0.6240709088061184,0.6,3
350,10,-170,0.6240709088061184,0.6,3
350,10,170,0.6240709088061184,0.6,3
350,20,-180,0.6240709088061184,0.6,3
350,20,-170,0.6240709088061184,0.6,3
350,20,170,0.6240709088061184,0.6,3
350,30,-160,0.6240709088061184,0.6,3
350,30,-150,0.6240709088061184,0.6,3
350,30,-140,0.6240709088061184,0.6,3
350,30,-130,0.6240709088061184,0.6,3
350,30,-120,0.6240709088061184,0.6,3
350,40,-160,0.6240709088061184,0.6,3
350,40,-150,0.6240709088061184,0.6,3
350,40,-140,0.6240709088061184,0.6,3
350,40,-130,0.6240709088061184,0.6,3
350,40,-120,0.6240709088061184,0.6,3
350,50,-160,0.6240709088061184,0.6,3
350,50,-150,0.6240709088061184,0.6,3
350,50,-140,0.6240709088061184,0.6,3
350,50,-130,0.6240709088061184,0.6,3
350,60,-160,0.6240709088061184,0.6,3
350,60,-150,0.6240709088061184,0.6,3
20,90,-140,0.6249005033933345,0.6,3
20,90,-130,0.6249005033933345,0.6,3
40,50,-70,0.6249005033933345,0.6,3
50,10,60,0.6249005033933345,0.6,3
50,10,70,0.6249005033933345,0.6,3
50,60,-70,0.6249005033933345,0.6,3
50,60,-60,0.6249005033933345,0.6,3
60,10,70,0.6249005033933345,0.6,3
60,10,80,0.6249005033933345,0.6,3
60,60,-60,0.6249005033933345,0.6,3
60,70,-60,0.6249005033933345,0.6,3
60,70,-50,0.6249005033933345,0.6,3
60,80,-70,0.6249005033933345,0.6,3
60,80,-60,0.6249005033933345,0.6,3
60,80,-50,0.6249005033933345,0.6,3
70,10,80,0.6249005033933345,0.6,3
70,10,90,0.6249005033933345,0.6,3
70,70,-60,0.6249005033933345,0.6,3
70,70,-50,0.6249005033933345,0.6,3
70,80,-70,0.6249005033933345,0.6,3
70,80,-60,0.6249005033933345,0.6,3
70,80,-50,0.6249005033933345,0.6,3
70,90,-80,0.6249005033933345,0.6,3
70,90,-70,0.6249005033933345,0.6,3
70,90,-60,0.6249005033933345,0.6,3
70,90,-50,0.6249005033933345,0.6,3
80,10,90,0.6249005033933345,0.6,3
80,10,100,0.6249005033933345,0.6,3
80,70,-50,0.6249005033933345,0.6,3
80,80,-60,0.6249005033933345,0.6,3
80,80,-50,0.6249005033933345,0.6,3
80,90,-80,0.6249005033933345,0.6,3
80,90,-70,0.6249005033933345,0.6,3
80,90,-60,0.6249005033933345,0.6,3
80,90,-50,0.6249005033933345,0.6,3
90,10,100,0.6249005033933345,0.6,3
90,10,110,0.6249005033933345,0.6,3
90,80,-50,0.6249005033933345,0.6,3
90,90,-70,0.6249005033933345,0.6,3
90,90,-60,0.6249005033933345,0.6,3
90,90,-50,0.6249005033933345,0.6,3
100,10,110,0.6249005033933345,0.6,3
100,10,120,0.6249005033933345,0.6,3
110,10,120,0.6249005033933345,0.6,3
110,10,130,0.6249005033933345,0.6,3
120,10,130,0.6249005033933345,0.6,3
120,10,140,0.6249005033933345,0.6,3
130,10,140,0.6249005033933345,0.6,3
130,10,150,0.6249005033933345,0.6,3
130,20,140,0.6249005033933345,0.6,3
140,10,150,0.6249005033933345,0.6,3
140,10,160,0.6249005033933345,0.6,3
140,20,150,0.6249005033933345,0.6,3
140,20,160,0.6249005033933345,0.6,3
140,30,150,0.6249005033933345,0.6,3
150,10,160,0.6249005033933345,0.6,3
150,10,170,0.6249005033933345,0.6,3
150,20,160,0.6249005033933345,0.6,3
150,20,170,0.6249005033933345,0.6,3
150,30,160,0.6249005033933345,0.6,3
150,30,170,0.6249005033933345,0.6,3
150,40,160,0.6249005033933345,0.6,3
150,40,170,0.6249005033933345,0.6,3
150,50,150,0.6249005033933345,0.6,3
160,10,-180,0.6249005033933345,0.6,3
160,10,170,0.6249005033933345,0.6,3
160,20,-180,0.6249005033933345,0.6,3
160,20,170,0.6249005033933345,0.6,3
160,30,-180,0.6249005033933345,0.6,3
160,30,170,0.6249005033933345,0.6,3
160,40,-180,0.6249005033933345,0.6,3
160,40,-170,0.6249005033933345,0.6,3
160,40,170,0.6249005033933345,0.6,3
160,50,150,0.6249005033933345,0.6,3
160,50,160,0.6249005033933345,0.6,3
160,60,130,0.6249005033933345,0.6,3
160,60,140,0.6249005033933345,0.6,3
170,10,-180,0.6249005033933345,0.6,3
170,10,-170,0.6249005033933345,0.6,3
170,10,170,0.6249005033933345,0.6,3
170,20,-180,0.6249005033933345,0.6,3
170,20,-170,0.6249005033933345,0.6,3
170,20,-160,0.6249005033933345,0.6,3
170,30,-180,0.6249005033933345,0.6,3
170,30,-170,0.6249005033933345,0.6,3
170,30,-160,0.6249005033933345,0.6,3
170,40,-180,0.6249005033933345,0.6,3
170,40,-170,0.6249005033933345,0.6,3
170,40,-160,0.6249005033933345,0.6,3
170,40,-150,0.6249005033933345,0.6,3
170,50,140,0.6249005033933345,0.6,3
170,50,150,0.6249005033933345,0.6,3
170,60,140,0.6249005033933345,0.6,3
170,60,150,0.6249005033933345,0.6,3
170,70,140,0.6249005033933345,0.6,3
170,70,150,0.6249005033933345,0.6,3
170,80,150,0.6249005033933345,0.6,3
180,20,-180,0.6249005033933345,0.6,3
180,20,-170,0.6249005033933345,0.6,3
180,20,-160,0.6249005033933345,0.6,3
180,20,-150,0.6249005033933345,0.6,3
180,30,-180,0.6249005033933345,0.6,3
180,30,-170,0.6249005033933345,0.6,3
180,30,-160,0.6249005033933345,0.6,3
180,30,-150,0.6249005033933345,0.6,3
180,40,-180,0.6249005033933345,0.6,3
180,40,-170,0.6249005033933345,0.6,3
180,40,-160,0.6249005033933345,0.6,3
180,40,-150,0.6249005033933345,0.6,3
180,40,-140,0.6249005033933345,0.6,3
180,40,-130,0.6249005033933345,0.6,3
180,50,140,0.6249005033933345,0.6,3
180,50,150,0.6249005033933345,0.6,3
180,50,160,0.6249005033933345,0.6,3
180,60,140,0.6249005033933345,0.6,3
180,60,150,0.6249005033933345,0.6,3
180,60,160,0.6249005033933345,0.6,3
180,70,140,0.6249005033933345,0.6,3
180,70,150,0.6249005033933345,0.6,3
180,70,160,0.6249005033933345,0.6,3
180,80,130,0.6249005033933345,0.6,3
190,30,-170,0.6249005033933345,0.6,3
190,30,-160,0.6249005033933345,0.6,3
190,30,-150,0.6249005033933345,0.6,3
190,30,-140,0.6249005033933345,0.6,3
190,30,-130,0.6249005033933345,0.6,3
190,40,-170,0.6249005033933345,0.6,3
190,40,-160,0.6249005033933345,0.6,3
190,40,-150,0.6249005033933345,0.6,3
190,40,-140,0.6249005033933345,0.6,3
190,40,-130,0.6249005033933345,0.6,3
190,40,-120,0.6249005033933345,0.6,3
190,50,150,0.6249005033933345,0.6,3
190,50,160,0.6249005033933345,0.6,3
190,60,150,0.6249005033933345,0.6,3
190,60,160,0.6249005033933345,0.6,3
190,70,110,0.6249005033933345,0.6,3
190,70,120,0.6249005033933345,0.6,3
190,70,130,0.6249005033933345,0.6,3
190,70,140,0.6249005033933345,0.6,3
190,80,130,0.6249005033933345,0.6,3
190,80,140,0.6249005033933345,0.6,3
200,80,120,0.6249005033933345,0.6,3
200,80,130,0.6249005033933345,0.6,3
200,80,140,0.6249005033933345,0.6,3
200,90,130,0.6249005033933345,0.6,3
200,90,140,0.6249005033933345,0.6,3
250,80,50,0.6249005033933345,0.6,3
250,80,60,0.6249005033933345,0.6,3
250,80,70,0.6249005033933345,0.6,3
250,80,80,0.6249005033933345,0.6,3
250,80,90,0.6249005033933345,0.6,3
250,90,50,0.6249005033933345,0.6,3
250,90,60,0.6249005033933345,0.6,3
250,90,70,0.6249005033933345,0.6,3
250,90,80,0.6249005033933345,0.6,3
260,70,40,0.6249005033933345,0.6,3
260,80,50,0.6249005033933345,0.6,3
260,80,60,0.6249005033933345,0.6,3
260,80,70,0.6249005033933345,0.6,3
260,80,80,0.6249005033933345,0.6,3
260,80,90,0.6249005033933345,0.6,3
260,90,50,0.6249005033933345,0.6,3
260,90,60,0.6249005033933345,0.6,3
260,90,70,0.6249005033933345,0.6,3
260,90,80,0.6249005033933345,0.6,3
270,50,20,0.6249005033933345,0.6,3
270,50,30,0.6249005033933345,0.6,3
270,50,40,0.6249005033933345,0.6,3
270,60,20,0.6249005033933345,0.6,3
270,60,30,0.6249005033933345,0.6,3
270,60,40,0.6249005033933345,0.6,3
270,90,50,0.6249005033933345,0.6,3
270,90,60,0.6249005033933345,0.6,3
270,90,70,0.6249005033933345,0.6,3
280,50,30,0.6249005033933345,0.6,3
280,50,40,0.6249005033933345,0.6,3
280,60,30,0.6249005033933345,0.6,3
280,60,40,0.6249005033933345,0.6,3
280,70,30,0.6249005033933345,0.6,3
280,70,40,0.6249005033933345,0.6,3
290,40,0,0.6249005033933345,0.6,3
290,40,10,0.6249005033933345,0.6,3
290,40,20,0.6249005033933345,0.6,3
290,50,0,0.6249005033933345,0.6,3
290,50,10,0.6249005033933345,0.6,3
290,50,20,0.6249005033933345,0.6,3
290,60,30,0.6249005033933345,0.6,3
290,60,40,0.6249005033933345,0.6,3
290,70,30,0.6249005033933345,0.6,3
290,70,40,0.6249005033933345,0.6,3
290,80,40,0.6249005033933345,0.6,3
300,40,20,0.6249005033933345,0.6,3
300,40,30,0.6249005033933345,0.6,3
300,50,20,0.6249005033933345,0.6,3
300,50,30,0.6249005033933345,0.6,3
300,60,40,0.6249005033933345,0.6,3
300,60,50,0.6249005033933345,0.6,3
300,70,40,0.6249005033933345,0.6,3
310,30,30,0.6249005033933345,0.6,3
310,30,40,0.6249005033933345,0.6,3
310,40,30,0.6249005033933345,0.6,3
310,40,40,0.6249005033933345,0.6,3
320,30,40,0.6249005033933345,0.6,3
320,30,50,0.6249005033933345,0.6,3
320,40,40,0.6249005033933345,0.6,3
330,30,50,0.6249005033933345,0.6,3
330,40,50,0.6249005033933345,0.6,3
340,30,60,0.6249005033933345,0.6,3
350,30,70,0.6249005033933345,0.6,3
30,30,-70,0.6318336511513798,0.6,3
30,30,-60,0.6318336511513798,0.6,3
30,30,-50,0.6318336511513798,0.6,3
30,30,-40,0.6318336511513798,0.6,3
30,30,-30,0.6318336511513798,0.6,3
30,30,-20,0.6318336511513798,0.6,3
30,30,-10,0.6318336511513798,0.6,3
30,30,0,0.6318336511513798,0.6,3
30,30,10,0.6318336511513798,0.6,3
30,40,-80,0.6318336511513798,0.6,3
30,40,-70,0.6318336511513798,0.6,3
30,40,-60,0.6318336511513798,0.6,3
30,40,-50,0.6318336511513798,0.6,3
30,40,-40,0.6318336511513798,0.6,3
30,40,-30,0.6318336511513798,0.6,3
30,40,-20,0.6318336511513798,0.6,3
30,40,-10,0.6318336511513798,0.6,3
30,40,0,0.6318336511513798,0.6,3
30,40,10,0.6318336511513798,0.6,3
30,40,20,0.6318336511513798,0.6,3
30,40,30,0.6318336511513798,0.6,3
30,50,50,0.6318336511513798,0.6,3
30,50,60,0.6318336511513798,0.6,3
30,60,50,0.6318336511513798,0.6,3
40,20,-40,0.6318336511513798,0.6,3
40,20,-30,0.6318336511513798,0.6,3
40,20,-20,0.6318336511513798,0.6,3
40,20,-10,0.6318336511513798,0.6,3
40,20,0,0.6318336511513798,0.6,3
40,20,10,0.6318336511513798,0.6,3
40,20,20,0.6318336511513798,0.6,3
40,30,-60,0.6318336511513798,0.6,3
40,30,-50,0.6318336511513798,0.6,3
40,30,-40,0.6318336511513798,0.6,3
40,30,-30,0.6318336511513798,0.6,3
40,30,-20,0.6318336511513798,0.6,3
40,30,-10,0.6318336511513798,0.6,3
40,30,0,0.6318336511513798,0.6,3
40,30,10,0.6318336511513798,0.6,3
40,30,20,0.6318336511513798,0.6,3
40,30,30,0.6318336511513798,0.6,3
40,40,-70,0.6318336511513798,0.6,3
40,40,-60,0.6318336511513798,0.6,3
40,40,-50,0.6318336511513798,0.6,3
40,40,-40,0.6318336511513798,0.6,3
40,40,-30,0.6318336511513798,0.6,3
40,40,-20,0.6318336511513798,0.6,3
40,40,-10,0.6318336511513798,0.6,3
40,40,0,0.6318336511513798,0.6,3
40,40,10,0.6318336511513798,0.6,3
40,40,20,0.6318336511513798,0.6,3
40,40,30,0.6318336511513798,0.6,3
40,40,40,0.6318336511513798,0.6,3
40,40,50,0.6318336511513798,0.6,3
40,50,-60,0.6318336511513798,0.6,3
40,50,-50,0.6318336511513798,0.6,3
40,50,-40,0.6318336511513798,0.6,3
40,50,-30,0.6318336511513798,0.6,3
40,50,-20,0.6318336511513798,0.6,3
40,50,-10,0.6318336511513798,0.6,3
40,50,0,0.6318336511513798,0.6,3
40,50,10,0.6318336511513798,0.6,3
40,50,20,0.6318336511513798,0.6,3
40,50,30,0.6318336511513798,0.6,3
40,50,40,0.6318336511513798,0.6,3
40,50,50,0.6318336511513798,0.6,3
50,10,-20,0.6318336511513798,0.6,3
50,10,-10,0.6318336511513798,0.6,3
50,10,0,0.6318336511513798,0.6,3
50,10,10,0.6318336511513798,0.6,3
50,10,20,0.6318336511513798,0.6,3
50,10,30,0.6318336511513798,0.6,3
50,20,-30,0.6318336511513798,0.6,3
50,20,-20,0.6318336511513798,0.6,3
50,20,-10,0.6318336511513798,0.6,3
50,20,0,0.6318336511513798,0.6,3
50,20,10,0.6318336511513798,0.6,3
50,20,20,0.6318336511513798,0.6,3
50,20,30,0.6318336511513798,0.6,3
50,20,40,0.6318336511513798,0.6,3
50,30,-40,0.6318336511513798,0.6,3
50,30,-30,0.6318336511513798,0.6,3
50,30,-20,0.6318336511513798,0.6,3
50,30,-10,0.6318336511513798,0.6,3
50,30,0,0.6318336511513798,0.6,3
50,30,10,0.6318336511513798,0.6,3
50,30,20,0.6318336511513798,0.6,3
50,30,30,0.6318336511513798,0.6,3
50,30,40,0.6318336511513798,0.6,3
50,30,50,0.6318336511513798,0.6,3
50,40,-60,0.6318336511513798,0.6,3
50,40,-50,0.6318336511513798,0.6,3
50,40,-40,0.6318336511513798,0.6,3
50,40,-30,0.6318336511513798,0.6,3
50,40,-20,0.6318336511513798,0.6,3
50,40,-10,0.6318336511513798,0.6,3
50,40,0,0.6318336511513798,0.6,3
50,40,10,0.6318336511513798,0.6,3
50,40,20,0.6318336511513798,0.6,3
50,40,30,0.6318336511513798,0.6,3
50,40,40,0.6318336511513798,0.6,3
50,40,50,0.6318336511513798,0.6,3
50,40,60,0.6318336511513798,0.6,3
50,50,-60,0.6318336511513798,0.6,3
50,50,-50,0.6318336511513798,0.6,3
50,50,-40,0.6318336511513798,0.6,3
50,50,-30,0.6318336511513798,0.6,3
50,50,-20,0.6318336511513798,0.6,3
50,50,-10,0.6318336511513798,0.6,3
50,50,0,0.6318336511513798,0.6,3
50,50,10,0.6318336511513798,0.6,3
50,50,20,0.6318336511513798,0.6,3
50,50,30,0.6318336511513798,0.6,3
50,50,40,0.6318336511513798,0.6,3
50,50,50,0.6318336511513798,0.6,3
50,50,60,0.6318336511513798,0.6,3
50,60,-40,0.6318336511513798,0.6,3
50,60,-30,0.6318336511513798,0.6,3
50,60,-20,0.6318336511513798,0.6,3
50,60,-10,0.6318336511513798,0.6,3
50,60,0,0.6318336511513798,0.6,3
50,60,10,0.6318336511513798,0.6,3
50,60,20,0.6318336511513798,0.6,3
50,60,30,0.6318336511513798,0.6,3
50,60,40,0.6318336511513798,0.6,3
60,10,-10,0.6318336511513798,0.6,3
60,10,0,0.6318336511513798,0.6,3
60,10,10,0.6318336511513798,0.6,3
60,10,20,0.6318336511513798,0.6,3
60,10,30,0.6318336511513798,0.6,3
60,10,40,0.6318336511513798,0.6,3
60,20,-10,0.6318336511513798,0.6,3
60,20,0,0.6318336511513798,0.6,3
60,20,10,0.6318336511513798,0.6,3
60,20,20,0.6318336511513798,0.6,3
60,20,30,0.6318336511513798,0.6,3
60,20,40,0.6318336511513798,0.6,3
60,20,50,0.6318336511513798,0.6,3
60,30,-20,0.6318336511513798,0.6,3
60,30,-10,0.6318336511513798,0.6,3
60,30,0,0.6318336511513798,0.6,3
60,30,10,0.6318336511513798,0.6,3
60,30,20,0.6318336511513798,0.6,3
60,30,30,0.6318336511513798,0.6,3
60,30,40,0.6318336511513798,0.6,3
60,30,50,0.6318336511513798,0.6,3
60,30,60,0.6318336511513798,0.6,3
60,40,-50,0.6318336511513798,0.6,3
60,40,-40,0.6318336511513798,0.6,3
60,40,-30,0.6318336511513798,0.6,3
60,40,-20,0.6318336511513798,0.6,3
60,40,-10,0.6318336511513798,0.6,3
60,40,0,0.6318336511513798,0.6,3
60,40,10,0.6318336511513798,0.6,3
60,40,20,0.6318336511513798,0.6,3
60,40,30,0.6318336511513798,0.6,3
60,40,40,0.6318336511513798,0.6,3
60,40,50,0.6318336511513798,0.6,3
60,40,60,0.6318336511513798,0.6,3
60,50,-50,0.6318336511513798,0.6,3
60,50,-40,0.6318336511513798,0.6,3
60,50,-30,0.6318336511513798,0.6,3
60,50,-20,0.6318336511513798,0.6,3
60,50,-10,0.6318336511513798,0.6,3
60,50,0,0.6318336511513798,0.6,3
60,50,10,0.6318336511513798,0.6,3
60,50,20,0.6318336511513798,0.6,3
60,50,30,0.6318336511513798,0.6,3
60,50,40,0.6318336511513798,0.6,3
60,50,50,0.6318336511513798,0.6,3
60,60,-50,0.6318336511513798,0.6,3
60,60,-40,0.6318336511513798,0.6,3
60,60,-30,0.6318336511513798,0.6,3
60,60,-20,0.6318336511513798,0.6,3
60,60,-10,0.6318336511513798,0.6,3
60,60,0,0.6318336511513798,0.6,3
60,60,10,0.6318336511513798,0.6,3
60,60,20,0.6318336511513798,0.6,3
60,70,-40,0.6318336511513798,0.6,3
60,70,-30,0.6318336511513798,0.6,3
60,70,-20,0.6318336511513798,0.6,3
60,70,-10,0.6318336511513798,0.6,3
60,70,0,0.6318336511513798,0.6,3
60,70,10,0.6318336511513798,0.6,3
60,80,-30,0.6318336511513798,0.6,3
60,80,-20,0.6318336511513798,0.6,3
60,80,-10,0.6318336511513798,0.6,3
60,80,0,0.6318336511513798,0.6,3
60,80,10,0.6318336511513798,0.6,3
70,10,0,0.6318336511513798,0.6,3
70,10,10,0.6318336511513798,0.6,3
70,10,20,0.6318336511513798,0.6,3
70,10,30,0.6318336511513798,0.6,3
70,10,40,0.6318336511513798,0.6,3
70,10,50,0.6318336511513798,0.6,3
70,20,0,0.6318336511513798,0.6,3
70,20,10,0.6318336511513798,0.6,3
70,20,20,0.6318336511513798,0.6,3
70,20,30,0.6318336511513798,0.6,3
70,20,40,0.6318336511513798,0.6,3
70,20,50,0.6318336511513798,0.6,3
70,20,60,0.6318336511513798,0.6,3
70,30,0,0.6318336511513798,0.6,3
70,30,10,0.6318336511513798,0.6,3
70,30,20,0.6318336511513798,0.6,3
70,30,30,0.6318336511513798,0.6,3
70,30,40,0.6318336511513798,0.6,3
70,30,50,0.6318336511513798,0.6,3
70,30,60,0.6318336511513798,0.6,3
70,30,70,0.6318336511513798,0.6,3
70,30,80,0.6318336511513798,0.6,3
70,40,0,0.6318336511513798,0.6,3
70,40,10,0.6318336511513798,0.6,3
70,40,20,0.6318336511513798,0.6,3
70,40,30,0.6318336511513798,0.6,3
70,40,40,0.6318336511513798,0.6,3
70,40,50,0.6318336511513798,0.6,3
70,40,60,0.6318336511513798,0.6,3
70,40,70,0.6318336511513798,0.6,3
70,50,-50,0.6318336511513798,0.6,3
70,50,-40,0.6318336511513798,0.6,3
70,50,-30,0.6318336511513798,0.6,3
70,50,-20,0.6318336511513798,0.6,3
70,50,-10,0.6318336511513798,0.6,3
70,50,0,0.6318336511513798,0.6,3
70,60,-50,0.6318336511513798,0.6,3
70,60,-40,0.6318336511513798,0.6,3
70,60,-30,0.6318336511513798,0.6,3
70,60,-20,0.6318336511513798,0.6,3
70,60,-10,0.6318336511513798,0.6,3
70,60,0,0.6318336511513798,0.6,3
70,70,-40,0.6318336511513798,0.6,3
70,70,-30,0.6318336511513798,0.6,3
70,70,-20,0.6318336511513798,0.6,3
70,70,-10,0.6318336511513798,0.6,3
70,70,0,0.6318336511513798,0.6,3
70,80,-40,0.6318336511513798,0.6,3
70,80,-30,0.6318336511513798,0.6,3
70,80,-20,0.6318336511513798,0.6,3
70,80,-10,0.6318336511513798,0.6,3
70,80,0,0.6318336511513798,0.6,3
70,90,-30,0.6318336511513798,0.6,3
70,90,-20,0.6318336511513798,0.6,3
70,90,-10,0.6318336511513798,0.6,3
70,90,0,0.6318336511513798,0.6,3
80,10,20,0.6318336511513798,0.6,3
80,10,30,0.6318336511513798,0.6,3
80,10,40,0.6318336511513798,0.6,3
80,10,50,0.6318336511513798,0.6,3
80,10,60,0.6318336511513798,0.6,3
80,20,20,0.6318336511513798,0.6,3
80,20,30,0.6318336511513798,0.6,3
80,20,40,0.6318336511513798,0.6,3
80,20,50,0.6318336511513798,0.6,3
80,20,60,0.6318336511513798,0.6,3
80,20,70,0.6318336511513798,0.6,3
80,30,30,0.6318336511513798,0.6,3
80,30,40,0.6318336511513798,0.6,3
80,30,50,0.6318336511513798,0.6,3
80,30,60,0.6318336511513798,0.6,3
80,30,70,0.6318336511513798,0.6,3
80,30,80,0.6318336511513798,0.6,3
80,40,60,0.6318336511513798,0.6,3
80,40,70,0.6318336511513798,0.6,3
80,40,80,0.6318336511513798,0.6,3
80,60,-40,0.6318336511513798,0.6,3
80,60,-30,0.6318336511513798,0.6,3
80,70,-40,0.6318336511513798,0.6,3
80,70,-30,0.6318336511513798,0.6,3
80,70,-20,0.6318336511513798,0.6,3
80,80,-40,0.6318336511513798,0.6,3
80,80,-30,0.6318336511513798,0.6,3
80,80,-20,0.6318336511513798,0.6,3
80,90,-40,0.6318336511513798,0.6,3
80,90,-30,0.6318336511513798,0.6,3
80,90,-20,0.6318336511513798,0.6,3
80,90,-10,0.6318336511513798,0.6,3
90,10,30,0.6318336511513798,0.6,3
90,10,40,0.6318336511513798,0.6,3
90,10,50,0.6318336511513798,0.6,3
90,10,60,0.6318336511513798,0.6,3
90,10,70,0.6318336511513798,0.6,3
90,20,40,0.6318336511513798,0.6,3
90,20,50,0.6318336511513798,0.6,3
90,20,60,0.6318336511513798,0.6,3
90,20,70,0.6318336511513798,0.6,3
90,20,80,0.6318336511513798,0.6,3
90,30,50,0.6318336511513798,0.6,3
90,30,60,0.6318336511513798,0.6,3
90,30,70,0.6318336511513798,0.6,3
90,30,80,0.6318336511513798,0.6,3
90,30,90,0.6318336511513798,0.6,3
90,40,80,0.6318336511513798,0.6,3
90,40,90,0.6318336511513798,0.6,3
90,70,-40,0.6318336511513798,0.6,3
90,70,-30,0.6318336511513798,0.6,3
90,80,-40,0.6318336511513798,0.6,3
90,80,-30,0.6318336511513798,0.6,3
90,90,-40,0.6318336511513798,0.6,3
90,90,-30,0.6318336511513798,0.6,3
90,90,-20,0.6318336511513798,0.6,3
100,10,40,0.6318336511513798,0.6,3
100,10,50,0.6318336511513798,0.6,3
100,10,60,0.6318336511513798,0.6,3
100,10,70,0.6318336511513798,0.6,3
100,10,80,0.6318336511513798,0.6,3
100,20,50,0.6318336511513798,0.6,3
100,20,60,0.6318336511513798,0.6,3
100,20,70,0.6318336511513798,0.6,3
100,20,80,0.6318336511513798,0.6,3
100,20,90,0.6318336511513798,0.6,3
100,30,70,0.6318336511513798,0.6,3
100,30,80,0.6318336511513798,0.6,3
100,30,90,0.6318336511513798,0.6,3
100,30,100,0.6318336511513798,0.6,3
100,40,90,0.6318336511513798,0.6,3
110,10,50,0.6318336511513798,0.6,3
110,10,60,0.6318336511513798,0.6,3
110,10,70,0.6318336511513798,0.6,3
110,10,80,0.6318336511513798,0.6,3
110,10,90,0.6318336511513798,0.6,3
110,20,60,0.6318336511513798,0.6,3
110,20,70,0.6318336511513798,0.6,3
110,20,80,0.6318336511513798,0.6,3
110,20,90,0.6318336511513798,0.6,3
110,20,100,0.6318336511513798,0.6,3
110,30,80,0.6318336511513798,0.6,3
110,30,90,0.6318336511513798,0.6,3
110,30,100,0.6318336511513798,0.6,3
110,30,110,0.6318336511513798,0.6,3
110,40,100,0.6318336511513798,0.6,3
120,10,60,0.6318336511513798,0.6,3
120,10,70,0.6318336511513798,0.6,3
120,10,80,0.6318336511513798,0.6,3
120,10,90,0.6318336511513798,0.6,3
120,10,100,0.6318336511513798,0.6,3
120,20,80,0.6318336511513798,0.6,3
120,20,90,0.6318336511513798,0.6,3
120,20,100,0.6318336511513798,0.6,3
120,20,110,0.6318336511513798,0.6,3
120,30,90,0.6318336511513798,0.6,3
120,30,100,0.6318336511513798,0.6,3
120,30,110,0.6318336511513798,0.6,3
120,40,100,0.6318336511513798,0.6,3
120,40,110,0.6318336511513798,0.6,3
120,90,-130,0.6318336511513798,0.6,3
120,90,-120,0.6318336511513798,0.6,3
130,10,70,0.6318336511513798,0.6,3
130,10,80,0.6318336511513798,0.6,3
130,10,90,0.6318336511513798,0.6,3
130,10,100,0.6318336511513798,0.6,3
130,10,110,0.6318336511513798,0.6,3
130,20,90,0.6318336511513798,0.6,3
130,20,100,0.6318336511513798,0.6,3
130,20,110,0.6318336511513798,0.6,3
130,20,120,0.6318336511513798,0.6,3
130,30,100,0.6318336511513798,0.6,3
130,30,110,0.6318336511513798,0.6,3
130,30,120,0.6318336511513798,0.6,3
130,40,110,0.6318336511513798,0.6,3
130,40,120,0.6318336511513798,0.6,3
130,40,130,0.6318336511513798,0.6,3
130,90,-140,0.6318336511513798,0.6,3
130,90,-130,0.6318336511513798,0.6,3
130,90,-120,0.6318336511513798,0.6,3
130,90,-110,0.6318336511513798,0.6,3
140,10,80,0.6318336511513798,0.6,3
140,10,90,0.6318336511513798,0.6,3
140,10,100,0.6318336511513798,0.6,3
140,10,110,0.6318336511513798,0.6,3
140,10,120,0.6318336511513798,0.6,3
140,20,100,0.6318336511513798,0.6,3
140,20,110,0.6318336511513798,0.6,3
140,20,120,0.6318336511513798,0.6,3
140,30,110,0.6318336511513798,0.6,3
140,30,120,0.6318336511513798,0.6,3
140,30,130,0.6318336511513798,0.6,3
140,40,120,0.6318336511513798,0.6,3
140,40,130,0.6318336511513798,0.6,3
140,50,120,0.6318336511513798,0.6,3
140,50,130,0.6318336511513798,0.6,3
140,80,-140,0.6318336511513798,0.6,3
140,80,-130,0.6318336511513798,0.6,3
140,80,-120,0.6318336511513798,0.6,3
140,90,-150,0.6318336511513798,0.6,3
140,90,-140,0.6318336511513798,0.6,3
140,90,-130,0.6318336511513798,0.6,3
140,90,-120,0.6318336511513798,0.6,3
140,90,-110,0.6318336511513798,0.6,3
140,90,-100,0.6318336511513798,0.6,3
150,10,90,0.6318336511513798,0.6,3
150,10,100,0.6318336511513798,0.6,3
150,10,110,0.6318336511513798,0.6,3
150,10,120,0.6318336511513798,0.6,3
150,10,130,0.6318336511513798,0.6,3
150,20,100,0.6318336511513798,0.6,3
150,20,110,0.6318336511513798,0.6,3
150,20,120,0.6318336511513798,0.6,3
150,20,130,0.6318336511513798,0.6,3
150,30,110,0.6318336511513798,0.6,3
150,30,120,0.6318336511513798,0.6,3
150,30,130,0.6318336511513798,0.6,3
150,30,140,0.6318336511513798,0.6,3
150,40,120,0.6318336511513798,0.6,3
150,40,130,0.6318336511513798,0.6,3
150,40,140,0.6318336511513798,0.6,3
150,70,-150,0.6318336511513798,0.6,3
150,70,-140,0.6318336511513798,0.6,3
150,70,-130,0.6318336511513798,0.6,3
150,70,-120,0.6318336511513798,0.6,3
150,80,-160,0.6318336511513798,0.6,3
150,80,-150,0.6318336511513798,0.6,3
150,80,-140,0.6318336511513798,0.6,3
150,80,-130,0.6318336511513798,0.6,3
150,80,-120,0.6318336511513798,0.6,3
150,80,-110,0.6318336511513798,0.6,3
150,90,-170,0.6318336511513798,0.6,3
150,90,-160,0.6318336511513798,0.6,3
150,90,-150,0.6318336511513798,0.6,3
150,90,-140,0.6318336511513798,0.6,3
150,90,-130,0.6318336511513798,0.6,3
150,90,-120,0.6318336511513798,0.6,3
150,90,-110,0.6318336511513798,0.6,3
150,90,-100,0.6318336511513798,0.6,3
160,10,100,0.6318336511513798,0.6,3
160,10,110,0.6318336511513798,0.6,3
160,10,120,0.6318336511513798,0.6,3
160,10,130,0.6318336511513798,0.6,3
160,10,140,0.6318336511513798,0.6,3
160,20,110,0.6318336511513798,0.6,3
160,20,120,0.6318336511513798,0.6,3
160,20,130,0.6318336511513798,0.6,3
160,20,140,0.6318336511513798,0.6,3
160,30,120,0.6318336511513798,0.6,3
160,30,130,0.6318336511513798,0.6,3
160,30,140,0.6318336511513798,0.6,3
160,40,130,0.6318336511513798,0.6,3
160,40,140,0.6318336511513798,0.6,3
160,60,-180,0.6318336511513798,0.6,3
160,60,-170,0.6318336511513798,0.6,3
160,60,-160,0.6318336511513798,0.6,3
160,60,-150,0.6318336511513798,0.6,3
160,60,-140,0.6318336511513798,0.6,3
160,60,-130,0.6318336511513798,0.6,3
160,60,-120,0.6318336511513798,0.6,3
160,60,170,0.6318336511513798,0.6,3
160,70,-180,0.6318336511513798,0.6,3
160,70,-170,0.6318336511513798,0.6,3
160,70,-160,0.6318336511513798,0.6,3
160,70,-150,0.6318336511513798,0.6,3
160,70,-140,0.6318336511513798,0.6,3
160,70,-130,0.6318336511513798,0.6,3
160,70,-120,0.6318336511513798,0.6,3
160,70,170,0.6318336511513798,0.6,3
160,80,-180,0.6318336511513798,0.6,3
160,80,-170,0.6318336511513798,0.6,3
160,80,-160,0.6318336511513798,0.6,3
160,80,-150,0.6318336511513798,0.6,3
160,80,-140,0.6318336511513798,0.6,3
160,80,-130,0.6318336511513798,0.6,3
160,80,-120,0.6318336511513798,0.6,3
160,80,-110,0.6318336511513798,0.6,3
160,80,170,0.6318336511513798,0.6,3
160,90,-180,0.6318336511513798,0.6,3
160,90,-170,0.6318336511513798,0.6,3
160,90,-160,0.6318336511513798,0.6,3
160,90,-150,0.6318336511513798,0.6,3
160,90,-140,0.6318336511513798,0.6,3
160,90,-130,0.6318336511513798,0.6,3
160,90,-120,0.6318336511513798,0.6,3
160,90,-110,0.6318336511513798,0.6,3
160,90,-100,0.6318336511513798,0.6,3
160,90,170,0.6318336511513798,0.6,3
170,10,110,0.6318336511513798,0.6,3
170,10,120,0.6318336511513798,0.6,3
170,10,130,0.6318336511513798,0.6,3
170,10,140,0.6318336511513798,0.6,3
170,10,150,0.6318336511513798,0.6,3
170,20,120,0.6318336511513798,0.6,3
170,20,130,0.6318336511513798,0.6,3
170,20,140,0.6318336511513798,0.6,3
170,20,150,0.6318336511513798,0.6,3
170,30,130,0.6318336511513798,0.6,3
170,30,140,0.6318336511513798,0.6,3
170,30,150,0.6318336511513798,0.6,3
170,40,130,0.6318336511513798,0.6,3
170,40,140,0.6318336511513798,0.6,3
170,40,150,0.6318336511513798,0.6,3
170,50,-180,0.6318336511513798,0.6,3
170,50,-170,0.6318336511513798,0.6,3
170,50,-160,0.6318336511513798,0.6,3
170,50,-150,0.6318336511513798,0.6,3
170,50,-140,0.6318336511513798,0.6,3
170,50,-130,0.6318336511513798,0.6,3
170,60,-180,0.6318336511513798,0.6,3
170,60,-170,0.6318336511513798,0.6,3
170,60,-160,0.6318336511513798,0.6,3
170,60,-150,0.6318336511513798,0.6,3
170,60,-140,0.6318336511513798,0.6,3
170,60,-130,0.6318336511513798,0.6,3
170,60,-120,0.6318336511513798,0.6,3
170,70,-180,0.6318336511513798,0.6,3
170,70,-170,0.6318336511513798,0.6,3
170,70,-160,0.6318336511513798,0.6,3
170,70,-150,0.6318336511513798,0.6,3
170,70,-140,0.6318336511513798,0.6,3
170,70,-130,0.6318336511513798,0.6,3
170,70,-120,0.6318336511513798,0.6,3
170,70,-110,0.6318336511513798,0.6,3
170,80,-180,0.6318336511513798,0.6,3
170,80,-170,0.6318336511513798,0.6,3
170,80,-160,0.6318336511513798,0.6,3
170,80,-150,0.6318336511513798,0.6,3
170,80,-140,0.6318336511513798,0.6,3
170,80,-130,0.6318336511513798,0.6,3
170,80,-120,0.6318336511513798,0.6,3
170,80,-110,0.6318336511513798,0.6,3
170,80,170,0.6318336511513798,0.6,3
180,20,130,0.6318336511513798,0.6,3
180,20,140,0.6318336511513798,0.6,3
180,20,150,0.6318336511513798,0.6,3
180,20,160,0.6318336511513798,0.6,3
180,30,130,0.6318336511513798,0.6,3
180,30,140,0.6318336511513798,0.6,3
180,30,150,0.6318336511513798,0.6,3
180,30,160,0.6318336511513798,0.6,3
180,40,140,0.6318336511513798,0.6,3
180,40,150,0.6318336511513798,0.6,3
180,40,160,0.6318336511513798,0.6,3
180,50,-180,0.6318336511513798,0.6,3
180,50,-170,0.6318336511513798,0.6,3
180,50,-160,0.6318336511513798,0.6,3
180,50,-150,0.6318336511513798,0.6,3
180,50,-140,0.6318336511513798,0.6,3
180,50,-130,0.6318336511513798,0.6,3
180,50,-120,0.6318336511513798,0.6,3
180,60,-180,0.6318336511513798,0.6,3
180,60,-170,0.6318336511513798,0.6,3
180,60,-160,0.6318336511513798,0.6,3
180,60,-150,0.6318336511513798,0.6,3
180,60,-140,0.6318336511513798,0.6,3
180,60,-130,0.6318336511513798,0.6,3
180,60,-120,0.6318336511513798,0.6,3
180,60,-110,0.6318336511513798,0.6,3
180,70,-180,0.6318336511513798,0.6,3
180,70,-170,0.6318336511513798,0.6,3
180,70,-160,0.6318336511513798,0.6,3
180,70,-150,0.6318336511513798,0.6,3
180,70,-140,0.6318336511513798,0.6,3
180,70,-130,0.6318336511513798,0.6,3
180,70,-120,0.6318336511513798,0.6,3
180,70,-110,0.6318336511513798,0.6,3
190,30,140,0.6318336511513798,0.6,3
190,30,150,0.6318336511513798,0.6,3
190,30,160,0.6318336511513798,0.6,3
190,40,140,0.6318336511513798,0.6,3
190,40,150,0.6318336511513798,0.6,3
190,40,160,0.6318336511513798,0.6,3
190,50,-170,0.6318336511513798,0.6,3
190,50,-160,0.6318336511513798,0.6,3
190,50,-150,0.6318336511513798,0.6,3
190,50,-140,0.6318336511513798,0.6,3
190,50,-130,0.6318336511513798,0.6,3
190,50,-120,0.6318336511513798,0.6,3
190,50,-110,0.6318336511513798,0.6,3
190,60,-170,0.6318336511513798,0.6,3
190,60,-160,0.6318336511513798,0.6,3
190,60,-150,0.6318336511513798,0.6,3
190,60,-140,0.6318336511513798,0.6,3
190,60,-130,0.6318336511513798,0.6,3
190,60,-120,0.6318336511513798,0.6,3
190,60,-110,0.6318336511513798,0.6,3
190,60,-100,0.6318336511513798,0.6,3
240,50,110,0.6318336511513798,0.6,3
250,50,120,0.6318336511513798,0.6,3
250,80,0,0.6318336511513798,0.6,3
250,80,10,0.6318336511513798,0.6,3
250,80,20,0.6318336511513798,0.6,3
250,80,30,0.6318336511513798,0.6,3
250,90,0,0.6318336511513798,0.6,3
250,90,10,0.6318336511513798,0.6,3
250,90,20,0.6318336511513798,0.6,3
250,90,30,0.6318336511513798,0.6,3
260,50,130,0.6318336511513798,0.6,3
260,80,10,0.6318336511513798,0.6,3
260,80,20,0.6318336511513798,0.6,3
260,80,30,0.6318336511513798,0.6,3
260,90,10,0.6318336511513798,0.6,3
260,90,20,0.6318336511513798,0.6,3
260,90,30,0.6318336511513798,0.6,3
260,90,40,0.6318336511513798,0.6,3
270,50,60,0.6318336511513798,0.6,3
270,50,70,0.6318336511513798,0.6,3
270,50,80,0.6318336511513798,0.6,3
270,50,90,0.6318336511513798,0.6,3
270,50,100,0.6318336511513798,0.6,3
270,50,110,0.6318336511513798,0.6,3
270,50,120,0.6318336511513798,0.6,3
270,60,50,0.6318336511513798,0.6,3
270,60,60,0.6318336511513798,0.6,3
270,60,70,0.6318336511513798,0.6,3
270,60,80,0.6318336511513798,0.6,3
270,60,90,0.6318336511513798,0.6,3
270,60,100,0.6318336511513798,0.6,3
270,60,110,0.6318336511513798,0.6,3
270,60,120,0.6318336511513798,0.6,3
270,90,20,0.6318336511513798,0.6,3
270,90,30,0.6318336511513798,0.6,3
270,90,40,0.6318336511513798,0.6,3
280,50,60,0.6318336511513798,0.6,3
280,50,70,0.6318336511513798,0.6,3
280,50,80,0.6318336511513798,0.6,3
280,50,90,0.6318336511513798,0.6,3
280,50,100,0.6318336511513798,0.6,3
280,50,110,0.6318336511513798,0.6,3
280,50,120,0.6318336511513798,0.6,3
280,50,130,0.6318336511513798,0.6,3
280,60,60,0.6318336511513798,0.6,3
280,60,70,0.6318336511513798,0.6,3
280,60,80,0.6318336511513798,0.6,3
280,60,90,0.6318336511513798,0.6,3
280,60,100,0.6318336511513798,0.6,3
280,60,110,0.6318336511513798,0.6,3
280,60,120,0.6318336511513798,0.6,3
280,60,130,0.6318336511513798,0.6,3
280,70,50,0.6318336511513798,0.6,3
280,70,60,0.6318336511513798,0.6,3
280,70,70,0.6318336511513798,0.6,3
280,70,80,0.6318336511513798,0.6,3
280,70,90,0.6318336511513798,0.6,3
280,70,100,0.6318336511513798,0.6,3
280,70,110,0.6318336511513798,0.6,3
280,70,120,0.6318336511513798,0.6,3
290,60,60,0.6318336511513798,0.6,3
290,60,70,0.6318336511513798,0.6,3
290,60,80,0.6318336511513798,0.6,3
290,60,90,0.6318336511513798,0.6,3
290,60,100,0.6318336511513798,0.6,3
290,60,110,0.6318336511513798,0.6,3
290,60,120,0.6318336511513798,0.6,3
290,60,130,0.6318336511513798,0.6,3
290,70,50,0.6318336511513798,0.6,3
290,70,60,0.6318336511513798,0.6,3
290,70,70,0.6318336511513798,0.6,3
290,70,80,0.6318336511513798,0.6,3
290,70,90,0.6318336511513798,0.6,3
290,70,100,0.6318336511513798,0.6,3
290,70,110,0.6318336511513798,0.6,3
290,70,120,0.6318336511513798,0.6,3
290,70,130,0.6318336511513798,0.6,3
290,80,50,0.6318336511513798,0.6,3
290,80,60,0.6318336511513798,0.6,3
290,80,70,0.6318336511513798,0.6,3
290,80,80,0.6318336511513798,0.6,3
290,80,90,0.6318336511513798,0.6,3
290,80,100,0.6318336511513798,0.6,3
290,80,110,0.6318336511513798,0.6,3
290,80,120,0.6318336511513798,0.6,3
290,80,130,0.6318336511513798,0.6,3
300,60,60,0.6318336511513798,0.6,3
300,60,70,0.6318336511513798,0.6,3
300,60,80,0.6318336511513798,0.6,3
300,60,90,0.6318336511513798,0.6,3
300,60,100,0.6318336511513798,0.6,3
300,60,110,0.6318336511513798,0.6,3
300,60,120,0.6318336511513798,0.6,3
300,60,130,0.6318336511513798,0.6,3
300,60,140,0.6318336511513798,0.6,3
300,70,50,0.6318336511513798,0.6,3
300,70,60,0.6318336511513798,0.6,3
300,70,70,0.6318336511513798,0.6,3
300,70,80,0.6318336511513798,0.6,3
300,70,90,0.6318336511513798,0.6,3
300,70,100,0.6318336511513798,0.6,3
300,70,110,0.6318336511513798,0.6,3
300,70,120,0.6318336511513798,0.6,3
300,70,130,0.6318336511513798,0.6,3
300,70,140,0.6318336511513798,0.6,3
300,80,70,0.6318336511513798,0.6,3
300,80,80,0.6318336511513798,0.6,3
300,80,90,0.6318336511513798,0.6,3
300,80,100,0.6318336511513798,0.6,3
300,80,110,0.6318336511513798,0.6,3
300,80,120,0.6318336511513798,0.6,3
300,80,130,0.6318336511513798,0.6,3
300,90,120,0.6318336511513798,0.6,3
300,90,130,0.6318336511513798,0.6,3
310,70,60,0.6318336511513798,0.6,3
310,70,70,0.6318336511513798,0.6,3
310,70,80,0.6318336511513798,0.6,3
310,70,90,0.6318336511513798,0.6,3
310,70,100,0.6318336511513798,0.6,3
310,70,110,0.6318336511513798,0.6,3
310,70,120,0.6318336511513798,0.6,3
310,70,130,0.6318336511513798,0.6,3
310,70,140,0.6318336511513798,0.6,3
310,70,150,0.6318336511513798,0.6,3
310,80,80,0.6318336511513798,0.6,3
310,80,90,0.6318336511513798,0.6,3
310,80,100,0.6318336511513798,0.6,3
310,80,110,0.6318336511513798,0.6,3
310,80,120,0.6318336511513798,0.6,3
310,80,130,0.6318336511513798,0.6,3
310,80,140,0.6318336511513798,0.6,3
310,90,110,0.6318336511513798,0.6,3
310,90,120,0.6318336511513798,0.6,3
310,90,130,0.6318336511513798,0.6,3
310,90,140,0.6318336511513798,0.6,3
320,80,90,0.6318336511513798,0.6,3
320,80,100,0.6318336511513798,0.6,3
320,80,110,0.6318336511513798,0.6,3
320,80,120,0.6318336511513798,0.6,3
320,80,130,0.6318336511513798,0.6,3
320,80,140,0.6318336511513798,0.6,3
320,80,150,0.6318336511513798,0.6,3
320,90,100,0.6318336511513798,0.6,3
320,90,110,0.6318336511513798,0.6,3
320,90,120,0.6318336511513798,0.6,3
320,90,130,0.6318336511513798,0.6,3
320,90,140,0.6318336511513798,0.6,3
320,90,150,0.6318336511513798,0.6,3
330,80,90,0.6318336511513798,0.6,3
330,80,100,0.6318336511513798,0.6,3
330,80,110,0.6318336511513798,0.6,3
330,80,120,0.6318336511513798,0.6,3
330,80,130,0.6318336511513798,0.6,3
330,80,140,0.6318336511513798,0.6,3
330,80,150,0.6318336511513798,0.6,3
330,80,160,0.6318336511513798,0.6,3
330,80,170,0.6318336511513798,0.6,3
330,90,100,0.6318336511513798,0.6,3
330,90,110,0.6318336511513798,0.6,3
330,90,120,0.6318336511513798,0.6,3
330,90,130,0.6318336511513798,0.6,3
330,90,140,0.6318336511513798,0.6,3
330,90,150,0.6318336511513798,0.6,3
330,90,160,0.6318336511513798,0.6,3
330,90,170,0.6318336511513798,0.6,3
340,90,-180,0.6318336511513798,0.6,3
340,90,-170,0.6318336511513798,0.6,3
340,90,100,0.6318336511513798,0.6,3
340,90,110,0.6318336511513798,0.6,3
340,90,120,0.6318336511513798,0.6,3
340,90,130,0.6318336511513798,0.6,3
340,90,140,0.6318336511513798,0.6,3
340,90,150,0.6318336511513798,0.6,3
340,90,160,0.6318336511513798,0.6,3
340,90,170,0.6318336511513798,0.6,3
0,10,30,0.6518373420093232,0.6,3
0,10,40,0.6518373420093232,0.6,3
0,10,50,0.6518373420093232,0.6,3
0,10,60,0.6518373420093232,0.6,3
0,10,70,0.6518373420093232,0.6,3
0,20,30,0.6518373420093232,0.6,3
0,20,40,0.6518373420093232,0.6,3
0,20,50,0.6518373420093232,0.6,3
0,20,60,0.6518373420093232,0.6,3
0,20,70,0.6518373420093232,0.6,3
0,30,0,0.6518373420093232,0.6,3
0,30,10,0.6518373420093232,0.6,3
0,30,20,0.6518373420093232,0.6,3
0,40,-10,0.6518373420093232,0.6,3
0,40,0,0.6518373420093232,0.6,3
0,40,10,0.6518373420093232,0.6,3
0,40,20,0.6518373420093232,0.6,3
0,50,-100,0.6518373420093232,0.6,3
0,50,-90,0.6518373420093232,0.6,3
0,50,-80,0.6518373420093232,0.6,3
0,50,-70,0.6518373420093232,0.6,3
0,50,-60,0.6518373420093232,0.6,3
0,50,-50,0.6518373420093232,0.6,3
0,50,-40,0.6518373420093232,0.6,3
0,50,-30,0.6518373420093232,0.6,3
0,50,-20,0.6518373420093232,0.6,3
0,50,-10,0.6518373420093232,0.6,3
0,50,0,0.6518373420093232,0.6,3
0,50,10,0.6518373420093232,0.6,3
0,60,-90,0.6518373420093232,0.6,3
0,60,-80,0.6518373420093232,0.6,3
0,60,-70,0.6518373420093232,0.6,3
0,60,-60,0.6518373420093232,0.6,3
0,60,-50,0.6518373420093232,0.6,3
0,60,-40,0.6518373420093232,0.6,3
0,60,-30,0.6518373420093232,0.6,3
0,60,-20,0.6518373420093232,0.6,3
0,60,-10,0.6518373420093232,0.6,3
0,60,0,0.6518373420093232,0.6,3
0,70,-90,0.6518373420093232,0.6,3
0,70,-80,0.6518373420093232,0.6,3
0,70,-70,0.6518373420093232,0.6,3
0,70,-60,0.6518373420093232,0.6,3
0,70,-50,0.6518373420093232,0.6,3
0,70,-40,0.6518373420093232,0.6,3
0,70,-30,0.6518373420093232,0.6,3
0,70,-20,0.6518373420093232,0.6,3
0,70,-10,0.6518373420093232,0.6,3
0,70,0,0.6518373420093232,0.6,3
0,80,-80,0.6518373420093232,0.6,3
0,80,-70,0.6518373420093232,0.6,3
0,80,-60,0.6518373420093232,0.6,3
0,80,-50,0.6518373420093232,0.6,3
0,80,-40,0.6518373420093232,0.6,3
0,80,-30,0.6518373420093232,0.6,3
0,80,-20,0.6518373420093232,0.6,3
0,80,-10,0.6518373420093232,0.6,3
0,80,0,0.6518373420093232,0.6,3
0,90,-80,0.6518373420093232,0.6,3
0,90,-70,0.6518373420093232,0.6,3
0,90,-60,0.6518373420093232,0.6,3
0,90,-50,0.6518373420093232,0.6,3
0,90,-40,0.6518373420093232,0.6,3
0,90,-30,0.6518373420093232,0.6,3
0,90,-20,0.6518373420093232,0.6,3
0,90,-10,0.6518373420093232,0.6,3
0,90,0,0.6518373420093232,0.6,3
10,10,40,0.6518373420093232,0.6,3
10,10,50,0.6518373420093232,0.6,3
10,10,60,0.6518373420093232,0.6,3
10,10,70,0.6518373420093232,0.6,3
10,20,40,0.6518373420093232,0.6,3
10,20,50,0.6518373420093232,0.6,3
10,20,60,0.6518373420093232,0.6,3
10,20,70,0.6518373420093232,0.6,3
10,20,80,0.6518373420093232,0.6,3
10,30,40,0.6518373420093232,0.6,3
10,30,50,0.6518373420093232,0.6,3
10,30,60,0.6518373420093232,0.6,3
10,30,70,0.6518373420093232,0.6,3
10,30,80,0.6518373420093232,0.6,3
10,50,-90,0.6518373420093232,0.6,3
10,50,-80,0.6518373420093232,0.6,3
10,50,-70,0.6518373420093232,0.6,3
10,50,-60,0.6518373420093232,0.6,3
10,60,-90,0.6518373420093232,0.6,3
10,60,-80,0.6518373420093232,0.6,3
10,60,-70,0.6518373420093232,0.6,3
10,60,-60,0.6518373420093232,0.6,3
10,60,-50,0.6518373420093232,0.6,3
10,60,-40,0.6518373420093232,0.6,3
10,60,-30,0.6518373420093232,0.6,3
10,70,-80,0.6518373420093232,0.6,3
10,70,-70,0.6518373420093232,0.6,3
10,70,-60,0.6518373420093232,0.6,3
10,70,-50,0.6518373420093232,0.6,3
10,70,-40,0.6518373420093232,0.6,3
10,70,-30,0.6518373420093232,0.6,3
10,70,-20,0.6518373420093232,0.6,3
10,80,-80,0.6518373420093232,0.6,3
10,80,-70,0.6518373420093232,0.6,3
10,80,-60,0.6518373420093232,0.6,3
10,80,-50,0.6518373420093232,0.6,3
10,80,-40,0.6518373420093232,0.6,3
10,80,-30,0.6518373420093232,0.6,3
10,80,-20,0.6518373420093232,0.6,3
10,90,-80,0.6518373420093232,0.6,3
10,90,-70,0.6518373420093232,0.6,3
10,90,-60,0.6518373420093232,0.6,3
10,90,-50,0.6518373420093232,0.6,3
10,90,-40,0.6518373420093232,0.6,3
10,90,-30,0.6518373420093232,0.6,3
10,90,-20,0.6518373420093232,0.6,3
10,90,-10,0.6518373420093232,0.6,3
20,10,50,0.6518373420093232,0.6,3
20,10,60,0.6518373420093232,0.6,3
20,10,70,0.6518373420093232,0.6,3
20,10,80,0.6518373420093232,0.6,3
20,20,50,0.6518373420093232,0.6,3
20,20,60,0.6518373420093232,0.6,3
20,20,70,0.6518373420093232,0.6,3
20,20,80,0.6518373420093232,0.6,3
20,20,90,0.6518373420093232,0.6,3
20,30,50,0.6518373420093232,0.6,3
20,30,60,0.6518373420093232,0.6,3
20,30,70,0.6518373420093232,0.6,3
20,30,80,0.6518373420093232,0.6,3
20,30,90,0.6518373420093232,0.6,3
20,50,-80,0.6518373420093232,0.6,3
20,50,-70,0.6518373420093232,0.6,3
20,60,-80,0.6518373420093232,0.6,3
20,60,-70,0.6518373420093232,0.6,3
20,60,-60,0.6518373420093232,0.6,3
20,60,-50,0.6518373420093232,0.6,3
20,70,-80,0.6518373420093232,0.6,3
20,70,-70,0.6518373420093232,0.6,3
20,70,-60,0.6518373420093232,0.6,3
20,70,-50,0.6518373420093232,0.6,3
20,70,-40,0.6518373420093232,0.6,3
20,70,-30,0.6518373420093232,0.6,3
20,80,-80,0.6518373420093232,0.6,3
20,80,-70,0.6518373420093232,0.6,3
20,80,-60,0.6518373420093232,0.6,3
20,80,-50,0.6518373420093232,0.6,3
20,80,-40,0.6518373420093232,0.6,3
20,80,-30,0.6518373420093232,0.6,3
20,90,-80,0.6518373420093232,0.6,3
20,90,-70,0.6518373420093232,0.6,3
20,90,-60,0.6518373420093232,0.6,3
20,90,-50,0.6518373420093232,0.6,3
20,90,-40,0.6518373420093232,0.6,3
20,90,-30,0.6518373420093232,0.6,3
20,90,-20,0.6518373420093232,0.6,3
30,10,60,0.6518373420093232,0.6,3
30,10,70,0.6518373420093232,0.6,3
30,10,80,0.6518373420093232,0.6,3
30,10,90,0.6518373420093232,0.6,3
30,20,50,0.6518373420093232,0.6,3
30,20,60,0.6518373420093232,0.6,3
30,20,70,0.6518373420093232,0.6,3
30,20,80,0.6518373420093232,0.6,3
30,20,90,0.6518373420093232,0.6,3
30,20,100,0.6518373420093232,0.6,3
30,50,-110,0.6518373420093232,0.6,3
30,50,-100,0.6518373420093232,0.6,3
30,50,-90,0.6518373420093232,0.6,3
30,60,-120,0.6518373420093232,0.6,3
30,60,-110,0.6518373420093232,0.6,3
30,60,-100,0.6518373420093232,0.6,3
30,60,-90,0.6518373420093232,0.6,3
30,70,-120,0.6518373420093232,0.6,3
30,70,-110,0.6518373420093232,0.6,3
30,70,-100,0.6518373420093232,0.6,3
30,70,-90,0.6518373420093232,0.6,3
30,80,-120,0.6518373420093232,0.6,3
30,80,-110,0.6518373420093232,0.6,3
30,80,-100,0.6518373420093232,0.6,3
30,80,-90,0.6518373420093232,0.6,3
30,90,-120,0.6518373420093232,0.6,3
30,90,-110,0.6518373420093232,0.6,3
30,90,-100,0.6518373420093232,0.6,3
30,90,-90,0.6518373420093232,0.6,3
40,10,70,0.6518373420093232,0.6,3
40,10,80,0.6518373420093232,0.6,3
40,10,90,0.6518373420093232,0.6,3
40,10,100,0.6518373420093232,0.6,3
40,20,110,0.6518373420093232,0.6,3
40,20,120,0.6518373420093232,0.6,3
40,20,130,0.6518373420093232,0.6,3
40,30,110,0.6518373420093232,0.6,3
40,60,-120,0.6518373420093232,0.6,3
40,60,-110,0.6518373420093232,0.6,3
40,60,-100,0.6518373420093232,0.6,3
40,60,-90,0.6518373420093232,0.6,3
40,60,-80,0.6518373420093232,0.6,3
40,70,-120,0.6518373420093232,0.6,3
40,70,-110,0.6518373420093232,0.6,3
40,70,-100,0.6518373420093232,0.6,3
40,70,-90,0.6518373420093232,0.6,3
40,70,-80,0.6518373420093232,0.6,3
40,80,-120,0.6518373420093232,0.6,3
40,80,-110,0.6518373420093232,0.6,3
40,80,-100,0.6518373420093232,0.6,3
40,80,-90,0.6518373420093232,0.6,3
40,90,-110,0.6518373420093232,0.6,3
40,90,-100,0.6518373420093232,0.6,3
40,90,-90,0.6518373420093232,0.6,3
50,10,120,0.6518373420093232,0.6,3
50,10,130,0.6518373420093232,0.6,3
50,10,140,0.6518373420093232,0.6,3
50,10,150,0.6518373420093232,0.6,3
50,20,120,0.6518373420093232,0.6,3
50,20,130,0.6518373420093232,0.6,3
50,20,140,0.6518373420093232,0.6,3
50,30,120,0.6518373420093232,0.6,3
50,30,130,0.6518373420093232,0.6,3
50,60,-130,0.6518373420093232,0.6,3
50,70,-120,0.6518373420093232,0.6,3
50,70,-110,0.6518373420093232,0.6,3
50,70,-100,0.6518373420093232,0.6,3
50,70,-90,0.6518373420093232,0.6,3
50,70,-80,0.6518373420093232,0.6,3
50,80,-110,0.6518373420093232,0.6,3
50,80,-100,0.6518373420093232,0.6,3
50,80,-90,0.6518373420093232,0.6,3
50,80,-80,0.6518373420093232,0.6,3
50,90,-110,0.6518373420093232,0.6,3
50,90,-100,0.6518373420093232,0.6,3
50,90,-90,0.6518373420093232,0.6,3
60,10,130,0.6518373420093232,0.6,3
60,10,140,0.6518373420093232,0.6,3
60,10,150,0.6518373420093232,0.6,3
60,10,160,0.6518373420093232,0.6,3
60,20,130,0.6518373420093232,0.6,3
60,20,140,0.6518373420093232,0.6,3
60,20,150,0.6518373420093232,0.6,3
60,20,160,0.6518373420093232,0.6,3
60,30,130,0.6518373420093232,0.6,3
60,30,140,0.6518373420093232,0.6,3
60,30,150,0.6518373420093232,0.6,3
60,50,-120,0.6518373420093232,0.6,3
60,60,-150,0.6518373420093232,0.6,3
60,60,-140,0.6518373420093232,0.6,3
60,60,-130,0.6518373420093232,0.6,3
60,60,-120,0.6518373420093232,0.6,3
60,70,-160,0.6518373420093232,0.6,3
60,70,-150,0.6518373420093232,0.6,3
60,70,-140,0.6518373420093232,0.6,3
60,70,-130,0.6518373420093232,0.6,3
60,70,-120,0.6518373420093232,0.6,3
60,80,-160,0.6518373420093232,0.6,3
60,80,-150,0.6518373420093232,0.6,3
60,80,-140,0.6518373420093232,0.6,3
60,80,-130,0.6518373420093232,0.6,3
60,80,-120,0.6518373420093232,0.6,3
60,90,-110,0.6518373420093232,0.6,3
60,90,-100,0.6518373420093232,0.6,3
60,90,-90,0.6518373420093232,0.6,3
70,10,140,0.6518373420093232,0.6,3
70,10,150,0.6518373420093232,0.6,3
70,10,160,0.6518373420093232,0.6,3
70,10,170,0.6518373420093232,0.6,3
70,20,140,0.6518373420093232,0.6,3
70,20,150,0.6518373420093232,0.6,3
70,20,160,0.6518373420093232,0.6,3
70,20,170,0.6518373420093232,0.6,3
70,30,140,0.6518373420093232,0.6,3
70,30,150,0.6518373420093232,0.6,3
70,30,160,0.6518373420093232,0.6,3
70,30,170,0.6518373420093232,0.6,3
70,40,140,0.6518373420093232,0.6,3
70,40,150,0.6518373420093232,0.6,3
70,40,160,0.6518373420093232,0.6,3
70,40,170,0.6518373420093232,0.6,3
70,50,-170,0.6518373420093232,0.6,3
70,50,-160,0.6518373420093232,0.6,3
70,50,-150,0.6518373420093232,0.6,3
70,50,-140,0.6518373420093232,0.6,3
70,50,-130,0.6518373420093232,0.6,3
70,50,-120,0.6518373420093232,0.6,3
70,50,-110,0.6518373420093232,0.6,3
70,60,-170,0.6518373420093232,0.6,3
70,60,-160,0.6518373420093232,0.6,3
70,60,-150,0.6518373420093232,0.6,3
70,60,-140,0.6518373420093232,0.6,3
70,60,-130,0.6518373420093232,0.6,3
70,60,-120,0.6518373420093232,0.6,3
70,70,-170,0.6518373420093232,0.6,3
70,70,-160,0.6518373420093232,0.6,3
70,70,-150,0.6518373420093232,0.6,3
70,70,-140,0.6518373420093232,0.6,3
70,70,-130,0.6518373420093232,0.6,3
70,70,-120,0.6518373420093232,0.6,3
70,80,-170,0.6518373420093232,0.6,3
70,80,-160,0.6518373420093232,0.6,3
70,80,-150,0.6518373420093232,0.6,3
70,80,-140,0.6518373420093232,0.6,3
70,80,-130,0.6518373420093232,0.6,3
70,80,-120,0.6518373420093232,0.6,3
70,90,-170,0.6518373420093232,0.6,3
70,90,-160,0.6518373420093232,0.6,3
70,90,-150,0.6518373420093232,0.6,3
70,90,-140,0.6518373420093232,0.6,3
70,90,-130,0.6518373420093232,0.6,3
70,90,-120,0.6518373420093232,0.6,3
80,10,-180,0.6518373420093232,0.6,3
80,10,-170,0.6518373420093232,0.6,3
80,10,150,0.6518373420093232,0.6,3
80,10,160,0.6518373420093232,0.6,3
80,10,170,0.6518373420093232,0.6,3
80,20,-180,0.6518373420093232,0.6,3
80,20,-170,0.6518373420093232,0.6,3
80,20,150,0.6518373420093232,0.6,3
80,20,160,0.6518373420093232,0.6,3
80,20,170,0.6518373420093232,0.6,3
80,30,-180,0.6518373420093232,0.6,3
80,30,-170,0.6518373420093232,0.6,3
80,30,-160,0.6518373420093232,0.6,3
80,30,150,0.6518373420093232,0.6,3
80,30,160,0.6518373420093232,0.6,3
80,30,170,0.6518373420093232,0.6,3
80,40,-180,0.6518373420093232,0.6,3
80,40,-170,0.6518373420093232,0.6,3
80,40,-160,0.6518373420093232,0.6,3
80,40,-150,0.6518373420093232,0.6,3
80,40,-140,0.6518373420093232,0.6,3
80,40,-130,0.6518373420093232,0.6,3
80,40,150,0.6518373420093232,0.6,3
80,40,160,0.6518373420093232,0.6,3
80,40,170,0.6518373420093232,0.6,3
80,50,-180,0.6518373420093232,0.6,3
80,50,-170,0.6518373420093232,0.6,3
80,50,-160,0.6518373420093232,0.6,3
80,50,-150,0.6518373420093232,0.6,3
80,50,-140,0.6518373420093232,0.6,3
80,50,-130,0.6518373420093232,0.6,3
80,50,-120,0.6518373420093232,0.6,3
80,50,-110,0.6518373420093232,0.6,3
80,50,140,0.6518373420093232,0.6,3
80,50,150,0.6518373420093232,0.6,3
80,50,160,0.6518373420093232,0.6,3
80,50,170,0.6518373420093232,0.6,3
80,60,-180,0.6518373420093232,0.6,3
80,60,-170,0.6518373420093232,0.6,3
80,60,-160,0.6518373420093232,0.6,3
80,60,-150,0.6518373420093232,0.6,3
80,60,-140,0.6518373420093232,0.6,3
80,60,-130,0.6518373420093232,0.6,3
80,60,-120,0.6518373420093232,0.6,3
80,60,-110,0.6518373420093232,0.6,3
80,60,160,0.6518373420093232,0.6,3
80,60,170,0.6518373420093232,0.6,3
80,70,-180,0.6518373420093232,0.6,3
80,70,-170,0.6518373420093232,0.6,3
80,70,-160,0.6518373420093232,0.6,3
80,70,-150,0.6518373420093232,0.6,3
80,70,-140,0.6518373420093232,0.6,3
80,70,-130,0.6518373420093232,0.6,3
80,70,-120,0.6518373420093232,0.6,3
80,70,170,0.6518373420093232,0.6,3
80,80,-180,0.6518373420093232,0.6,3
80,80,-170,0.6518373420093232,0.6,3
80,80,-160,0.6518373420093232,0.6,3
80,80,-150,0.6518373420093232,0.6,3
80,80,-140,0.6518373420093232,0.6,3
80,80,-130,0.6518373420093232,0.6,3
80,80,-120,0.6518373420093232,0.6,3
80,80,170,0.6518373420093232,0.6,3
80,90,-180,0.6518373420093232,0.6,3
80,90,-170,0.6518373420093232,0.6,3
80,90,-160,0.6518373420093232,0.6,3
80,90,-150,0.6518373420093232,0.6,3
80,90,-140,0.6518373420093232,0.6,3
80,90,-130,0.6518373420093232,0.6,3
80,90,-120,0.6518373420093232,0.6,3
90,10,-180,0.6518373420093232,0.6,3
90,10,-170,0.6518373420093232,0.6,3
90,10,-160,0.6518373420093232,0.6,3
90,10,160,0.6518373420093232,0.6,3
90,10,170,0.6518373420093232,0.6,3
90,20,-180,0.6518373420093232,0.6,3
90,20,-170,0.6518373420093232,0.6,3
90,20,-160,0.6518373420093232,0.6,3
90,20,-150,0.6518373420093232,0.6,3
90,20,160,0.6518373420093232,0.6,3
90,20,170,0.6518373420093232,0.6,3
90,30,-180,0.6518373420093232,0.6,3
90,30,-170,0.6518373420093232,0.6,3
90,30,-160,0.6518373420093232,0.6,3
90,30,-150,0.6518373420093232,0.6,3
90,30,-140,0.6518373420093232,0.6,3
90,30,160,0.6518373420093232,0.6,3
90,30,170,0.6518373420093232,0.6,3
90,40,-180,0.6518373420093232,0.6,3
90,40,-170,0.6518373420093232,0.6,3
90,40,-160,0.6518373420093232,0.6,3
90,40,-150,0.6518373420093232,0.6,3
90,40,-140,0.6518373420093232,0.6,3
90,40,-130,0.6518373420093232,0.6,3
90,40,-120,0.6518373420093232,0.6,3
90,40,-110,0.6518373420093232,0.6,3
90,40,160,0.6518373420093232,0.6,3
90,40,170,0.6518373420093232,0.6,3
90,50,-180,0.6518373420093232,0.6,3
90,50,-170,0.6518373420093232,0.6,3
90,50,-160,0.6518373420093232,0.6,3
90,50,-150,0.6518373420093232,0.6,3
90,50,-140,0.6518373420093232,0.6,3
90,50,-130,0.6518373420093232,0.6,3
90,50,-120,0.6518373420093232,0.6,3
90,50,-110,0.6518373420093232,0.6,3
90,50,-100,0.6518373420093232,0.6,3
90,50,160,0.6518373420093232,0.6,3
90,50,170,0.6518373420093232,0.6,3
90,60,-180,0.6518373420093232,0.6,3
90,60,-170,0.6518373420093232,0.6,3
90,60,-160,0.6518373420093232,0.6,3
90,60,-150,0.6518373420093232,0.6,3
90,60,-140,0.6518373420093232,0.6,3
90,60,-130,0.6518373420093232,0.6,3
90,60,-120,0.6518373420093232,0.6,3
90,60,-110,0.6518373420093232,0.6,3
90,60,150,0.6518373420093232,0.6,3
90,60,160,0.6518373420093232,0.6,3
90,60,170,0.6518373420093232,0.6,3
90,70,-180,0.6518373420093232,0.6,3
90,70,-170,0.6518373420093232,0.6,3
90,70,-160,0.6518373420093232,0.6,3
90,70,-150,0.6518373420093232,0.6,3
90,70,-140,0.6518373420093232,0.6,3
90,70,-130,0.6518373420093232,0.6,3
90,70,-120,0.6518373420093232,0.6,3
90,70,160,0.6518373420093232,0.6,3
90,70,170,0.6518373420093232,0.6,3
90,80,-180,0.6518373420093232,0.6,3
90,80,-170,0.6518373420093232,0.6,3
90,80,-160,0.6518373420093232,0.6,3
90,80,-150,0.6518373420093232,0.6,3
90,80,-140,0.6518373420093232,0.6,3
90,80,-130,0.6518373420093232,0.6,3
90,80,-120,0.6518373420093232,0.6,3
90,80,160,0.6518373420093232,0.6,3
90,80,170,0.6518373420093232,0.6,3
90,90,-180,0.6518373420093232,0.6,3
90,90,-170,0.6518373420093232,0.6,3
90,90,-160,0.6518373420093232,0.6,3
90,90,-150,0.6518373420093232,0.6,3
90,90,-140,0.6518373420093232,0.6,3
90,90,-130,0.6518373420093232,0.6,3
90,90,-120,0.6518373420093232,0.6,3
90,90,170,0.6518373420093232,0.6,3
100,10,-180,0.6518373420093232,0.6,3
100,10,-170,0.6518373420093232,0.6,3
100,10,-160,0.6518373420093232,0.6,3
100,10,-150,0.6518373420093232,0.6,3
100,10,170,0.6518373420093232,0.6,3
100,20,-180,0.6518373420093232,0.6,3
100,20,-170,0.6518373420093232,0.6,3
100,20,-160,0.6518373420093232,0.6,3
100,20,-150,0.6518373420093232,0.6,3
100,20,-140,0.6518373420093232,0.6,3
100,20,170,0.6518373420093232,0.6,3
100,30,-180,0.6518373420093232,0.6,3
100,30,-170,0.6518373420093232,0.6,3
100,30,-160,0.6518373420093232,0.6,3
100,30,-150,0.6518373420093232,0.6,3
100,30,-140,0.6518373420093232,0.6,3
100,30,-130,0.6518373420093232,0.6,3
100,30,-120,0.6518373420093232,0.6,3
100,30,170,0.6518373420093232,0.6,3
100,40,-180,0.6518373420093232,0.6,3
100,40,-170,0.6518373420093232,0.6,3
100,40,-160,0.6518373420093232,0.6,3
100,40,-150,0.6518373420093232,0.6,3
100,40,-140,0.6518373420093232,0.6,3
100,40,-130,0.6518373420093232,0.6,3
100,40,-120,0.6518373420093232,0.6,3
100,40,-110,0.6518373420093232,0.6,3
100,40,-100,0.6518373420093232,0.6,3
100,40,170,0.6518373420093232,0.6,3
100,50,-180,0.6518373420093232,0.6,3
100,50,-170,0.6518373420093232,0.6,3
100,50,-160,0.6518373420093232,0.6,3
100,50,-150,0.6518373420093232,0.6,3
100,50,-140,0.6518373420093232,0.6,3
100,50,-130,0.6518373420093232,0.6,3
100,50,-120,0.6518373420093232,0.6,3
100,50,-110,0.6518373420093232,0.6,3
100,50,-100,0.6518373420093232,0.6,3
100,50,170,0.6518373420093232,0.6,3
100,60,-180,0.6518373420093232,0.6,3
100,60,-170,0.6518373420093232,0.6,3
100,60,-160,0.6518373420093232,0.6,3
100,60,-150,0.6518373420093232,0.6,3
100,60,-140,0.6518373420093232,0.6,3
100,60,-130,0.6518373420093232,0.6,3
100,60,-120,0.6518373420093232,0.6,3
100,60,-110,0.6518373420093232,0.6,3
100,60,170,0.6518373420093232,0.6,3
100,70,-180,0.6518373420093232,0.6,3
100,70,-170,0.6518373420093232,0.6,3
100,70,-160,0.6518373420093232,0.6,3
100,70,-150,0.6518373420093232,0.6,3
100,70,-140,0.6518373420093232,0.6,3
100,70,-130,0.6518373420093232,0.6,3
100,70,-120,0.6518373420093232,0.6,3
100,70,-110,0.6518373420093232,0.6,3
100,70,160,0.6518373420093232,0.6,3
100,70,170,0.6518373420093232,0.6,3
100,80,-180,0.6518373420093232,0.6,3
100,80,-170,0.6518373420093232,0.6,3
100,80,-160,0.6518373420093232,0.6,3
100,80,-150,0.6518373420093232,0.6,3
100,80,-140,0.6518373420093232,0.6,3
100,80,-130,0.6518373420093232,0.6,3
100,80,-120,0.6518373420093232,0.6,3
100,80,150,0.6518373420093232,0.6,3
100,80,160,0.6518373420093232,0.6,3
100,80,170,0.6518373420093232,0.6,3
110,10,-180,0.6518373420093232,0.6,3
110,10,-170,0.6518373420093232,0.6,3
110,10,-160,0.6518373420093232,0.6,3
110,10,-150,0.6518373420093232,0.6,3
110,10,-140,0.6518373420093232,0.6,3
110,20,-180,0.6518373420093232,0.6,3
110,20,-170,0.6518373420093232,0.6,3
110,20,-160,0.6518373420093232,0.6,3
110,20,-150,0.6518373420093232,0.6,3
110,20,-140,0.6518373420093232,0.6,3
110,20,-130,0.6518373420093232,0.6,3
110,30,-180,0.6518373420093232,0.6,3
110,30,-170,0.6518373420093232,0.6,3
110,30,-160,0.6518373420093232,0.6,3
110,30,-150,0.6518373420093232,0.6,3
110,30,-140,0.6518373420093232,0.6,3
110,30,-130,0.6518373420093232,0.6,3
110,30,-120,0.6518373420093232,0.6,3
110,30,-110,0.6518373420093232,0.6,3
110,40,-180,0.6518373420093232,0.6,3
110,40,-170,0.6518373420093232,0.6,3
110,40,-160,0.6518373420093232,0.6,3
110,40,-150,0.6518373420093232,0.6,3
110,40,-140,0.6518373420093232,0.6,3
110,40,-130,0.6518373420093232,0.6,3
110,40,-120,0.6518373420093232,0.6,3
110,40,-110,0.6518373420093232,0.6,3
110,40,-100,0.6518373420093232,0.6,3
110,40,-90,0.6518373420093232,0.6,3
110,50,-180,0.6518373420093232,0.6,3
110,50,-170,0.6518373420093232,0.6,3
110,50,-160,0.6518373420093232,0.6,3
110,50,-150,0.6518373420093232,0.6,3
110,50,-140,0.6518373420093232,0.6,3
110,50,-130,0.6518373420093232,0.6,3
110,50,-120,0.6518373420093232,0.6,3
110,50,-110,0.6518373420093232,0.6,3
110,50,-100,0.6518373420093232,0.6,3
110,50,-90,0.6518373420093232,0.6,3
110,60,-180,0.6518373420093232,0.6,3
110,60,-170,0.6518373420093232,0.6,3
110,60,-160,0.6518373420093232,0.6,3
110,60,-150,0.6518373420093232,0.6,3
110,60,-140,0.6518373420093232,0.6,3
110,60,-130,0.6518373420093232,0.6,3
110,60,-120,0.6518373420093232,0.6,3
110,60,-110,0.6518373420093232,0.6,3
110,60,-100,0.6518373420093232,0.6,3
110,70,-180,0.6518373420093232,0.6,3
110,70,-170,0.6518373420093232,0.6,3
110,70,-160,0.6518373420093232,0.6,3
110,70,-150,0.6518373420093232,0.6,3
110,70,-140,0.6518373420093232,0.6,3
110,70,-130,0.6518373420093232,0.6,3
110,70,-120,0.6518373420093232,0.6,3
110,70,-110,0.6518373420093232,0.6,3
120,10,-170,0.6518373420093232,0.6,3
120,10,-160,0.6518373420093232,0.6,3
120,10,-150,0.6518373420093232,0.6,3
120,10,-140,0.6518373420093232,0.6,3
120,10,-130,0.6518373420093232,0.6,3
120,20,-170,0.6518373420093232,0.6,3
120,20,-160,0.6518373420093232,0.6,3
120,20,-150,0.6518373420093232,0.6,3
120,20,-140,0.6518373420093232,0.6,3
120,20,-130,0.6518373420093232,0.6,3
120,20,-120,0.6518373420093232,0.6,3
120,20,-110,0.6518373420093232,0.6,3
120,30,-170,0.6518373420093232,0.6,3
120,30,-160,0.6518373420093232,0.6,3
120,30,-150,0.6518373420093232,0.6,3
120,30,-140,0.6518373420093232,0.6,3
120,30,-130,0.6518373420093232,0.6,3
120,30,-120,0.6518373420093232,0.6,3
120,30,-110,0.6518373420093232,0.6,3
120,30,-100,0.6518373420093232,0.6,3
120,40,-160,0.6518373420093232,0.6,3
120,40,-150,0.6518373420093232,0.6,3
120,40,-140,0.6518373420093232,0.6,3
120,40,-130,0.6518373420093232,0.6,3
120,40,-120,0.6518373420093232,0.6,3
120,40,-110,0.6518373420093232,0.6,3
120,40,-100,0.6518373420093232,0.6,3
120,40,-90,0.6518373420093232,0.6,3
120,50,-160,0.6518373420093232,0.6,3
120,50,-150,0.6518373420093232,0.6,3
120,50,-140,0.6518373420093232,0.6,3
120,50,-130,0.6518373420093232,0.6,3
120,50,-120,0.6518373420093232,0.6,3
120,50,-110,0.6518373420093232,0.6,3
120,50,-100,0.6518373420093232,0.6,3
120,50,-90,0.6518373420093232,0.6,3
120,50,-80,0.6518373420093232,0.6,3
120,60,-160,0.6518373420093232,0.6,3
120,60,-150,0.6518373420093232,0.6,3
120,60,-140,0.6518373420093232,0.6,3
120,60,-130,0.6518373420093232,0.6,3
120,60,-120,0.6518373420093232,0.6,3
120,60,-110,0.6518373420093232,0.6,3
120,60,-100,0.6518373420093232,0.6,3
130,10,-160,0.6518373420093232,0.6,3
130,10,-150,0.6518373420093232,0.6,3
130,10,-140,0.6518373420093232,0.6,3
130,10,-130,0.6518373420093232,0.6,3
130,10,-120,0.6518373420093232,0.6,3
130,20,-160,0.6518373420093232,0.6,3
130,20,-150,0.6518373420093232,0.6,3
130,20,-140,0.6518373420093232,0.6,3
130,20,-130,0.6518373420093232,0.6,3
130,20,-120,0.6518373420093232,0.6,3
130,20,-110,0.6518373420093232,0.6,3
130,20,-100,0.6518373420093232,0.6,3
130,30,-150,0.6518373420093232,0.6,3
130,30,-140,0.6518373420093232,0.6,3
130,30,-130,0.6518373420093232,0.6,3
130,30,-120,0.6518373420093232,0.6,3
130,30,-110,0.6518373420093232,0.6,3
130,30,-100,0.6518373420093232,0.6,3
130,30,-90,0.6518373420093232,0.6,3
130,40,-150,0.6518373420093232,0.6,3
130,40,-140,0.6518373420093232,0.6,3
130,40,-130,0.6518373420093232,0.6,3
130,40,-120,0.6518373420093232,0.6,3
130,40,-110,0.6518373420093232,0.6,3
130,40,-100,0.6518373420093232,0.6,3
130,40,-90,0.6518373420093232,0.6,3
130,40,-80,0.6518373420093232,0.6,3
130,50,-150,0.6518373420093232,0.6,3
130,50,-140,0.6518373420093232,0.6,3
130,50,-130,0.6518373420093232,0.6,3
130,50,-120,0.6518373420093232,0.6,3
130,50,-110,0.6518373420093232,0.6,3
130,50,-100,0.6518373420093232,0.6,3
130,50,-90,0.6518373420093232,0.6,3
130,50,-80,0.6518373420093232,0.6,3
130,50,-70,0.6518373420093232,0.6,3
140,10,-150,0.6518373420093232,0.6,3
140,10,-140,0.6518373420093232,0.6,3
140,10,-130,0.6518373420093232,0.6,3
140,10,-120,0.6518373420093232,0.6,3
140,10,-110,0.6518373420093232,0.6,3
140,20,-150,0.6518373420093232,0.6,3
140,20,-140,0.6518373420093232,0.6,3
140,20,-130,0.6518373420093232,0.6,3
140,20,-120,0.6518373420093232,0.6,3
140,20,-110,0.6518373420093232,0.6,3
140,20,-100,0.6518373420093232,0.6,3
140,20,-90,0.6518373420093232,0.6,3
140,30,-140,0.6518373420093232,0.6,3
140,30,-130,0.6518373420093232,0.6,3
140,30,-120,0.6518373420093232,0.6,3
140,30,-110,0.6518373420093232,0.6,3
140,30,-100,0.6518373420093232,0.6,3
140,30,-90,0.6518373420093232,0.6,3
140,30,-80,0.6518373420093232,0.6,3
140,40,-140,0.6518373420093232,0.6,3
140,40,-130,0.6518373420093232,0.6,3
140,40,-120,0.6518373420093232,0.6,3
140,40,-110,0.6518373420093232,0.6,3
140,40,-100,0.6518373420093232,0.6,3
140,40,-90,0.6518373420093232,0.6,3
140,40,-80,0.6518373420093232,0.6,3
140,40,-70,0.6518373420093232,0.6,3
140,50,-140,0.6518373420093232,0.6,3
140,50,-130,0.6518373420093232,0.6,3
140,50,-120,0.6518373420093232,0.6,3
140,50,-110,0.6518373420093232,0.6,3
140,50,-100,0.6518373420093232,0.6,3
140,50,-90,0.6518373420093232,0.6,3
140,50,-80,0.6518373420093232,0.6,3
140,50,-70,0.6518373420093232,0.6,3
150,10,-140,0.6518373420093232,0.6,3
150,10,-130,0.6518373420093232,0.6,3
150,10,-120,0.6518373420093232,0.6,3
150,10,-110,0.6518373420093232,0.6,3
150,10,-100,0.6518373420093232,0.6,3
150,20,-140,0.6518373420093232,0.6,3
150,20,-130,0.6518373420093232,0.6,3
150,20,-120,0.6518373420093232,0.6,3
150,20,-110,0.6518373420093232,0.6,3
150,20,-100,0.6518373420093232,0.6,3
150,20,-90,0.6518373420093232,0.6,3
150,30,-130,0.6518373420093232,0.6,3
150,30,-120,0.6518373420093232,0.6,3
150,30,-110,0.6518373420093232,0.6,3
150,30,-100,0.6518373420093232,0.6,3
150,30,-90,0.6518373420093232,0.6,3
150,30,-80,0.6518373420093232,0.6,3
150,40,-130,0.6518373420093232,0.6,3
150,40,-120,0.6518373420093232,0.6,3
150,40,-110,0.6518373420093232,0.6,3
150,40,-100,0.6518373420093232,0.6,3
150,40,-90,0.6518373420093232,0.6,3
150,40,-80,0.6518373420093232,0.6,3
150,40,-70,0.6518373420093232,0.6,3
160,10,-130,0.6518373420093232,0.6,3
160,10,-120,0.6518373420093232,0.6,3
160,10,-110,0.6518373420093232,0.6,3
160,10,-100,0.6518373420093232,0.6,3
160,10,-90,0.6518373420093232,0.6,3
160,20,-130,0.6518373420093232,0.6,3
160,20,-120,0.6518373420093232,0.6,3
160,20,-110,0.6518373420093232,0.6,3
160,20,-100,0.6518373420093232,0.6,3
160,20,-90,0.6518373420093232,0.6,3
160,20,-80,0.6518373420093232,0.6,3
160,30,-120,0.6518373420093232,0.6,3
160,30,-110,0.6518373420093232,0.6,3
160,30,-100,0.6518373420093232,0.6,3
160,30,-90,0.6518373420093232,0.6,3
160,30,-80,0.6518373420093232,0.6,3
160,30,-70,0.6518373420093232,0.6,3
160,40,-120,0.6518373420093232,0.6,3
160,40,-110,0.6518373420093232,0.6,3
160,40,-100,0.6518373420093232,0.6,3
160,40,-90,0.6518373420093232,0.6,3
160,40,-80,0.6518373420093232,0.6,3
160,40,-70,0.6518373420093232,0.6,3
160,40,-60,0.6518373420093232,0.6,3
170,10,-120,0.6518373420093232,0.6,3
170,10,-110,0.6518373420093232,0.6,3
170,10,-100,0.6518373420093232,0.6,3
170,10,-90,0.6518373420093232,0.6,3
170,10,-80,0.6518373420093232,0.6,3
170,20,-120,0.6518373420093232,0.6,3
170,20,-110,0.6518373420093232,0.6,3
170,20,-100,0.6518373420093232,0.6,3
170,20,-90,0.6518373420093232,0.6,3
170,20,-80,0.6518373420093232,0.6,3
170,20,-70,0.6518373420093232,0.6,3
170,30,-110,0.6518373420093232,0.6,3
170,30,-100,0.6518373420093232,0.6,3
170,30,-90,0.6518373420093232,0.6,3
170,30,-80,0.6518373420093232,0.6,3
170,30,-70,0.6518373420093232,0.6,3
170,30,-60,0.6518373420093232,0.6,3
170,40,-110,0.6518373420093232,0.6,3
170,40,-100,0.6518373420093232,0.6,3
170,40,-90,0.6518373420093232,0.6,3
170,40,-80,0.6518373420093232,0.6,3
170,40,-70,0.6518373420093232,0.6,3
170,40,-60,0.6518373420093232,0.6,3
170,90,-10,0.6518373420093232,0.6,3
170,90,0,0.6518373420093232,0.6,3
170,90,10,0.6518373420093232,0.6,3
170,90,20,0.6518373420093232,0.6,3
170,90,30,0.6518373420093232,0.6,3
170,90,40,0.6518373420093232,0.6,3
170,90,50,0.6518373420093232,0.6,3
170,90,60,0.6518373420093232,0.6,3
170,90,70,0.6518373420093232,0.6,3
170,90,80,0.6518373420093232,0.6,3
180,10,-150,0.6518373420093232,0.6,3
180,10,-140,0.6518373420093232,0.6,3
180,10,-130,0.6518373420093232,0.6,3
180,10,-120,0.6518373420093232,0.6,3
180,20,-110,0.6518373420093232,0.6,3
180,20,-100,0.6518373420093232,0.6,3
180,20,-90,0.6518373420093232,0.6,3
180,20,-80,0.6518373420093232,0.6,3
180,20,-70,0.6518373420093232,0.6,3
180,20,-60,0.6518373420093232,0.6,3
180,30,-110,0.6518373420093232,0.6,3
180,30,-100,0.6518373420093232,0.6,3
180,30,-90,0.6518373420093232,0.6,3
180,30,-80,0.6518373420093232,0.6,3
180,30,-70,0.6518373420093232,0.6,3
180,30,-60,0.6518373420093232,0.6,3
180,40,-100,0.6518373420093232,0.6,3
180,40,-90,0.6518373420093232,0.6,3
180,40,-80,0.6518373420093232,0.6,3
180,40,-70,0.6518373420093232,0.6,3
180,40,-60,0.6518373420093232,0.6,3
180,40,-50,0.6518373420093232,0.6,3
180,80,0,0.6518373420093232,0.6,3
180,80,10,0.6518373420093232,0.6,3
180,80,20,0.6518373420093232,0.6,3
180,80,30,0.6518373420093232,0.6,3
180,80,40,0.6518373420093232,0.6,3
180,80,50,0.6518373420093232,0.6,3
180,80,60,0.6518373420093232,0.6,3
180,80,70,0.6518373420093232,0.6,3
180,80,80,0.6518373420093232,0.6,3
180,90,0,0.6518373420093232,0.6,3
180,90,10,0.6518373420093232,0.6,3
180,90,20,0.6518373420093232,0.6,3
180,90,30,0.6518373420093232,0.6,3
180,90,40,0.6518373420093232,0.6,3
180,90,50,0.6518373420093232,0.6,3
180,90,60,0.6518373420093232,0.6,3
180,90,70,0.6518373420093232,0.6,3
180,90,80,0.6518373420093232,0.6,3
190,10,-140,0.6518373420093232,0.6,3
190,10,-130,0.6518373420093232,0.6,3
190,10,-120,0.6518373420093232,0.6,3
190,10,-110,0.6518373420093232,0.6,3
190,20,-130,0.6518373420093232,0.6,3
190,20,-120,0.6518373420093232,0.6,3
190,20,-110,0.6518373420093232,0.6,3
190,30,-100,0.6518373420093232,0.6,3
190,30,-90,0.6518373420093232,0.6,3
190,30,-80,0.6518373420093232,0.6,3
190,30,-70,0.6518373420093232,0.6,3
190,30,-60,0.6518373420093232,0.6,3
190,30,-50,0.6518373420093232,0.6,3
190,40,-100,0.6518373420093232,0.6,3
190,40,-90,0.6518373420093232,0.6,3
190,40,-80,0.6518373420093232,0.6,3
190,40,-70,0.6518373420093232,0.6,3
190,40,-60,0.6518373420093232,0.6,3
190,40,-50,0.6518373420093232,0.6,3
190,70,10,0.6518373420093232,0.6,3
190,70,20,0.6518373420093232,0.6,3
190,70,30,0.6518373420093232,0.6,3
190,70,40,0.6518373420093232,0.6,3
190,70,50,0.6518373420093232,0.6,3
190,70,60,0.6518373420093232,0.6,3
190,70,70,0.6518373420093232,0.6,3
190,70,80,0.6518373420093232,0.6,3
190,80,10,0.6518373420093232,0.6,3
190,80,20,0.6518373420093232,0.6,3
190,80,30,0.6518373420093232,0.6,3
190,80,40,0.6518373420093232,0.6,3
190,80,50,0.6518373420093232,0.6,3
190,80,60,0.6518373420093232,0.6,3
190,80,70,0.6518373420093232,0.6,3
190,80,80,0.6518373420093232,0.6,3
190,90,10,0.6518373420093232,0.6,3
190,90,20,0.6518373420093232,0.6,3
190,90,30,0.6518373420093232,0.6,3
190,90,40,0.6518373420093232,0.6,3
190,90,50,0.6518373420093232,0.6,3
190,90,60,0.6518373420093232,0.6,3
190,90,70,0.6518373420093232,0.6,3
190,90,80,0.6518373420093232,0.6,3
200,10,-120,0.6518373420093232,0.6,3
200,10,-110,0.6518373420093232,0.6,3
200,10,-100,0.6518373420093232,0.6,3
200,20,-120,0.6518373420093232,0.6,3
200,20,-110,0.6518373420093232,0.6,3
200,20,-100,0.6518373420093232,0.6,3
200,30,-110,0.6518373420093232,0.6,3
200,30,-100,0.6518373420093232,0.6,3
200,40,-100,0.6518373420093232,0.6,3
200,60,90,0.6518373420093232,0.6,3
200,70,90,0.6518373420093232,0.6,3
200,70,100,0.6518373420093232,0.6,3
200,80,20,0.6518373420093232,0.6,3
200,80,30,0.6518373420093232,0.6,3
200,80,40,0.6518373420093232,0.6,3
200,80,50,0.6518373420093232,0.6,3
200,80,60,0.6518373420093232,0.6,3
200,80,70,0.6518373420093232,0.6,3
200,80,80,0.6518373420093232,0.6,3
200,90,20,0.6518373420093232,0.6,3
200,90,30,0.6518373420093232,0.6,3
200,90,40,0.6518373420093232,0.6,3
200,90,50,0.6518373420093232,0.6,3
200,90,60,0.6518373420093232,0.6,3
200,90,70,0.6518373420093232,0.6,3
200,90,80,0.6518373420093232,0.6,3
210,10,-110,0.6518373420093232,0.6,3
210,10,-100,0.6518373420093232,0.6,3
210,10,-90,0.6518373420093232,0.6,3
210,20,-110,0.6518373420093232,0.6,3
210,20,-100,0.6518373420093232,0.6,3
210,20,-90,0.6518373420093232,0.6,3
210,30,-100,0.6518373420093232,0.6,3
210,30,-90,0.6518373420093232,0.6,3
210,40,-90,0.6518373420093232,0.6,3
210,60,100,0.6518373420093232,0.6,3
210,70,90,0.6518373420093232,0.6,3
210,70,100,0.6518373420093232,0.6,3
210,80,90,0.6518373420093232,0.6,3
210,80,100,0.6518373420093232,0.6,3
210,80,110,0.6518373420093232,0.6,3
210,90,90,0.6518373420093232,0.6,3
210,90,100,0.6518373420093232,0.6,3
210,90,110,0.6518373420093232,0.6,3
210,90,120,0.6518373420093232,0.6,3
220,10,-100,0.6518373420093232,0.6,3
220,10,-90,0.6518373420093232,0.6,3
220,10,-80,0.6518373420093232,0.6,3
220,20,-100,0.6518373420093232,0.6,3
220,20,-90,0.6518373420093232,0.6,3
220,20,-80,0.6518373420093232,0.6,3
220,30,-90,0.6518373420093232,0.6,3
220,30,-80,0.6518373420093232,0.6,3
220,40,-80,0.6518373420093232,0.6,3
220,60,100,0.6518373420093232,0.6,3
220,70,100,0.6518373420093232,0.6,3
220,70,110,0.6518373420093232,0.6,3
220,80,90,0.6518373420093232,0.6,3
220,80,100,0.6518373420093232,0.6,3
220,80,110,0.6518373420093232,0.6,3
220,90,90,0.6518373420093232,0.6,3
220,90,100,0.6518373420093232,0.6,3
220,90,110,0.6518373420093232,0.6,3
230,10,-90,0.6518373420093232,0.6,3
230,10,-80,0.6518373420093232,0.6,3
230,10,-70,0.6518373420093232,0.6,3
230,20,-90,0.6518373420093232,0.6,3
230,20,-80,0.6518373420093232,0.6,3
230,20,-70,0.6518373420093232,0.6,3
230,30,-80,0.6518373420093232,0.6,3
230,30,-70,0.6518373420093232,0.6,3
230,40,-80,0.6518373420093232,0.6,3
230,70,100,0.6518373420093232,0.6,3
230,70,110,0.6518373420093232,0.6,3
230,80,100,0.6518373420093232,0.6,3
230,80,110,0.6518373420093232,0.6,3
230,90,90,0.6518373420093232,0.6,3
230,90,100,0.6518373420093232,0.6,3
230,90,110,0.6518373420093232,0.6,3
240,10,-80,0.6518373420093232,0.6,3
240,10,-70,0.6518373420093232,0.6,3
240,10,-60,0.6518373420093232,0.6,3
240,20,-80,0.6518373420093232,0.6,3
240,20,-70,0.6518373420093232,0.6,3
240,20,-60,0.6518373420093232,0.6,3
240,30,-70,0.6518373420093232,0.6,3
240,30,-60,0.6518373420093232,0.6,3
240,40,-70,0.6518373420093232,0.6,3
240,70,100,0.6518373420093232,0.6,3
240,70,110,0.6518373420093232,0.6,3
240,80,100,0.6518373420093232,0.6,3
240,80,110,0.6518373420093232,0.6,3
240,90,90,0.6518373420093232,0.6,3
240,90,100,0.6518373420093232,0.6,3
240,90,110,0.6518373420093232,0.6,3
250,10,-70,0.6518373420093232,0.6,3
250,10,-60,0.6518373420093232,0.6,3
250,10,-50,0.6518373420093232,0.6,3
250,20,-70,0.6518373420093232,0.6,3
250,20,-60,0.6518373420093232,0.6,3
250,20,-50,0.6518373420093232,0.6,3
250,30,-70,0.6518373420093232,0.6,3
250,30,-60,0.6518373420093232,0.6,3
250,30,-50,0.6518373420093232,0.6,3
250,40,-60,0.6518373420093232,0.6,3
250,70,110,0.6518373420093232,0.6,3
250,80,120,0.6518373420093232,0.6,3
250,80,130,0.6518373420093232,0.6,3
250,80,140,0.6518373420093232,0.6,3
250,80,150,0.6518373420093232,0.6,3
250,80,160,0.6518373420093232,0.6,3
250,80,170,0.6518373420093232,0.6,3
250,90,120,0.6518373420093232,0.6,3
250,90,130,0.6518373420093232,0.6,3
250,90,140,0.6518373420093232,0.6,3
250,90,150,0.6518373420093232,0.6,3
250,90,160,0.6518373420093232,0.6,3
250,90,170,0.6518373420093232,0.6,3
260,10,-60,0.6518373420093232,0.6,3
260,10,-50,0.6518373420093232,0.6,3
260,10,-40,0.6518373420093232,0.6,3
260,20,-60,0.6518373420093232,0.6,3
260,20,-50,0.6518373420093232,0.6,3
260,20,-40,0.6518373420093232,0.6,3
260,30,-60,0.6518373420093232,0.6,3
260,30,-50,0.6518373420093232,0.6,3
260,30,-40,0.6518373420093232,0.6,3
260,40,-60,0.6518373420093232,0.6,3
260,40,-50,0.6518373420093232,0.6,3
260,80,-180,0.6518373420093232,0.6,3
260,80,120,0.6518373420093232,0.6,3
260,80,130,0.6518373420093232,0.6,3
260,80,140,0.6518373420093232,0.6,3
260,80,150,0.6518373420093232,0.6,3
260,80,160,0.6518373420093232,0.6,3
260,80,170,0.6518373420093232,0.6,3
260,90,-180,0.6518373420093232,0.6,3
260,90,120,0.6518373420093232,0.6,3
260,90,130,0.6518373420093232,0.6,3
260,90,140,0.6518373420093232,0.6,3
260,90,150,0.6518373420093232,0.6,3
260,90,160,0.6518373420093232,0.6,3
260,90,170,0.6518373420093232,0.6,3
270,10,-60,0.6518373420093232,0.6,3
270,10,-50,0.6518373420093232,0.6,3
270,10,-40,0.6518373420093232,0.6,3
270,10,-30,0.6518373420093232,0.6,3
270,20,-50,0.6518373420093232,0.6,3
270,20,-40,0.6518373420093232,0.6,3
270,20,-30,0.6518373420093232,0.6,3
270,30,-50,0.6518373420093232,0.6,3
270,30,-40,0.6518373420093232,0.6,3
270,30,-30,0.6518373420093232,0.6,3
270,40,-50,0.6518373420093232,0.6,3
270,40,-40,0.6518373420093232,0.6,3
270,40,-30,0.6518373420093232,0.6,3
270,90,-180,0.6518373420093232,0.6,3
270,90,-170,0.6518373420093232,0.6,3
270,90,120,0.6518373420093232,0.6,3
270,90,130,0.6518373420093232,0.6,3
270,90,140,0.6518373420093232,0.6,3
270,90,150,0.6518373420093232,0.6,3
270,90,160,0.6518373420093232,0.6,3
270,90,170,0.6518373420093232,0.6,3
280,10,-50,0.6518373420093232,0.6,3
280,10,-40,0.6518373420093232,0.6,3
280,10,-30,0.6518373420093232,0.6,3
280,10,-20,0.6518373420093232,0.6,3
280,20,-40,0.6518373420093232,0.6,3
280,20,-30,0.6518373420093232,0.6,3
280,20,-20,0.6518373420093232,0.6,3
280,30,-40,0.6518373420093232,0.6,3
280,30,-30,0.6518373420093232,0.6,3
280,30,-20,0.6518373420093232,0.6,3
280,40,-40,0.6518373420093232,0.6,3
280,40,-30,0.6518373420093232,0.6,3
280,40,-20,0.6518373420093232,0.6,3
290,10,-40,0.6518373420093232,0.6,3
290,10,-30,0.6518373420093232,0.6,3
290,10,-20,0.6518373420093232,0.6,3
290,10,-10,0.6518373420093232,0.6,3
290,20,-30,0.6518373420093232,0.6,3
290,20,-20,0.6518373420093232,0.6,3
290,20,-10,0.6518373420093232,0.6,3
290,30,-30,0.6518373420093232,0.6,3
290,30,-20,0.6518373420093232,0.6,3
290,30,-10,0.6518373420093232,0.6,3
290,40,-110,0.6518373420093232,0.6,3
290,40,-100,0.6518373420093232,0.6,3
290,40,-90,0.6518373420093232,0.6,3
290,40,-80,0.6518373420093232,0.6,3
290,40,-70,0.6518373420093232,0.6,3
290,40,-60,0.6518373420093232,0.6,3
290,40,-50,0.6518373420093232,0.6,3
290,40,-40,0.6518373420093232,0.6,3
290,50,-110,0.6518373420093232,0.6,3
290,50,-100,0.6518373420093232,0.6,3
290,50,-90,0.6518373420093232,0.6,3
290,50,-80,0.6518373420093232,0.6,3
290,50,-70,0.6518373420093232,0.6,3
290,50,-60,0.6518373420093232,0.6,3
290,50,-50,0.6518373420093232,0.6,3
290,50,-40,0.6518373420093232,0.6,3
300,10,-30,0.6518373420093232,0.6,3
300,10,-20,0.6518373420093232,0.6,3
300,10,-10,0.6518373420093232,0.6,3
300,10,0,0.6518373420093232,0.6,3
300,20,-30,0.6518373420093232,0.6,3
300,20,-20,0.6518373420093232,0.6,3
300,20,-10,0.6518373420093232,0.6,3
300,20,0,0.6518373420093232,0.6,3
300,30,-30,0.6518373420093232,0.6,3
300,30,-20,0.6518373420093232,0.6,3
300,30,-10,0.6518373420093232,0.6,3
300,30,0,0.6518373420093232,0.6,3
300,30,10,0.6518373420093232,0.6,3
300,40,-100,0.6518373420093232,0.6,3
300,40,-90,0.6518373420093232,0.6,3
300,40,-80,0.6518373420093232,0.6,3
300,40,-70,0.6518373420093232,0.6,3
300,40,-60,0.6518373420093232,0.6,3
300,40,-50,0.6518373420093232,0.6,3
300,40,-40,0.6518373420093232,0.6,3
300,50,-110,0.6518373420093232,0.6,3
300,50,-100,0.6518373420093232,0.6,3
300,50,-90,0.6518373420093232,0.6,3
300,50,-80,0.6518373420093232,0.6,3
300,50,-70,0.6518373420093232,0.6,3
300,50,-60,0.6518373420093232,0.6,3
300,50,-50,0.6518373420093232,0.6,3
300,50,-40,0.6518373420093232,0.6,3
310,10,-20,0.6518373420093232,0.6,3
310,10,-10,0.6518373420093232,0.6,3
310,10,0,0.6518373420093232,0.6,3
310,10,10,0.6518373420093232,0.6,3
310,20,-20,0.6518373420093232,0.6,3
310,20,-10,0.6518373420093232,0.6,3
310,20,0,0.6518373420093232,0.6,3
310,20,10,0.6518373420093232,0.6,3
310,20,20,0.6518373420093232,0.6,3
310,30,-80,0.6518373420093232,0.6,3
310,30,-70,0.6518373420093232,0.6,3
310,30,-60,0.6518373420093232,0.6,3
310,30,-50,0.6518373420093232,0.6,3
310,30,-40,0.6518373420093232,0.6,3
310,30,-30,0.6518373420093232,0.6,3
310,40,-100,0.6518373420093232,0.6,3
310,40,-90,0.6518373420093232,0.6,3
310,40,-80,0.6518373420093232,0.6,3
310,40,-70,0.6518373420093232,0.6,3
310,40,-60,0.6518373420093232,0.6,3
310,40,-50,0.6518373420093232,0.6,3
310,40,-40,0.6518373420093232,0.6,3
310,40,-30,0.6518373420093232,0.6,3
310,50,-110,0.6518373420093232,0.6,3
310,50,-100,0.6518373420093232,0.6,3
310,50,-90,0.6518373420093232,0.6,3
310,50,-80,0.6518373420093232,0.6,3
310,50,-70,0.6518373420093232,0.6,3
310,50,-60,0.6518373420093232,0.6,3
310,50,-50,0.6518373420093232,0.6,3
310,50,-40,0.6518373420093232,0.6,3
310,50,-30,0.6518373420093232,0.6,3
310,60,-120,0.6518373420093232,0.6,3
310,60,-110,0.6518373420093232,0.6,3
310,60,-100,0.6518373420093232,0.6,3
310,60,-90,0.6518373420093232,0.6,3
310,60,-80,0.6518373420093232,0.6,3
310,60,-70,0.6518373420093232,0.6,3
310,60,-60,0.6518373420093232,0.6,3
310,60,-50,0.6518373420093232,0.6,3
310,60,-40,0.6518373420093232,0.6,3
310,60,-30,0.6518373420093232,0.6,3
320,10,-10,0.6518373420093232,0.6,3
320,10,0,0.6518373420093232,0.6,3
320,10,10,0.6518373420093232,0.6,3
320,10,20,0.6518373420093232,0.6,3
320,20,-10,0.6518373420093232,0.6,3
320,20,0,0.6518373420093232,0.6,3
320,20,10,0.6518373420093232,0.6,3
320,20,20,0.6518373420093232,0.6,3
320,20,30,0.6518373420093232,0.6,3
320,30,-70,0.6518373420093232,0.6,3
320,30,-60,0.6518373420093232,0.6,3
320,30,-50,0.6518373420093232,0.6,3
320,30,-40,0.6518373420093232,0.6,3
320,30,-30,0.6518373420093232,0.6,3
320,30,-20,0.6518373420093232,0.6,3
320,40,-90,0.6518373420093232,0.6,3
320,40,-80,0.6518373420093232,0.6,3
320,40,-70,0.6518373420093232,0.6,3
320,40,-60,0.6518373420093232,0.6,3
320,40,-50,0.6518373420093232,0.6,3
320,40,-40,0.6518373420093232,0.6,3
320,40,-30,0.6518373420093232,0.6,3
320,40,-20,0.6518373420093232,0.6,3
320,50,-110,0.6518373420093232,0.6,3
320,50,-100,0.6518373420093232,0.6,3
320,50,-90,0.6518373420093232,0.6,3
320,50,-80,0.6518373420093232,0.6,3
320,50,-70,0.6518373420093232,0.6,3
320,50,-60,0.6518373420093232,0.6,3
320,50,-50,0.6518373420093232,0.6,3
320,50,-40,0.6518373420093232,0.6,3
320,50,-30,0.6518373420093232,0.6,3
320,50,-20,0.6518373420093232,0.6,3
320,60,-120,0.6518373420093232,0.6,3
320,60,-110,0.6518373420093232,0.6,3
320,60,-100,0.6518373420093232,0.6,3
320,60,-90,0.6518373420093232,0.6,3
320,60,-80,0.6518373420093232,0.6,3
320,60,-70,0.6518373420093232,0.6,3
320,60,-60,0.6518373420093232,0.6,3
320,60,-50,0.6518373420093232,0.6,3
320,60,-40,0.6518373420093232,0.6,3
320,60,-30,0.6518373420093232,0.6,3
320,60,-20,0.6518373420093232,0.6,3
320,70,-110,0.6518373420093232,0.6,3
320,70,-100,0.6518373420093232,0.6,3
320,70,-90,0.6518373420093232,0.6,3
320,70,-80,0.6518373420093232,0.6,3
320,70,-70,0.6518373420093232,0.6,3
320,70,-60,0.6518373420093232,0.6,3
320,70,-50,0.6518373420093232,0.6,3
320,70,-40,0.6518373420093232,0.6,3
320,70,-30,0.6518373420093232,0.6,3
320,70,-20,0.6518373420093232,0.6,3
330,10,0,0.6518373420093232,0.6,3
330,10,10,0.6518373420093232,0.6,3
330,10,20,0.6518373420093232,0.6,3
330,10,30,0.6518373420093232,0.6,3
330,20,0,0.6518373420093232,0.6,3
330,20,10,0.6518373420093232,0.6,3
330,20,20,0.6518373420093232,0.6,3
330,20,30,0.6518373420093232,0.6,3
330,20,40,0.6518373420093232,0.6,3
330,30,-60,0.6518373420093232,0.6,3
330,30,-50,0.6518373420093232,0.6,3
330,30,-40,0.6518373420093232,0.6,3
330,30,-30,0.6518373420093232,0.6,3
330,30,-20,0.6518373420093232,0.6,3
330,30,-10,0.6518373420093232,0.6,3
330,40,-80,0.6518373420093232,0.6,3
330,40,-70,0.6518373420093232,0.6,3
330,40,-60,0.6518373420093232,0.6,3
330,40,-50,0.6518373420093232,0.6,3
330,40,-40,0.6518373420093232,0.6,3
330,40,-30,0.6518373420093232,0.6,3
330,40,-20,0.6518373420093232,0.6,3
330,40,-10,0.6518373420093232,0.6,3
330,50,-110,0.6518373420093232,0.6,3
330,50,-100,0.6518373420093232,0.6,3
330,50,-90,0.6518373420093232,0.6,3
330,50,-80,0.6518373420093232,0.6,3
330,50,-70,0.6518373420093232,0.6,3
330,50,-60,0.6518373420093232,0.6,3
330,50,-50,0.6518373420093232,0.6,3
330,50,-40,0.6518373420093232,0.6,3
330,50,-30,0.6518373420093232,0.6,3
330,50,-20,0.6518373420093232,0.6,3
330,50,-10,0.6518373420093232,0.6,3
330,60,-110,0.6518373420093232,0.6,3
330,60,-100,0.6518373420093232,0.6,3
330,60,-90,0.6518373420093232,0.6,3
330,60,-80,0.6518373420093232,0.6,3
330,60,-70,0.6518373420093232,0.6,3
330,60,-60,0.6518373420093232,0.6,3
330,60,-50,0.6518373420093232,0.6,3
330,60,-40,0.6518373420093232,0.6,3
330,60,-30,0.6518373420093232,0.6,3
330,60,-20,0.6518373420093232,0.6,3
330,60,-10,0.6518373420093232,0.6,3
330,70,-100,0.6518373420093232,0.6,3
330,70,-90,0.6518373420093232,0.6,3
330,70,-80,0.6518373420093232,0.6,3
330,70,-70,0.6518373420093232,0.6,3
330,70,-60,0.6518373420093232,0.6,3
330,70,-50,0.6518373420093232,0.6,3
330,70,-40,0.6518373420093232,0.6,3
330,70,-30,0.6518373420093232,0.6,3
330,70,-20,0.6518373420093232,0.6,3
330,70,-10,0.6518373420093232,0.6,3
340,10,10,0.6518373420093232,0.6,3
340,10,20,0.6518373420093232,0.6,3
340,10,30,0.6518373420093232,0.6,3
340,10,40,0.6518373420093232,0.6,3
340,10,50,0.6518373420093232,0.6,3
340,20,10,0.6518373420093232,0.6,3
340,20,20,0.6518373420093232,0.6,3
340,20,30,0.6518373420093232,0.6,3
340,20,40,0.6518373420093232,0.6,3
340,20,50,0.6518373420093232,0.6,3
340,30,-40,0.6518373420093232,0.6,3
340,30,-30,0.6518373420093232,0.6,3
340,30,-20,0.6518373420093232,0.6,3
340,30,-10,0.6518373420093232,0.6,3
340,30,0,0.6518373420093232,0.6,3
340,40,-70,0.6518373420093232,0.6,3
340,40,-60,0.6518373420093232,0.6,3
340,40,-50,0.6518373420093232,0.6,3
340,40,-40,0.6518373420093232,0.6,3
340,40,-30,0.6518373420093232,0.6,3
340,40,-20,0.6518373420093232,0.6,3
340,40,-10,0.6518373420093232,0.6,3
340,40,0,0.6518373420093232,0.6,3
340,50,-110,0.6518373420093232,0.6,3
340,50,-100,0.6518373420093232,0.6,3
340,50,-90,0.6518373420093232,0.6,3
340,50,-80,0.6518373420093232,0.6,3
340,50,-70,0.6518373420093232,0.6,3
340,50,-60,0.6518373420093232,0.6,3
340,50,-50,0.6518373420093232,0.6,3
340,50,-40,0.6518373420093232,0.6,3
340,50,-30,0.6518373420093232,0.6,3
340,50,-20,0.6518373420093232,0.6,3
340,50,-10,0.6518373420093232,0.6,3
340,50,0,0.6518373420093232,0.6,3
340,60,-100,0.6518373420093232,0.6,3
340,60,-90,0.6518373420093232,0.6,3
340,60,-80,0.6518373420093232,0.6,3
340,60,-70,0.6518373420093232,0.6,3
340,60,-60,0.6518373420093232,0.6,3
340,60,-50,0.6518373420093232,0.6,3
340,60,-40,0.6518373420093232,0.6,3
340,60,-30,0.6518373420093232,0.6,3
340,60,-20,0.6518373420093232,0.6,3
340,60,-10,0.6518373420093232,0.6,3
340,60,0,0.6518373420093232,0.6,3
340,70,-100,0.6518373420093232,0.6,3
340,70,-90,0.6518373420093232,0.6,3
340,70,-80,0.6518373420093232,0.6,3
340,70,-70,0.6518373420093232,0.6,3
340,70,-60,0.6518373420093232,0.6,3
340,70,-50,0.6518373420093232,0.6,3
340,70,-40,0.6518373420093232,0.6,3
340,70,-30,0.6518373420093232,0.6,3
340,70,-20,0.6518373420093232,0.6,3
340,70,-10,0.6518373420093232,0.6,3
340,70,0,0.6518373420093232,0.6,3
340,80,-90,0.6518373420093232,0.6,3
340,80,-80,0.6518373420093232,0.6,3
340,80,-70,0.6518373420093232,0.6,3
340,80,-60,0.6518373420093232,0.6,3
340,80,-50,0.6518373420093232,0.6,3
340,80,-40,0.6518373420093232,0.6,3
340,80,-30,0.6518373420093232,0.6,3
340,80,-20,0.6518373420093232,0.6,3
340,80,-10,0.6518373420093232,0.6,3
340,80,0,0.6518373420093232,0.6,3
350,10,20,0.6518373420093232,0.6,3
350,10,30,0.6518373420093232,0.6,3
350,10,40,0.6518373420093232,0.6,3
350,10,50,0.6518373420093232,0.6,3
350,10,60,0.6518373420093232,0.6,3
350,20,20,0.6518373420093232,0.6,3
350,20,30,0.6518373420093232,0.6,3
350,20,40,0.6518373420093232,0.6,3
350,20,50,0.6518373420093232,0.6,3
350,20,60,0.6518373420093232,0.6,3
350,30,-20,0.6518373420093232,0.6,3
350,30,-10,0.6518373420093232,0.6,3
350,30,0,0.6518373420093232,0.6,3
350,30,10,0.6518373420093232,0.6,3
350,40,-50,0.6518373420093232,0.6,3
350,40,-40,0.6518373420093232,0.6,3
350,40,-30,0.6518373420093232,0.6,3
350,40,-20,0.6518373420093232,0.6,3
350,40,-10,0.6518373420093232,0.6,3
350,40,0,0.6518373420093232,0.6,3
350,40,10,0.6518373420093232,0.6,3
350,50,-100,0.6518373420093232,0.6,3
350,50,-90,0.6518373420093232,0.6,3
350,50,-80,0.6518373420093232,0.6,3
350,50,-70,0.6518373420093232,0.6,3
350,50,-60,0.6518373420093232,0.6,3
350,50,-50,0.6518373420093232,0.6,3
350,50,-40,0.6518373420093232,0.6,3
350,50,-30,0.6518373420093232,0.6,3
350,50,-20,0.6518373420093232,0.6,3
350,50,-10,0.6518373420093232,0.6,3
350,50,0,0.6518373420093232,0.6,3
350,50,10,0.6518373420093232,0.6,3
350,60,-100,0.6518373420093232,0.6,3
350,60,-90,0.6518373420093232,0.6,3
350,60,-80,0.6518373420093232,0.6,3
350,60,-70,0.6518373420093232,0.6,3
350,60,-60,0.6518373420093232,0.6,3
350,60,-50,0.6518373420093232,0.6,3
350,60,-40,0.6518373420093232,0.6,3
350,60,-30,0.6518373420093232,0.6,3
350,60,-20,0.6518373420093232,0.6,3
350,60,-10,0.6518373420093232,0.6,3
350,60,0,0.6518373420093232,0.6,3
350,60,10,0.6518373420093232,0.6,3
350,70,-90,0.6518373420093232,0.6,3
350,70,-80,0.6518373420093232,0.6,3
350,70,-70,0.6518373420093232,0.6,3
350,70,-60,0.6518373420093232,0.6,3
350,70,-50,0.6518373420093232,0.6,3
350,70,-40,0.6518373420093232,0.6,3
350,70,-30,0.6518373420093232,0.6,3
350,70,-20,0.6518373420093232,0.6,3
350,70,-10,0.6518373420093232,0.6,3
350,70,0,0.6518373420093232,0.6,3
350,70,10,0.6518373420093232,0.6,3
350,80,-90,0.6518373420093232,0.6,3
350,80,-80,0.6518373420093232,0.6,3
350,80,-70,0.6518373420093232,0.6,3
350,80,-60,0.6518373420093232,0.6,3
350,80,-50,0.6518373420093232,0.6,3
350,80,-40,0.6518373420093232,0.6,3
350,80,-30,0.6518373420093232,0.6,3
350,80,-20,0.6518373420093232,0.6,3
350,80,-10,0.6518373420093232,0.6,3
350,80,0,0.6518373420093232,0.6,3
350,80,10,0.6518373420093232,0.6,3
350,90,-80,0.6518373420093232,0.6,3
350,90,-70,0.6518373420093232,0.6,3
350,90,-60,0.6518373420093232,0.6,3
350,90,-50,0.6518373420093232,0.6,3
350,90,-40,0.6518373420093232,0.6,3
350,90,-30,0.6518373420093232,0.6,3
350,90,-20,0.6518373420093232,0.6,3
350,90,-10,0.6518373420093232,0.6,3
350,90,0,0.6518373420093232,0.6,3
350,90,10,0.6518373420093232,0.6,3
0,30,-100,0.6587704897673685,0.6,3
0,30,-90,0.6587704897673685,0.6,3
0,30,-80,0.6587704897673685,0.6,3
0,30,-70,0.6587704897673685,0.6,3
0,30,-60,0.6587704897673685,0.6,3
0,40,-100,0.6587704897673685,0.6,3
0,40,-90,0.6587704897673685,0.6,3
0,40,-80,0.6587704897673685,0.6,3
0,80,30,0.6587704897673685,0.6,3
0,90,30,0.6587704897673685,0.6,3
0,90,40,0.6587704897673685,0.6,3
10,40,-90,0.6587704897673685,0.6,3
10,40,-80,0.6587704897673685,0.6,3
10,40,-70,0.6587704897673685,0.6,3
10,70,30,0.6587704897673685,0.6,3
10,80,20,0.6587704897673685,0.6,3
10,80,30,0.6587704897673685,0.6,3
10,80,40,0.6587704897673685,0.6,3
10,90,20,0.6587704897673685,0.6,3
10,90,30,0.6587704897673685,0.6,3
10,90,40,0.6587704897673685,0.6,3
20,40,-80,0.6587704897673685,0.6,3
20,40,-70,0.6587704897673685,0.6,3
20,40,-60,0.6587704897673685,0.6,3
20,40,-50,0.6587704897673685,0.6,3
20,40,-40,0.6587704897673685,0.6,3
20,40,-30,0.6587704897673685,0.6,3
20,50,40,0.6587704897673685,0.6,3
20,60,20,0.6587704897673685,0.6,3
20,60,30,0.6587704897673685,0.6,3
20,60,40,0.6587704897673685,0.6,3
20,70,10,0.6587704897673685,0.6,3
20,70,20,0.6587704897673685,0.6,3
20,70,30,0.6587704897673685,0.6,3
20,70,40,0.6587704897673685,0.6,3
20,80,10,0.6587704897673685,0.6,3
20,80,20,0.6587704897673685,0.6,3
20,80,30,0.6587704897673685,0.6,3
20,80,40,0.6587704897673685,0.6,3
20,90,10,0.6587704897673685,0.6,3
20,90,20,0.6587704897673685,0.6,3
20,90,30,0.6587704897673685,0.6,3
150,60,-120,0.6587704897673685,0.6,3
150,60,-110,0.6587704897673685,0.6,3
150,60,-100,0.6587704897673685,0.6,3
150,60,-90,0.6587704897673685,0.6,3
150,60,-80,0.6587704897673685,0.6,3
150,60,-70,0.6587704897673685,0.6,3
150,60,-60,0.6587704897673685,0.6,3
160,60,-110,0.6587704897673685,0.6,3
160,60,-100,0.6587704897673685,0.6,3
160,60,-90,0.6587704897673685,0.6,3
160,60,-80,0.6587704897673685,0.6,3
160,60,-70,0.6587704897673685,0.6,3
160,60,-60,0.6587704897673685,0.6,3
170,50,-110,0.6587704897673685,0.6,3
170,50,-100,0.6587704897673685,0.6,3
170,50,-90,0.6587704897673685,0.6,3
170,50,-80,0.6587704897673685,0.6,3
170,50,-70,0.6587704897673685,0.6,3
170,50,-60,0.6587704897673685,0.6,3
170,50,-50,0.6587704897673685,0.6,3
170,60,-90,0.6587704897673685,0.6,3
170,60,-80,0.6587704897673685,0.6,3
170,60,-70,0.6587704897673685,0.6,3
170,60,-60,0.6587704897673685,0.6,3
170,60,-50,0.6587704897673685,0.6,3
170,70,-60,0.6587704897673685,0.6,3
170,70,-50,0.6587704897673685,0.6,3
180,50,-100,0.6587704897673685,0.6,3
180,50,-90,0.6587704897673685,0.6,3
180,50,-80,0.6587704897673685,0.6,3
180,50,-70,0.6587704897673685,0.6,3
180,50,-60,0.6587704897673685,0.6,3
180,50,-50,0.6587704897673685,0.6,3
180,60,-90,0.6587704897673685,0.6,3
180,60,-80,0.6587704897673685,0.6,3
180,60,-70,0.6587704897673685,0.6,3
180,60,-60,0.6587704897673685,0.6,3
180,60,-50,0.6587704897673685,0.6,3
180,70,-60,0.6587704897673685,0.6,3
180,70,-50,0.6587704897673685,0.6,3
180,80,-40,0.6587704897673685,0.6,3
180,80,-30,0.6587704897673685,0.6,3
180,90,-40,0.6587704897673685,0.6,3
180,90,-30,0.6587704897673685,0.6,3
190,50,-100,0.6587704897673685,0.6,3
190,50,-90,0.6587704897673685,0.6,3
190,50,-80,0.6587704897673685,0.6,3
190,50,-70,0.6587704897673685,0.6,3
190,50,-60,0.6587704897673685,0.6,3
190,50,-50,0.6587704897673685,0.6,3
190,50,-40,0.6587704897673685,0.6,3
190,60,-80,0.6587704897673685,0.6,3
190,60,-70,0.6587704897673685,0.6,3
190,60,-60,0.6587704897673685,0.6,3
190,60,-50,0.6587704897673685,0.6,3
190,60,-40,0.6587704897673685,0.6,3
190,70,-30,0.6587704897673685,0.6,3
190,70,-20,0.6587704897673685,0.6,3
190,80,-30,0.6587704897673685,0.6,3
190,80,-20,0.6587704897673685,0.6,3
190,90,-40,0.6587704897673685,0.6,3
190,90,-30,0.6587704897673685,0.6,3
190,90,-20,0.6587704897673685,0.6,3
200,80,-30,0.6587704897673685,0.6,3
200,80,-20,0.6587704897673685,0.6,3
200,80,-10,0.6587704897673685,0.6,3
200,90,-30,0.6587704897673685,0.6,3
200,90,-20,0.6587704897673685,0.6,3
200,90,-10,0.6587704897673685,0.6,3
270,50,-180,0.6587704897673685,0.6,3
270,50,-170,0.6587704897673685,0.6,3
270,50,150,0.6587704897673685,0.6,3
270,50,160,0.6587704897673685,0.6,3
270,50,170,0.6587704897673685,0.6,3
270,60,-180,0.6587704897673685,0.6,3
270,60,-170,0.6587704897673685,0.6,3
270,60,140,0.6587704897673685,0.6,3
270,60,150,0.6587704897673685,0.6,3
270,60,160,0.6587704897673685,0.6,3
270,60,170,0.6587704897673685,0.6,3
280,50,-180,0.6587704897673685,0.6,3
280,50,-170,0.6587704897673685,0.6,3
280,50,-160,0.6587704897673685,0.6,3
280,50,170,0.6587704897673685,0.6,3
280,60,-180,0.6587704897673685,0.6,3
280,60,-170,0.6587704897673685,0.6,3
280,60,-160,0.6587704897673685,0.6,3
280,60,160,0.6587704897673685,0.6,3
280,60,170,0.6587704897673685,0.6,3
280,70,-180,0.6587704897673685,0.6,3
280,70,-170,0.6587704897673685,0.6,3
280,70,-160,0.6587704897673685,0.6,3
280,70,150,0.6587704897673685,0.6,3
280,70,160,0.6587704897673685,0.6,3
280,70,170,0.6587704897673685,0.6,3
290,40,-150,0.6587704897673685,0.6,3
290,40,-140,0.6587704897673685,0.6,3
290,40,-130,0.6587704897673685,0.6,3
290,50,-150,0.6587704897673685,0.6,3
290,50,-140,0.6587704897673685,0.6,3
290,50,-130,0.6587704897673685,0.6,3
290,60,-180,0.6587704897673685,0.6,3
290,60,-170,0.6587704897673685,0.6,3
290,60,-160,0.6587704897673685,0.6,3
290,70,-180,0.6587704897673685,0.6,3
290,70,-170,0.6587704897673685,0.6,3
290,70,-160,0.6587704897673685,0.6,3
290,80,-180,0.6587704897673685,0.6,3
290,80,-170,0.6587704897673685,0.6,3
290,80,-160,0.6587704897673685,0.6,3
290,80,-150,0.6587704897673685,0.6,3
290,80,170,0.6587704897673685,0.6,3
300,40,-140,0.6587704897673685,0.6,3
300,40,-130,0.6587704897673685,0.6,3
300,40,-120,0.6587704897673685,0.6,3
300,50,-140,0.6587704897673685,0.6,3
300,50,-130,0.6587704897673685,0.6,3
300,60,-150,0.6587704897673685,0.6,3
310,30,-130,0.6587704897673685,0.6,3
310,30,-120,0.6587704897673685,0.6,3
310,30,-110,0.6587704897673685,0.6,3
310,40,-130,0.6587704897673685,0.6,3
310,40,-120,0.6587704897673685,0.6,3
310,50,-140,0.6587704897673685,0.6,3
310,50,-130,0.6587704897673685,0.6,3
310,60,-140,0.6587704897673685,0.6,3
310,60,-130,0.6587704897673685,0.6,3
320,30,-120,0.6587704897673685,0.6,3
320,30,-110,0.6587704897673685,0.6,3
320,30,-100,0.6587704897673685,0.6,3
320,40,-130,0.6587704897673685,0.6,3
320,40,-120,0.6587704897673685,0.6,3
320,40,-110,0.6587704897673685,0.6,3
320,50,-130,0.6587704897673685,0.6,3
320,50,-120,0.6587704897673685,0.6,3
330,30,-120,0.6587704897673685,0.6,3
330,30,-110,0.6587704897673685,0.6,3
330,30,-100,0.6587704897673685,0.6,3
330,30,-90,0.6587704897673685,0.6,3
330,40,-120,0.6587704897673685,0.6,3
330,40,-110,0.6587704897673685,0.6,3
330,50,-120,0.6587704897673685,0.6,3
340,30,-110,0.6587704897673685,0.6,3
340,30,-100,0.6587704897673685,0.6,3
340,30,-90,0.6587704897673685,0.6,3
340,30,-80,0.6587704897673685,0.6,3
340,40,-120,0.6587704897673685,0.6,3
340,40,-110,0.6587704897673685,0.6,3
340,40,-100,0.6587704897673685,0.6,3
350,30,-100,0.6587704897673685,0.6,3
350,30,-90,0.6587704897673685,0.6,3
350,30,-80,0.6587704897673685,0.6,3
350,30,-70,0.6587704897673685,0.6,3
350,40,-110,0.6587704897673685,0.6,3
350,40,-100,0.6587704897673685,0.6,3
350,40,-90,0.6587704897673685,0.6,3
0,10,160,0.7163290068392972,0.8,4
0,10,170,0.7163290068392972,0.8,4
0,20,150,0.7163290068392972,0.8,4
0,20,160,0.7163290068392972,0.8,4
0,20,170,0.7163290068392972,0.8,4
0,50,-150,0.7163290068392972,0.8,4
0,50,-140,0.7163290068392972,0.8,4
0,50,-130,0.7163290068392972,0.8,4
0,50,-120,0.7163290068392972,0.8,4
0,60,-150,0.7163290068392972,0.8,4
0,60,-140,0.7163290068392972,0.8,4
0,70,-150,0.7163290068392972,0.8,4
10,10,-180,0.7163290068392972,0.8,4
10,10,170,0.7163290068392972,0.8,4
10,20,-180,0.7163290068392972,0.8,4
10,20,-170,0.7163290068392972,0.8,4
10,20,160,0.7163290068392972,0.8,4
10,20,170,0.7163290068392972,0.8,4
10,30,-180,0.7163290068392972,0.8,4
10,30,-170,0.7163290068392972,0.8,4
10,30,-160,0.7163290068392972,0.8,4
10,30,150,0.7163290068392972,0.8,4
10,30,160,0.7163290068392972,0.8,4
10,30,170,0.7163290068392972,0.8,4
10,40,-140,0.7163290068392972,0.8,4
10,50,-140,0.7163290068392972,0.8,4
10,50,-130,0.7163290068392972,0.8,4
10,50,-120,0.7163290068392972,0.8,4
20,10,-180,0.7163290068392972,0.8,4
20,10,-170,0.7163290068392972,0.8,4
20,10,-160,0.7163290068392972,0.8,4
20,20,-180,0.7163290068392972,0.8,4
20,20,-170,0.7163290068392972,0.8,4
20,20,-160,0.7163290068392972,0.8,4
20,30,-180,0.7163290068392972,0.8,4
20,30,-170,0.7163290068392972,0.8,4
20,30,-160,0.7163290068392972,0.8,4
20,30,-150,0.7163290068392972,0.8,4
20,30,170,0.7163290068392972,0.8,4
20,40,-140,0.7163290068392972,0.8,4
20,40,-130,0.7163290068392972,0.8,4
20,40,-120,0.7163290068392972,0.8,4
20,40,-110,0.7163290068392972,0.8,4
30,10,-170,0.7163290068392972,0.8,4
30,10,-160,0.7163290068392972,0.8,4
30,10,-150,0.7163290068392972,0.8,4
30,20,-170,0.7163290068392972,0.8,4
30,20,-160,0.7163290068392972,0.8,4
30,20,-150,0.7163290068392972,0.8,4
30,20,-140,0.7163290068392972,0.8,4
40,10,-160,0.7163290068392972,0.8,4
40,10,-150,0.7163290068392972,0.8,4
40,10,-140,0.7163290068392972,0.8,4
100,90,60,0.7163290068392972,0.8,4
100,90,70,0.7163290068392972,0.8,4
100,90,80,0.7163290068392972,0.8,4
100,90,90,0.7163290068392972,0.8,4
100,90,100,0.7163290068392972,0.8,4
100,90,110,0.7163290068392972,0.8,4
110,80,70,0.7163290068392972,0.8,4
110,80,80,0.7163290068392972,0.8,4
110,80,90,0.7163290068392972,0.8,4
110,80,100,0.7163290068392972,0.8,4
110,80,110,0.7163290068392972,0.8,4
110,80,120,0.7163290068392972,0.8,4
110,80,130,0.7163290068392972,0.8,4
110,90,60,0.7163290068392972,0.8,4
110,90,70,0.7163290068392972,0.8,4
110,90,80,0.7163290068392972,0.8,4
110,90,90,0.7163290068392972,0.8,4
110,90,100,0.7163290068392972,0.8,4
110,90,110,0.7163290068392972,0.8,4
110,90,120,0.7163290068392972,0.8,4
110,90,130,0.7163290068392972,0.8,4
120,70,80,0.7163290068392972,0.8,4
120,70,90,0.7163290068392972,0.8,4
120,70,100,0.7163290068392972,0.8,4
120,70,110,0.7163290068392972,0.8,4
120,70,120,0.7163290068392972,0.8,4
120,70,130,0.7163290068392972,0.8,4
120,80,60,0.7163290068392972,0.8,4
120,80,70,0.7163290068392972,0.8,4
120,80,80,0.7163290068392972,0.8,4
120,80,90,0.7163290068392972,0.8,4
120,80,100,0.7163290068392972,0.8,4
120,80,110,0.7163290068392972,0.8,4
120,80,120,0.7163290068392972,0.8,4
120,80,130,0.7163290068392972,0.8,4
130,60,100,0.7163290068392972,0.8,4
130,60,110,0.7163290068392972,0.8,4
130,60,120,0.7163290068392972,0.8,4
130,70,70,0.7163290068392972,0.8,4
130,70,80,0.7163290068392972,0.8,4
130,70,90,0.7163290068392972,0.8,4
130,70,100,0.7163290068392972,0.8,4
130,70,110,0.7163290068392972,0.8,4
130,70,120,0.7163290068392972,0.8,4
130,70,130,0.7163290068392972,0.8,4
140,60,100,0.7163290068392972,0.8,4
140,60,110,0.7163290068392972,0.8,4
140,60,120,0.7163290068392972,0.8,4
170,90,150,0.7163290068392972,0.8,4
180,10,-20,0.7163290068392972,0.8,4
180,10,-10,0.7163290068392972,0.8,4
190,10,-10,0.7163290068392972,0.8,4
190,10,0,0.7163290068392972,0.8,4
190,20,-10,0.7163290068392972,0.8,4
190,20,0,0.7163290068392972,0.8,4
200,10,0,0.7163290068392972,0.8,4
200,10,10,0.7163290068392972,0.8,4
200,20,0,0.7163290068392972,0.8,4
200,20,10,0.7163290068392972,0.8,4
200,30,0,0.7163290068392972,0.8,4
200,30,10,0.7163290068392972,0.8,4
200,40,0,0.7163290068392972,0.8,4
200,40,10,0.7163290068392972,0.8,4
210,10,10,0.7163290068392972,0.8,4
210,10,20,0.7163290068392972,0.8,4
210,20,10,0.7163290068392972,0.8,4
210,20,20,0.7163290068392972,0.8,4
210,30,10,0.7163290068392972,0.8,4
210,30,20,0.7163290068392972,0.8,4
210,40,10,0.7163290068392972,0.8,4
220,10,20,0.7163290068392972,0.8,4
220,10,30,0.7163290068392972,0.8,4
220,20,20,0.7163290068392972,0.8,4
220,30,20,0.7163290068392972,0.8,4
220,40,20,0.7163290068392972,0.8,4
220,50,-80,0.7163290068392972,0.8,4
220,50,-70,0.7163290068392972,0.8,4
220,50,-60,0.7163290068392972,0.8,4
220,50,-50,0.7163290068392972,0.8,4
220,50,-40,0.7163290068392972,0.8,4
220,50,-30,0.7163290068392972,0.8,4
230,10,30,0.7163290068392972,0.8,4
230,10,40,0.7163290068392972,0.8,4
230,20,30,0.7163290068392972,0.8,4
230,30,20,0.7163290068392972,0.8,4
230,30,30,0.7163290068392972,0.8,4
230,40,20,0.7163290068392972,0.8,4
230,40,30,0.7163290068392972,0.8,4
230,50,-70,0.7163290068392972,0.8,4
230,50,-60,0.7163290068392972,0.8,4
230,50,-50,0.7163290068392972,0.8,4
230,50,-40,0.7163290068392972,0.8,4
230,50,-30,0.7163290068392972,0.8,4
230,50,-20,0.7163290068392972,0.8,4
240,10,40,0.7163290068392972,0.8,4
240,10,50,0.7163290068392972,0.8,4
240,20,30,0.7163290068392972,0.8,4
240,20,40,0.7163290068392972,0.8,4
240,30,30,0.7163290068392972,0.8,4
240,30,40,0.7163290068392972,0.8,4
240,40,30,0.7163290068392972,0.8,4
240,60,-60,0.7163290068392972,0.8,4
240,60,-50,0.7163290068392972,0.8,4
240,60,-40,0.7163290068392972,0.8,4
240,60,-30,0.7163290068392972,0.8,4
240,60,-20,0.7163290068392972,0.8,4
240,60,-10,0.7163290068392972,0.8,4
250,10,50,0.7163290068392972,0.8,4
250,10,60,0.7163290068392972,0.8,4
250,20,40,0.7163290068392972,0.8,4
250,20,50,0.7163290068392972,0.8,4
250,30,40,0.7163290068392972,0.8,4
250,40,40,0.7163290068392972,0.8,4
250,60,-60,0.7163290068392972,0.8,4
250,60,-50,0.7163290068392972,0.8,4
250,60,-40,0.7163290068392972,0.8,4
250,60,-30,0.7163290068392972,0.8,4
250,60,-20,0.7163290068392972,0.8,4
250,60,-10,0.7163290068392972,0.8,4
260,10,50,0.7163290068392972,0.8,4
260,10,60,0.7163290068392972,0.8,4
260,20,50,0.7163290068392972,0.8,4
260,20,60,0.7163290068392972,0.8,4
260,30,50,0.7163290068392972,0.8,4
260,40,40,0.7163290068392972,0.8,4
260,40,50,0.7163290068392972,0.8,4
260,60,-50,0.7163290068392972,0.8,4
260,60,-40,0.7163290068392972,0.8,4
260,60,-30,0.7163290068392972,0.8,4
260,60,-20,0.7163290068392972,0.8,4
260,60,-10,0.7163290068392972,0.8,4
260,60,0,0.7163290068392972,0.8,4
260,70,-60,0.7163290068392972,0.8,4
270,10,60,0.7163290068392972,0.8,4
270,10,70,0.7163290068392972,0.8,4
270,20,60,0.7163290068392972,0.8,4
270,20,70,0.7163290068392972,0.8,4
270,30,50,0.7163290068392972,0.8,4
270,30,60,0.7163290068392972,0.8,4
270,40,50,0.7163290068392972,0.8,4
270,80,-70,0.7163290068392972,0.8,4
270,80,-60,0.7163290068392972,0.8,4
280,10,70,0.7163290068392972,0.8,4
280,10,80,0.7163290068392972,0.8,4
280,20,60,0.7163290068392972,0.8,4
280,20,70,0.7163290068392972,0.8,4
280,30,60,0.7163290068392972,0.8,4
280,40,60,0.7163290068392972,0.8,4
280,80,-60,0.7163290068392972,0.8,4
280,90,-110,0.7163290068392972,0.8,4
280,90,-100,0.7163290068392972,0.8,4
280,90,-90,0.7163290068392972,0.8,4
280,90,-80,0.7163290068392972,0.8,4
280,90,-70,0.7163290068392972,0.8,4
280,90,-60,0.7163290068392972,0.8,4
290,10,80,0.7163290068392972,0.8,4
290,10,90,0.7163290068392972,0.8,4
290,20,70,0.7163290068392972,0.8,4
290,20,80,0.7163290068392972,0.8,4
290,30,70,0.7163290068392972,0.8,4
290,90,-130,0.7163290068392972,0.8,4
290,90,-120,0.7163290068392972,0.8,4
290,90,-110,0.7163290068392972,0.8,4
290,90,-100,0.7163290068392972,0.8,4
290,90,-90,0.7163290068392972,0.8,4
290,90,-80,0.7163290068392972,0.8,4
290,90,-70,0.7163290068392972,0.8,4
290,90,-60,0.7163290068392972,0.8,4
300,10,90,0.7163290068392972,0.8,4
300,10,100,0.7163290068392972,0.8,4
300,20,80,0.7163290068392972,0.8,4
300,20,90,0.7163290068392972,0.8,4
300,30,70,0.7163290068392972,0.8,4
300,30,80,0.7163290068392972,0.8,4
310,10,100,0.7163290068392972,0.8,4
310,10,110,0.7163290068392972,0.8,4
310,20,90,0.7163290068392972,0.8,4
310,20,100,0.7163290068392972,0.8,4
320,10,110,0.7163290068392972,0.8,4
320,10,120,0.7163290068392972,0.8,4
320,10,130,0.7163290068392972,0.8,4
320,20,100,0.7163290068392972,0.8,4
320,20,110,0.7163290068392972,0.8,4
330,10,120,0.7163290068392972,0.8,4
330,10,130,0.7163290068392972,0.8,4
330,10,140,0.7163290068392972,0.8,4
330,20,110,0.7163290068392972,0.8,4
330,20,120,0.7163290068392972,0.8,4
330,20,130,0.7163290068392972,0.8,4
340,10,130,0.7163290068392972,0.8,4
340,10,140,0.7163290068392972,0.8,4
340,10,150,0.7163290068392972,0.8,4
340,20,120,0.7163290068392972,0.8,4
340,20,130,0.7163290068392972,0.8,4
340,20,140,0.7163290068392972,0.8,4
340,70,-140,0.7163290068392972,0.8,4
340,80,-150,0.7163290068392972,0.8,4
340,80,-140,0.7163290068392972,0.8,4
350,10,140,0.7163290068392972,0.8,4
350,10,150,0.7163290068392972,0.8,4
350,10,160,0.7163290068392972,0.8,4
350,20,130,0.7163290068392972,0.8,4
350,20,140,0.7163290068392972,0.8,4
350,20,150,0.7163290068392972,0.8,4
350,20,160,0.7163290068392972,0.8,4
350,60,-140,0.7163290068392972,0.8,4
350,60,-130,0.7163290068392972,0.8,4
350,70,-160,0.7163290068392972,0.8,4
350,70,-150,0.7163290068392972,0.8,4
350,70,-140,0.7163290068392972,0.8,4
350,80,-150,0.7163290068392972,0.8,4
350,90,-150,0.7163290068392972,0.8,4
100,90,-40,0.7240917491845587,0.8,4
100,90,-30,0.7240917491845587,0.8,4
150,50,130,0.7240917491845587,0.8,4
150,50,140,0.7240917491845587,0.8,4
160,50,130,0.7240917491845587,0.8,4
160,50,140,0.7240917491845587,0.8,4
160,60,150,0.7240917491845587,0.8,4
160,60,160,0.7240917491845587,0.8,4
160,70,150,0.7240917491845587,0.8,4
160,70,160,0.7240917491845587,0.8,4
170,50,160,0.7240917491845587,0.8,4
170,50,170,0.7240917491845587,0.8,4
170,60,160,0.7240917491845587,0.8,4
170,60,170,0.7240917491845587,0.8,4
170,70,160,0.7240917491845587,0.8,4
170,70,170,0.7240917491845587,0.8,4
170,80,160,0.7240917491845587,0.8,4
180,50,170,0.7240917491845587,0.8,4
180,60,170,0.7240917491845587,0.8,4
180,70,170,0.7240917491845587,0.8,4
190,50,-180,0.7240917491845587,0.8,4
190,50,170,0.7240917491845587,0.8,4
190,60,-180,0.7240917491845587,0.8,4
190,60,170,0.7240917491845587,0.8,4
260,70,10,0.7240917491845587,0.8,4
260,70,20,0.7240917491845587,0.8,4
260,70,30,0.7240917491845587,0.8,4
270,50,50,0.7240917491845587,0.8,4
270,70,20,0.7240917491845587,0.8,4
270,70,30,0.7240917491845587,0.8,4
270,70,40,0.7240917491845587,0.8,4
270,80,20,0.7240917491845587,0.8,4
270,80,30,0.7240917491845587,0.8,4
270,80,40,0.7240917491845587,0.8,4
280,50,50,0.7240917491845587,0.8,4
280,60,50,0.7240917491845587,0.8,4
280,80,30,0.7240917491845587,0.8,4
280,80,40,0.7240917491845587,0.8,4
280,90,30,0.7240917491845587,0.8,4
280,90,40,0.7240917491845587,0.8,4
290,60,50,0.7240917491845587,0.8,4
30,30,50,0.8085506561755972,0.6,3
30,40,50,0.8085506561755972,0.6,3
30,40,60,0.8085506561755972,0.6,3
30,40,70,0.8085506561755972,0.6,3
30,40,80,0.8085506561755972,0.6,3
30,50,-60,0.8085506561755972,0.6,3
30,50,-50,0.8085506561755972,0.6,3
30,60,-40,0.8085506561755972,0.6,3
30,60,-30,0.8085506561755972,0.6,3
30,60,-20,0.8085506561755972,0.6,3
30,70,-30,0.8085506561755972,0.6,3
30,70,-20,0.8085506561755972,0.6,3
30,80,-30,0.8085506561755972,0.6,3
30,80,-20,0.8085506561755972,0.6,3
30,80,-10,0.8085506561755972,0.6,3
30,90,-20,0.8085506561755972,0.6,3
30,90,-10,0.8085506561755972,0.6,3
40,30,60,0.8085506561755972,0.6,3
40,30,70,0.8085506561755972,0.6,3
40,40,70,0.8085506561755972,0.6,3
40,40,80,0.8085506561755972,0.6,3
40,40,90,0.8085506561755972,0.6,3
40,60,-50,0.8085506561755972,0.6,3
40,60,-40,0.8085506561755972,0.6,3
40,70,-40,0.8085506561755972,0.6,3
40,70,-30,0.8085506561755972,0.6,3
40,80,-30,0.8085506561755972,0.6,3
40,80,-20,0.8085506561755972,0.6,3
40,90,-30,0.8085506561755972,0.6,3
40,90,-20,0.8085506561755972,0.6,3
50,30,70,0.8085506561755972,0.6,3
50,30,80,0.8085506561755972,0.6,3
50,40,90,0.8085506561755972,0.6,3
50,70,-40,0.8085506561755972,0.6,3
50,80,-40,0.8085506561755972,0.6,3
50,80,-30,0.8085506561755972,0.6,3
50,90,-30,0.8085506561755972,0.6,3
60,30,80,0.8085506561755972,0.6,3
60,30,90,0.8085506561755972,0.6,3
60,40,100,0.8085506561755972,0.6,3
60,90,-40,0.8085506561755972,0.6,3
70,30,90,0.8085506561755972,0.6,3
70,40,100,0.8085506561755972,0.6,3
80,30,90,0.8085506561755972,0.6,3
80,30,100,0.8085506561755972,0.6,3
80,40,110,0.8085506561755972,0.6,3
90,30,100,0.8085506561755972,0.6,3
90,30,110,0.8085506561755972,0.6,3
90,40,110,0.8085506561755972,0.6,3
90,40,120,0.8085506561755972,0.6,3
90,50,120,0.8085506561755972,0.6,3
100,30,110,0.8085506561755972,0.6,3
100,30,120,0.8085506561755972,0.6,3
100,40,120,0.8085506561755972,0.6,3
100,50,130,0.8085506561755972,0.6,3
100,60,130,0.8085506561755972,0.6,3
110,30,120,0.8085506561755972,0.6,3
110,40,120,0.8085506561755972,0.6,3
110,40,130,0.8085506561755972,0.6,3
110,50,130,0.8085506561755972,0.6,3
110,60,130,0.8085506561755972,0.6,3
110,80,150,0.8085506561755972,0.6,3
110,80,160,0.8085506561755972,0.6,3
110,80,170,0.8085506561755972,0.6,3
110,90,150,0.8085506561755972,0.6,3
110,90,160,0.8085506561755972,0.6,3
120,30,130,0.8085506561755972,0.6,3
120,40,130,0.8085506561755972,0.6,3
120,50,130,0.8085506561755972,0.6,3
120,60,140,0.8085506561755972,0.6,3
120,70,-180,0.8085506561755972,0.6,3
120,70,-170,0.8085506561755972,0.6,3
120,70,-160,0.8085506561755972,0.6,3
120,70,150,0.8085506561755972,0.6,3
120,70,160,0.8085506561755972,0.6,3
120,70,170,0.8085506561755972,0.6,3
120,80,-180,0.8085506561755972,0.6,3
120,80,-170,0.8085506561755972,0.6,3
120,80,-160,0.8085506561755972,0.6,3
120,80,-150,0.8085506561755972,0.6,3
120,80,140,0.8085506561755972,0.6,3
120,80,150,0.8085506561755972,0.6,3
120,80,160,0.8085506561755972,0.6,3
120,80,170,0.8085506561755972,0.6,3
130,40,140,0.8085506561755972,0.6,3
130,50,140,0.8085506561755972,0.6,3
130,60,-180,0.8085506561755972,0.6,3
130,60,-170,0.8085506561755972,0.6,3
130,60,-160,0.8085506561755972,0.6,3
130,60,-150,0.8085506561755972,0.6,3
130,60,150,0.8085506561755972,0.6,3
130,60,160,0.8085506561755972,0.6,3
130,60,170,0.8085506561755972,0.6,3
130,70,-180,0.8085506561755972,0.6,3
130,70,-170,0.8085506561755972,0.6,3
130,70,-160,0.8085506561755972,0.6,3
130,70,-150,0.8085506561755972,0.6,3
130,70,150,0.8085506561755972,0.6,3
130,70,160,0.8085506561755972,0.6,3
130,70,170,0.8085506561755972,0.6,3
140,40,150,0.8085506561755972,0.6,3
140,50,140,0.8085506561755972,0.6,3
140,50,150,0.8085506561755972,0.6,3
140,60,-180,0.8085506561755972,0.6,3
140,60,-170,0.8085506561755972,0.6,3
140,60,-160,0.8085506561755972,0.6,3
140,60,-150,0.8085506561755972,0.6,3
140,60,-140,0.8085506561755972,0.6,3
140,60,160,0.8085506561755972,0.6,3
140,60,170,0.8085506561755972,0.6,3
150,50,-180,0.8085506561755972,0.6,3
150,50,-170,0.8085506561755972,0.6,3
150,50,-160,0.8085506561755972,0.6,3
150,50,-150,0.8085506561755972,0.6,3
150,50,-140,0.8085506561755972,0.6,3
150,50,170,0.8085506561755972,0.6,3
160,50,-150,0.8085506561755972,0.6,3
160,50,-140,0.8085506561755972,0.6,3
160,50,-130,0.8085506561755972,0.6,3
200,60,0,0.8085506561755972,0.6,3
200,60,10,0.8085506561755972,0.6,3
200,70,0,0.8085506561755972,0.6,3
200,70,10,0.8085506561755972,0.6,3
210,60,10,0.8085506561755972,0.6,3
210,60,20,0.8085506561755972,0.6,3
210,70,10,0.8085506561755972,0.6,3
210,70,20,0.8085506561755972,0.6,3
210,80,10,0.8085506561755972,0.6,3
210,80,20,0.8085506561755972,0.6,3
210,90,10,0.8085506561755972,0.6,3
210,90,20,0.8085506561755972,0.6,3
220,50,30,0.8085506561755972,0.6,3
220,50,40,0.8085506561755972,0.6,3
220,50,50,0.8085506561755972,0.6,3
220,50,60,0.8085506561755972,0.6,3
220,50,70,0.8085506561755972,0.6,3
220,50,80,0.8085506561755972,0.6,3
220,50,90,0.8085506561755972,0.6,3
220,60,20,0.8085506561755972,0.6,3
220,70,20,0.8085506561755972,0.6,3
220,80,20,0.8085506561755972,0.6,3
220,90,20,0.8085506561755972,0.6,3
220,90,30,0.8085506561755972,0.6,3
230,50,40,0.8085506561755972,0.6,3
230,50,50,0.8085506561755972,0.6,3
230,50,60,0.8085506561755972,0.6,3
230,50,70,0.8085506561755972,0.6,3
230,50,80,0.8085506561755972,0.6,3
230,50,90,0.8085506561755972,0.6,3
230,50,100,0.8085506561755972,0.6,3
230,60,20,0.8085506561755972,0.6,3
230,60,30,0.8085506561755972,0.6,3
230,70,20,0.8085506561755972,0.6,3
230,70,30,0.8085506561755972,0.6,3
230,80,30,0.8085506561755972,0.6,3
230,90,30,0.8085506561755972,0.6,3
240,60,40,0.8085506561755972,0.6,3
240,60,50,0.8085506561755972,0.6,3
240,60,60,0.8085506561755972,0.6,3
240,60,70,0.8085506561755972,0.6,3
240,60,80,0.8085506561755972,0.6,3
240,60,90,0.8085506561755972,0.6,3
240,60,100,0.8085506561755972,0.6,3
240,70,30,0.8085506561755972,0.6,3
240,80,30,0.8085506561755972,0.6,3
240,90,40,0.8085506561755972,0.6,3
250,60,50,0.8085506561755972,0.6,3
250,60,60,0.8085506561755972,0.6,3
250,60,70,0.8085506561755972,0.6,3
250,60,80,0.8085506561755972,0.6,3
250,60,90,0.8085506561755972,0.6,3
250,60,100,0.8085506561755972,0.6,3
250,60,110,0.8085506561755972,0.6,3
250,70,40,0.8085506561755972,0.6,3
260,60,50,0.8085506561755972,0.6,3
260,60,60,0.8085506561755972,0.6,3
260,60,70,0.8085506561755972,0.6,3
260,60,80,0.8085506561755972,0.6,3
260,60,90,0.8085506561755972,0.6,3
260,60,100,0.8085506561755972,0.6,3
260,60,110,0.8085506561755972,0.6,3
260,60,120,0.8085506561755972,0.6,3
290,90,-160,0.8085506561755972,0.6,3
290,90,-150,0.8085506561755972,0.6,3
0,10,80,0.9008087542087759,0.8,4
0,10,90,0.9008087542087759,0.8,4
0,20,80,0.9008087542087759,0.8,4
0,50,-110,0.9008087542087759,0.8,4
0,60,-120,0.9008087542087759,0.8,4
0,60,-110,0.9008087542087759,0.8,4
0,60,-100,0.9008087542087759,0.8,4
0,70,-130,0.9008087542087759,0.8,4
0,70,-120,0.9008087542087759,0.8,4
0,70,-110,0.9008087542087759,0.8,4
0,70,-100,0.9008087542087759,0.8,4
0,80,-130,0.9008087542087759,0.8,4
0,80,-120,0.9008087542087759,0.8,4
0,80,-110,0.9008087542087759,0.8,4
0,80,-100,0.9008087542087759,0.8,4
0,80,-90,0.9008087542087759,0.8,4
0,90,-130,0.9008087542087759,0.8,4
0,90,-120,0.9008087542087759,0.8,4
0,90,-110,0.9008087542087759,0.8,4
0,90,-100,0.9008087542087759,0.8,4
0,90,-90,0.9008087542087759,0.8,4
10,10,80,0.9008087542087759,0.8,4
10,10,90,0.9008087542087759,0.8,4
10,10,100,0.9008087542087759,0.8,4
10,10,110,0.9008087542087759,0.8,4
10,20,90,0.9008087542087759,0.8,4
10,50,-110,0.9008087542087759,0.8,4
10,50,-100,0.9008087542087759,0.8,4
10,60,-120,0.9008087542087759,0.8,4
10,60,-110,0.9008087542087759,0.8,4
10,60,-100,0.9008087542087759,0.8,4
10,70,-130,0.9008087542087759,0.8,4
10,70,-120,0.9008087542087759,0.8,4
10,70,-110,0.9008087542087759,0.8,4
10,70,-100,0.9008087542087759,0.8,4
10,70,-90,0.9008087542087759,0.8,4
10,80,-130,0.9008087542087759,0.8,4
10,80,-120,0.9008087542087759,0.8,4
10,80,-110,0.9008087542087759,0.8,4
10,80,-100,0.9008087542087759,0.8,4
10,80,-90,0.9008087542087759,0.8,4
10,90,-130,0.9008087542087759,0.8,4
10,90,-120,0.9008087542087759,0.8,4
10,90,-110,0.9008087542087759,0.8,4
10,90,-100,0.9008087542087759,0.8,4
10,90,-90,0.9008087542087759,0.8,4
20,10,90,0.9008087542087759,0.8,4
20,10,100,0.9008087542087759,0.8,4
20,10,110,0.9008087542087759,0.8,4
20,10,120,0.9008087542087759,0.8,4
20,20,100,0.9008087542087759,0.8,4
20,50,-110,0.9008087542087759,0.8,4
20,50,-100,0.9008087542087759,0.8,4
20,50,-90,0.9008087542087759,0.8,4
20,60,-120,0.9008087542087759,0.8,4
20,60,-110,0.9008087542087759,0.8,4
20,60,-100,0.9008087542087759,0.8,4
20,60,-90,0.9008087542087759,0.8,4
20,70,-130,0.9008087542087759,0.8,4
20,70,-120,0.9008087542087759,0.8,4
20,70,-110,0.9008087542087759,0.8,4
20,70,-100,0.9008087542087759,0.8,4
20,70,-90,0.9008087542087759,0.8,4
20,80,-130,0.9008087542087759,0.8,4
20,80,-120,0.9008087542087759,0.8,4
20,80,-110,0.9008087542087759,0.8,4
20,80,-100,0.9008087542087759,0.8,4
20,80,-90,0.9008087542087759,0.8,4
20,90,-120,0.9008087542087759,0.8,4
20,90,-110,0.9008087542087759,0.8,4
20,90,-100,0.9008087542087759,0.8,4
20,90,-90,0.9008087542087759,0.8,4
30,10,100,0.9008087542087759,0.8,4
30,10,110,0.9008087542087759,0.8,4
30,10,120,0.9008087542087759,0.8,4
30,10,130,0.9008087542087759,0.8,4
30,20,110,0.9008087542087759,0.8,4
30,20,120,0.9008087542087759,0.8,4
30,30,60,0.9008087542087759,0.8,4
30,30,70,0.9008087542087759,0.8,4
30,30,80,0.9008087542087759,0.8,4
30,30,90,0.9008087542087759,0.8,4
30,30,100,0.9008087542087759,0.8,4
30,50,-80,0.9008087542087759,0.8,4
30,50,-70,0.9008087542087759,0.8,4
30,60,-80,0.9008087542087759,0.8,4
30,60,-70,0.9008087542087759,0.8,4
30,60,-60,0.9008087542087759,0.8,4
30,60,-50,0.9008087542087759,0.8,4
30,70,-80,0.9008087542087759,0.8,4
30,70,-70,0.9008087542087759,0.8,4
30,70,-60,0.9008087542087759,0.8,4
30,70,-50,0.9008087542087759,0.8,4
30,70,-40,0.9008087542087759,0.8,4
30,80,-80,0.9008087542087759,0.8,4
30,80,-70,0.9008087542087759,0.8,4
30,80,-60,0.9008087542087759,0.8,4
30,80,-50,0.9008087542087759,0.8,4
30,80,-40,0.9008087542087759,0.8,4
30,90,-80,0.9008087542087759,0.8,4
30,90,-70,0.9008087542087759,0.8,4
30,90,-60,0.9008087542087759,0.8,4
30,90,-50,0.9008087542087759,0.8,4
30,90,-40,0.9008087542087759,0.8,4
30,90,-30,0.9008087542087759,0.8,4
40,10,110,0.9008087542087759,0.8,4
40,10,120,0.9008087542087759,0.8,4
40,10,130,0.9008087542087759,0.8,4
40,10,140,0.9008087542087759,0.8,4
40,20,60,0.9008087542087759,0.8,4
40,20,70,0.9008087542087759,0.8,4
40,20,80,0.9008087542087759,0.8,4
40,20,90,0.9008087542087759,0.8,4
40,20,100,0.9008087542087759,0.8,4
40,30,80,0.9008087542087759,0.8,4
40,30,90,0.9008087542087759,0.8,4
40,30,100,0.9008087542087759,0.8,4
40,60,-70,0.9008087542087759,0.8,4
40,60,-60,0.9008087542087759,0.8,4
40,70,-70,0.9008087542087759,0.8,4
40,70,-60,0.9008087542087759,0.8,4
40,70,-50,0.9008087542087759,0.8,4
40,80,-80,0.9008087542087759,0.8,4
40,80,-70,0.9008087542087759,0.8,4
40,80,-60,0.9008087542087759,0.8,4
40,80,-50,0.9008087542087759,0.8,4
40,80,-40,0.9008087542087759,0.8,4
40,90,-80,0.9008087542087759,0.8,4
40,90,-70,0.9008087542087759,0.8,4
40,90,-60,0.9008087542087759,0.8,4
40,90,-50,0.9008087542087759,0.8,4
40,90,-40,0.9008087542087759,0.8,4
50,10,80,0.9008087542087759,0.8,4
50,10,90,0.9008087542087759,0.8,4
50,10,100,0.9008087542087759,0.8,4
50,10,110,0.9008087542087759,0.8,4
50,20,70,0.9008087542087759,0.8,4
50,20,80,0.9008087542087759,0.8,4
50,20,90,0.9008087542087759,0.8,4
50,20,100,0.9008087542087759,0.8,4
50,20,110,0.9008087542087759,0.8,4
50,30,90,0.9008087542087759,0.8,4
50,30,100,0.9008087542087759,0.8,4
50,30,110,0.9008087542087759,0.8,4
50,40,100,0.9008087542087759,0.8,4
50,70,-70,0.9008087542087759,0.8,4
50,70,-60,0.9008087542087759,0.8,4
50,70,-50,0.9008087542087759,0.8,4
50,80,-70,0.9008087542087759,0.8,4
50,80,-60,0.9008087542087759,0.8,4
50,80,-50,0.9008087542087759,0.8,4
50,90,-80,0.9008087542087759,0.8,4
50,90,-70,0.9008087542087759,0.8,4
50,90,-60,0.9008087542087759,0.8,4
50,90,-50,0.9008087542087759,0.8,4
50,90,-40,0.9008087542087759,0.8,4
60,10,90,0.9008087542087759,0.8,4
60,10,100,0.9008087542087759,0.8,4
60,10,110,0.9008087542087759,0.8,4
60,10,120,0.9008087542087759,0.8,4
60,20,80,0.9008087542087759,0.8,4
60,20,90,0.9008087542087759,0.8,4
60,20,100,0.9008087542087759,0.8,4
60,20,110,0.9008087542087759,0.8,4
60,20,120,0.9008087542087759,0.8,4
60,30,100,0.9008087542087759,0.8,4
60,30,110,0.9008087542087759,0.8,4
60,30,120,0.9008087542087759,0.8,4
60,40,110,0.9008087542087759,0.8,4
60,40,120,0.9008087542087759,0.8,4
60,90,-80,0.9008087542087759,0.8,4
60,90,-70,0.9008087542087759,0.8,4
60,90,-60,0.9008087542087759,0.8,4
60,90,-50,0.9008087542087759,0.8,4
70,10,100,0.9008087542087759,0.8,4
70,10,110,0.9008087542087759,0.8,4
70,10,120,0.9008087542087759,0.8,4
70,10,130,0.9008087542087759,0.8,4
70,20,90,0.9008087542087759,0.8,4
70,20,100,0.9008087542087759,0.8,4
70,20,110,0.9008087542087759,0.8,4
70,20,120,0.9008087542087759,0.8,4
70,20,130,0.9008087542087759,0.8,4
70,30,100,0.9008087542087759,0.8,4
70,30,110,0.9008087542087759,0.8,4
70,30,120,0.9008087542087759,0.8,4
70,30,130,0.9008087542087759,0.8,4
70,40,110,0.9008087542087759,0.8,4
70,40,120,0.9008087542087759,0.8,4
70,40,130,0.9008087542087759,0.8,4
80,10,110,0.9008087542087759,0.8,4
80,10,120,0.9008087542087759,0.8,4
80,10,130,0.9008087542087759,0.8,4
80,10,140,0.9008087542087759,0.8,4
80,20,100,0.9008087542087759,0.8,4
80,20,110,0.9008087542087759,0.8,4
80,20,120,0.9008087542087759,0.8,4
80,20,130,0.9008087542087759,0.8,4
80,20,140,0.9008087542087759,0.8,4
80,30,110,0.9008087542087759,0.8,4
80,30,120,0.9008087542087759,0.8,4
80,30,130,0.9008087542087759,0.8,4
80,30,140,0.9008087542087759,0.8,4
80,40,120,0.9008087542087759,0.8,4
80,40,130,0.9008087542087759,0.8,4
80,40,140,0.9008087542087759,0.8,4
80,50,130,0.9008087542087759,0.8,4
90,10,120,0.9008087542087759,0.8,4
90,10,130,0.9008087542087759,0.8,4
90,10,140,0.9008087542087759,0.8,4
90,10,150,0.9008087542087759,0.8,4
90,20,110,0.9008087542087759,0.8,4
90,20,120,0.9008087542087759,0.8,4
90,20,130,0.9008087542087759,0.8,4
90,20,140,0.9008087542087759,0.8,4
90,20,150,0.9008087542087759,0.8,4
90,30,120,0.9008087542087759,0.8,4
90,30,130,0.9008087542087759,0.8,4
90,30,140,0.9008087542087759,0.8,4
90,30,150,0.9008087542087759,0.8,4
90,40,130,0.9008087542087759,0.8,4
90,40,140,0.9008087542087759,0.8,4
90,40,150,0.9008087542087759,0.8,4
90,50,130,0.9008087542087759,0.8,4
90,50,140,0.9008087542087759,0.8,4
90,50,150,0.9008087542087759,0.8,4
90,60,140,0.9008087542087759,0.8,4
100,10,130,0.9008087542087759,0.8,4
100,10,140,0.9008087542087759,0.8,4
100,10,150,0.9008087542087759,0.8,4
100,10,160,0.9008087542087759,0.8,4
100,20,120,0.9008087542087759,0.8,4
100,20,130,0.9008087542087759,0.8,4
100,20,140,0.9008087542087759,0.8,4
100,20,150,0.9008087542087759,0.8,4
100,20,160,0.9008087542087759,0.8,4
100,30,130,0.9008087542087759,0.8,4
100,30,140,0.9008087542087759,0.8,4
100,30,150,0.9008087542087759,0.8,4
100,30,160,0.9008087542087759,0.8,4
100,40,130,0.9008087542087759,0.8,4
100,40,140,0.9008087542087759,0.8,4
100,40,150,0.9008087542087759,0.8,4
100,40,160,0.9008087542087759,0.8,4
100,50,140,0.9008087542087759,0.8,4
100,50,150,0.9008087542087759,0.8,4
100,50,160,0.9008087542087759,0.8,4
100,60,140,0.9008087542087759,0.8,4
100,60,150,0.9008087542087759,0.8,4
100,60,160,0.9008087542087759,0.8,4
100,70,150,0.9008087542087759,0.8,4
110,10,140,0.9008087542087759,0.8,4
110,10,150,0.9008087542087759,0.8,4
110,10,160,0.9008087542087759,0.8,4
110,10,170,0.9008087542087759,0.8,4
110,20,130,0.9008087542087759,0.8,4
110,20,140,0.9008087542087759,0.8,4
110,20,150,0.9008087542087759,0.8,4
110,20,160,0.9008087542087759,0.8,4
110,20,170,0.9008087542087759,0.8,4
110,30,130,0.9008087542087759,0.8,4
110,30,140,0.9008087542087759,0.8,4
110,30,150,0.9008087542087759,0.8,4
110,30,160,0.9008087542087759,0.8,4
110,30,170,0.9008087542087759,0.8,4
110,40,140,0.9008087542087759,0.8,4
110,40,150,0.9008087542087759,0.8,4
110,40,160,0.9008087542087759,0.8,4
110,40,170,0.9008087542087759,0.8,4
110,50,140,0.9008087542087759,0.8,4
110,50,150,0.9008087542087759,0.8,4
110,50,160,0.9008087542087759,0.8,4
110,50,170,0.9008087542087759,0.8,4
110,60,140,0.9008087542087759,0.8,4
110,60,150,0.9008087542087759,0.8,4
110,60,160,0.9008087542087759,0.8,4
110,60,170,0.9008087542087759,0.8,4
110,70,140,0.9008087542087759,0.8,4
110,70,150,0.9008087542087759,0.8,4
110,70,160,0.9008087542087759,0.8,4
110,70,170,0.9008087542087759,0.8,4
120,10,-180,0.9008087542087759,0.8,4
120,10,150,0.9008087542087759,0.8,4
120,10,160,0.9008087542087759,0.8,4
120,10,170,0.9008087542087759,0.8,4
120,20,-180,0.9008087542087759,0.8,4
120,20,140,0.9008087542087759,0.8,4
120,20,150,0.9008087542087759,0.8,4
120,20,160,0.9008087542087759,0.8,4
120,20,170,0.9008087542087759,0.8,4
120,30,-180,0.9008087542087759,0.8,4
120,30,140,0.9008087542087759,0.8,4
120,30,150,0.9008087542087759,0.8,4
120,30,160,0.9008087542087759,0.8,4
120,30,170,0.9008087542087759,0.8,4
120,40,-180,0.9008087542087759,0.8,4
120,40,-170,0.9008087542087759,0.8,4
120,40,140,0.9008087542087759,0.8,4
120,40,150,0.9008087542087759,0.8,4
120,40,160,0.9008087542087759,0.8,4
120,40,170,0.9008087542087759,0.8,4
120,50,-180,0.9008087542087759,0.8,4
120,50,-170,0.9008087542087759,0.8,4
120,50,140,0.9008087542087759,0.8,4
120,50,150,0.9008087542087759,0.8,4
120,50,160,0.9008087542087759,0.8,4
120,50,170,0.9008087542087759,0.8,4
120,60,-180,0.9008087542087759,0.8,4
120,60,-170,0.9008087542087759,0.8,4
120,60,150,0.9008087542087759,0.8,4
120,60,160,0.9008087542087759,0.8,4
120,60,170,0.9008087542087759,0.8,4
120,70,140,0.9008087542087759,0.8,4
130,10,-180,0.9008087542087759,0.8,4
130,10,-170,0.9008087542087759,0.8,4
130,10,160,0.9008087542087759,0.8,4
130,10,170,0.9008087542087759,0.8,4
130,20,-180,0.9008087542087759,0.8,4
130,20,-170,0.9008087542087759,0.8,4
130,20,150,0.9008087542087759,0.8,4
130,20,160,0.9008087542087759,0.8,4
130,20,170,0.9008087542087759,0.8,4
130,30,-180,0.9008087542087759,0.8,4
130,30,-170,0.9008087542087759,0.8,4
130,30,-160,0.9008087542087759,0.8,4
130,30,150,0.9008087542087759,0.8,4
130,30,160,0.9008087542087759,0.8,4
130,30,170,0.9008087542087759,0.8,4
130,40,-180,0.9008087542087759,0.8,4
130,40,-170,0.9008087542087759,0.8,4
130,40,-160,0.9008087542087759,0.8,4
130,40,150,0.9008087542087759,0.8,4
130,40,160,0.9008087542087759,0.8,4
130,40,170,0.9008087542087759,0.8,4
130,50,-180,0.9008087542087759,0.8,4
130,50,-170,0.9008087542087759,0.8,4
130,50,-160,0.9008087542087759,0.8,4
130,50,150,0.9008087542087759,0.8,4
130,50,160,0.9008087542087759,0.8,4
130,50,170,0.9008087542087759,0.8,4
130,60,140,0.9008087542087759,0.8,4
130,70,140,0.9008087542087759,0.8,4
140,10,-180,0.9008087542087759,0.8,4
140,10,-170,0.9008087542087759,0.8,4
140,10,-160,0.9008087542087759,0.8,4
140,10,170,0.9008087542087759,0.8,4
140,20,-180,0.9008087542087759,0.8,4
140,20,-170,0.9008087542087759,0.8,4
140,20,-160,0.9008087542087759,0.8,4
140,20,170,0.9008087542087759,0.8,4
140,30,-180,0.9008087542087759,0.8,4
140,30,-170,0.9008087542087759,0.8,4
140,30,-160,0.9008087542087759,0.8,4
140,30,-150,0.9008087542087759,0.8,4
140,30,160,0.9008087542087759,0.8,4
140,30,170,0.9008087542087759,0.8,4
140,40,-180,0.9008087542087759,0.8,4
140,40,-170,0.9008087542087759,0.8,4
140,40,-160,0.9008087542087759,0.8,4
140,40,-150,0.9008087542087759,0.8,4
140,40,160,0.9008087542087759,0.8,4
140,40,170,0.9008087542087759,0.8,4
140,50,-180,0.9008087542087759,0.8,4
140,50,-170,0.9008087542087759,0.8,4
140,50,-160,0.9008087542087759,0.8,4
140,50,-150,0.9008087542087759,0.8,4
140,50,160,0.9008087542087759,0.8,4
140,50,170,0.9008087542087759,0.8,4
140,60,140,0.9008087542087759,0.8,4
140,60,150,0.9008087542087759,0.8,4
150,10,-180,0.9008087542087759,0.8,4
150,10,-170,0.9008087542087759,0.8,4
150,10,-160,0.9008087542087759,0.8,4
150,10,-150,0.9008087542087759,0.8,4
150,20,-180,0.9008087542087759,0.8,4
150,20,-170,0.9008087542087759,0.8,4
150,20,-160,0.9008087542087759,0.8,4
150,20,-150,0.9008087542087759,0.8,4
150,30,-180,0.9008087542087759,0.8,4
150,30,-170,0.9008087542087759,0.8,4
150,30,-160,0.9008087542087759,0.8,4
150,30,-150,0.9008087542087759,0.8,4
150,30,-140,0.9008087542087759,0.8,4
150,40,-180,0.9008087542087759,0.8,4
150,40,-170,0.9008087542087759,0.8,4
150,40,-160,0.9008087542087759,0.8,4
150,40,-150,0.9008087542087759,0.8,4
150,40,-140,0.9008087542087759,0.8,4
150,60,130,0.9008087542087759,0.8,4
150,60,140,0.9008087542087759,0.8,4
150,70,140,0.9008087542087759,0.8,4
150,80,140,0.9008087542087759,0.8,4
150,90,140,0.9008087542087759,0.8,4
160,10,-170,0.9008087542087759,0.8,4
160,10,-160,0.9008087542087759,0.8,4
160,10,-150,0.9008087542087759,0.8,4
160,10,-140,0.9008087542087759,0.8,4
160,20,-170,0.9008087542087759,0.8,4
160,20,-160,0.9008087542087759,0.8,4
160,20,-150,0.9008087542087759,0.8,4
160,20,-140,0.9008087542087759,0.8,4
160,30,-170,0.9008087542087759,0.8,4
160,30,-160,0.9008087542087759,0.8,4
160,30,-150,0.9008087542087759,0.8,4
160,30,-140,0.9008087542087759,0.8,4
160,30,-130,0.9008087542087759,0.8,4
160,40,-160,0.9008087542087759,0.8,4
160,40,-150,0.9008087542087759,0.8,4
160,40,-140,0.9008087542087759,0.8,4
160,40,-130,0.9008087542087759,0.8,4
160,70,140,0.9008087542087759,0.8,4
160,80,140,0.9008087542087759,0.8,4
160,90,140,0.9008087542087759,0.8,4
170,10,-160,0.9008087542087759,0.8,4
170,10,-150,0.9008087542087759,0.8,4
170,10,-140,0.9008087542087759,0.8,4
170,10,-130,0.9008087542087759,0.8,4
170,20,-150,0.9008087542087759,0.8,4
170,20,-140,0.9008087542087759,0.8,4
170,20,-130,0.9008087542087759,0.8,4
170,30,-150,0.9008087542087759,0.8,4
170,30,-140,0.9008087542087759,0.8,4
170,30,-130,0.9008087542087759,0.8,4
170,30,-120,0.9008087542087759,0.8,4
170,40,-140,0.9008087542087759,0.8,4
170,40,-130,0.9008087542087759,0.8,4
170,40,-120,0.9008087542087759,0.8,4
170,80,140,0.9008087542087759,0.8,4
170,90,90,0.9008087542087759,0.8,4
170,90,100,0.9008087542087759,0.8,4
170,90,110,0.9008087542087759,0.8,4
170,90,120,0.9008087542087759,0.8,4
170,90,130,0.9008087542087759,0.8,4
180,10,-110,0.9008087542087759,0.8,4
180,10,-100,0.9008087542087759,0.8,4
180,10,-90,0.9008087542087759,0.8,4
180,10,-80,0.9008087542087759,0.8,4
180,10,-70,0.9008087542087759,0.8,4
180,20,-140,0.9008087542087759,0.8,4
180,20,-130,0.9008087542087759,0.8,4
180,20,-120,0.9008087542087759,0.8,4
180,30,-140,0.9008087542087759,0.8,4
180,30,-130,0.9008087542087759,0.8,4
180,30,-120,0.9008087542087759,0.8,4
180,40,-120,0.9008087542087759,0.8,4
180,40,-110,0.9008087542087759,0.8,4
180,80,90,0.9008087542087759,0.8,4
180,80,100,0.9008087542087759,0.8,4
180,80,110,0.9008087542087759,0.8,4
180,80,120,0.9008087542087759,0.8,4
180,90,90,0.9008087542087759,0.8,4
180,90,100,0.9008087542087759,0.8,4
180,90,110,0.9008087542087759,0.8,4
180,90,120,0.9008087542087759,0.8,4
180,90,130,0.9008087542087759,0.8,4
190,10,-100,0.9008087542087759,0.8,4
190,10,-90,0.9008087542087759,0.8,4
190,10,-80,0.9008087542087759,0.8,4
190,10,-70,0.9008087542087759,0.8,4
190,10,-60,0.9008087542087759,0.8,4
190,20,-100,0.9008087542087759,0.8,4
190,20,-90,0.9008087542087759,0.8,4
190,20,-80,0.9008087542087759,0.8,4
190,20,-70,0.9008087542087759,0.8,4
190,20,-60,0.9008087542087759,0.8,4
190,20,-50,0.9008087542087759,0.8,4
190,30,-120,0.9008087542087759,0.8,4
190,30,-110,0.9008087542087759,0.8,4
190,40,-110,0.9008087542087759,0.8,4
190,70,90,0.9008087542087759,0.8,4
190,70,100,0.9008087542087759,0.8,4
190,80,90,0.9008087542087759,0.8,4
190,80,100,0.9008087542087759,0.8,4
190,80,110,0.9008087542087759,0.8,4
190,80,120,0.9008087542087759,0.8,4
190,90,90,0.9008087542087759,0.8,4
190,90,100,0.9008087542087759,0.8,4
190,90,110,0.9008087542087759,0.8,4
190,90,120,0.9008087542087759,0.8,4
190,90,130,0.9008087542087759,0.8,4
200,10,-90,0.9008087542087759,0.8,4
200,10,-80,0.9008087542087759,0.8,4
200,10,-70,0.9008087542087759,0.8,4
200,10,-60,0.9008087542087759,0.8,4
200,10,-50,0.9008087542087759,0.8,4
200,20,-90,0.9008087542087759,0.8,4
200,20,-80,0.9008087542087759,0.8,4
200,20,-70,0.9008087542087759,0.8,4
200,20,-60,0.9008087542087759,0.8,4
200,20,-50,0.9008087542087759,0.8,4
200,20,-40,0.9008087542087759,0.8,4
200,30,-90,0.9008087542087759,0.8,4
200,30,-80,0.9008087542087759,0.8,4
200,30,-70,0.9008087542087759,0.8,4
200,30,-60,0.9008087542087759,0.8,4
200,30,-50,0.9008087542087759,0.8,4
200,30,-40,0.9008087542087759,0.8,4
200,40,-90,0.9008087542087759,0.8,4
200,40,-80,0.9008087542087759,0.8,4
200,40,-70,0.9008087542087759,0.8,4
200,40,-60,0.9008087542087759,0.8,4
200,40,-50,0.9008087542087759,0.8,4
200,40,-40,0.9008087542087759,0.8,4
200,60,20,0.9008087542087759,0.8,4
200,60,30,0.9008087542087759,0.8,4
200,60,40,0.9008087542087759,0.8,4
200,60,50,0.9008087542087759,0.8,4
200,60,60,0.9008087542087759,0.8,4
200,60,70,0.9008087542087759,0.8,4
200,60,80,0.9008087542087759,0.8,4
200,70,20,0.9008087542087759,0.8,4
200,70,30,0.9008087542087759,0.8,4
200,70,40,0.9008087542087759,0.8,4
200,70,50,0.9008087542087759,0.8,4
200,70,60,0.9008087542087759,0.8,4
200,70,70,0.9008087542087759,0.8,4
200,70,80,0.9008087542087759,0.8,4
200,80,90,0.9008087542087759,0.8,4
200,80,100,0.9008087542087759,0.8,4
200,80,110,0.9008087542087759,0.8,4
200,90,90,0.9008087542087759,0.8,4
200,90,100,0.9008087542087759,0.8,4
200,90,110,0.9008087542087759,0.8,4
200,90,120,0.9008087542087759,0.8,4
210,10,-80,0.9008087542087759,0.8,4
210,10,-70,0.9008087542087759,0.8,4
210,10,-60,0.9008087542087759,0.8,4
210,10,-50,0.9008087542087759,0.8,4
210,10,-40,0.9008087542087759,0.8,4
210,20,-80,0.9008087542087759,0.8,4
210,20,-70,0.9008087542087759,0.8,4
210,20,-60,0.9008087542087759,0.8,4
210,20,-50,0.9008087542087759,0.8,4
210,20,-40,0.9008087542087759,0.8,4
210,30,-80,0.9008087542087759,0.8,4
210,30,-70,0.9008087542087759,0.8,4
210,30,-60,0.9008087542087759,0.8,4
210,30,-50,0.9008087542087759,0.8,4
210,30,-40,0.9008087542087759,0.8,4
210,30,-30,0.9008087542087759,0.8,4
210,40,-80,0.9008087542087759,0.8,4
210,40,-70,0.9008087542087759,0.8,4
210,40,-60,0.9008087542087759,0.8,4
210,40,-50,0.9008087542087759,0.8,4
210,40,-40,0.9008087542087759,0.8,4
210,40,-30,0.9008087542087759,0.8,4
210,60,30,0.9008087542087759,0.8,4
210,60,40,0.9008087542087759,0.8,4
210,60,50,0.9008087542087759,0.8,4
210,60,60,0.9008087542087759,0.8,4
210,60,70,0.9008087542087759,0.8,4
210,60,80,0.9008087542087759,0.8,4
210,60,90,0.9008087542087759,0.8,4
210,70,30,0.9008087542087759,0.8,4
210,70,40,0.9008087542087759,0.8,4
210,70,50,0.9008087542087759,0.8,4
210,70,60,0.9008087542087759,0.8,4
210,70,70,0.9008087542087759,0.8,4
210,70,80,0.9008087542087759,0.8,4
210,80,30,0.9008087542087759,0.8,4
210,80,40,0.9008087542087759,0.8,4
210,80,50,0.9008087542087759,0.8,4
210,80,60,0.9008087542087759,0.8,4
210,80,70,0.9008087542087759,0.8,4
210,80,80,0.9008087542087759,0.8,4
210,90,30,0.9008087542087759,0.8,4
210,90,40,0.9008087542087759,0.8,4
210,90,50,0.9008087542087759,0.8,4
210,90,60,0.9008087542087759,0.8,4
210,90,70,0.9008087542087759,0.8,4
210,90,80,0.9008087542087759,0.8,4
220,10,-70,0.9008087542087759,0.8,4
220,10,-60,0.9008087542087759,0.8,4
220,10,-50,0.9008087542087759,0.8,4
220,10,-40,0.9008087542087759,0.8,4
220,10,-30,0.9008087542087759,0.8,4
220,20,-70,0.9008087542087759,0.8,4
220,20,-60,0.9008087542087759,0.8,4
220,20,-50,0.9008087542087759,0.8,4
220,20,-40,0.9008087542087759,0.8,4
220,20,-30,0.9008087542087759,0.8,4
220,30,-70,0.9008087542087759,0.8,4
220,30,-60,0.9008087542087759,0.8,4
220,30,-50,0.9008087542087759,0.8,4
220,30,-40,0.9008087542087759,0.8,4
220,30,-30,0.9008087542087759,0.8,4
220,40,-70,0.9008087542087759,0.8,4
220,40,-60,0.9008087542087759,0.8,4
220,40,-50,0.9008087542087759,0.8,4
220,40,-40,0.9008087542087759,0.8,4
220,40,-30,0.9008087542087759,0.8,4
220,50,20,0.9008087542087759,0.8,4
220,60,30,0.9008087542087759,0.8,4
220,60,40,0.9008087542087759,0.8,4
220,60,50,0.9008087542087759,0.8,4
220,60,60,0.9008087542087759,0.8,4
220,60,70,0.9008087542087759,0.8,4
220,60,80,0.9008087542087759,0.8,4
220,60,90,0.9008087542087759,0.8,4
220,70,30,0.9008087542087759,0.8,4
220,70,40,0.9008087542087759,0.8,4
220,70,50,0.9008087542087759,0.8,4
220,70,60,0.9008087542087759,0.8,4
220,70,70,0.9008087542087759,0.8,4
220,70,80,0.9008087542087759,0.8,4
220,70,90,0.9008087542087759,0.8,4
220,80,30,0.9008087542087759,0.8,4
220,80,40,0.9008087542087759,0.8,4
220,80,50,0.9008087542087759,0.8,4
220,80,60,0.9008087542087759,0.8,4
220,80,70,0.9008087542087759,0.8,4
220,80,80,0.9008087542087759,0.8,4
220,90,40,0.9008087542087759,0.8,4
220,90,50,0.9008087542087759,0.8,4
220,90,60,0.9008087542087759,0.8,4
220,90,70,0.9008087542087759,0.8,4
220,90,80,0.9008087542087759,0.8,4
230,10,-60,0.9008087542087759,0.8,4
230,10,-50,0.9008087542087759,0.8,4
230,10,-40,0.9008087542087759,0.8,4
230,10,-30,0.9008087542087759,0.8,4
230,10,-20,0.9008087542087759,0.8,4
230,20,-60,0.9008087542087759,0.8,4
230,20,-50,0.9008087542087759,0.8,4
230,20,-40,0.9008087542087759,0.8,4
230,20,-30,0.9008087542087759,0.8,4
230,20,-20,0.9008087542087759,0.8,4
230,30,-60,0.9008087542087759,0.8,4
230,30,-50,0.9008087542087759,0.8,4
230,30,-40,0.9008087542087759,0.8,4
230,30,-30,0.9008087542087759,0.8,4
230,30,-20,0.9008087542087759,0.8,4
230,40,-70,0.9008087542087759,0.8,4
230,40,-60,0.9008087542087759,0.8,4
230,40,-50,0.9008087542087759,0.8,4
230,40,-40,0.9008087542087759,0.8,4
230,40,-30,0.9008087542087759,0.8,4
230,40,-20,0.9008087542087759,0.8,4
230,50,20,0.9008087542087759,0.8,4
230,50,30,0.9008087542087759,0.8,4
230,60,40,0.9008087542087759,0.8,4
230,60,50,0.9008087542087759,0.8,4
230,60,60,0.9008087542087759,0.8,4
230,60,70,0.9008087542087759,0.8,4
230,60,80,0.9008087542087759,0.8,4
230,60,90,0.9008087542087759,0.8,4
230,60,100,0.9008087542087759,0.8,4
230,70,40,0.9008087542087759,0.8,4
230,70,50,0.9008087542087759,0.8,4
230,70,60,0.9008087542087759,0.8,4
230,70,70,0.9008087542087759,0.8,4
230,70,80,0.9008087542087759,0.8,4
230,70,90,0.9008087542087759,0.8,4
230,80,40,0.9008087542087759,0.8,4
230,80,50,0.9008087542087759,0.8,4
230,80,60,0.9008087542087759,0.8,4
230,80,70,0.9008087542087759,0.8,4
230,80,80,0.9008087542087759,0.8,4
230,80,90,0.9008087542087759,0.8,4
230,90,40,0.9008087542087759,0.8,4
230,90,50,0.9008087542087759,0.8,4
230,90,60,0.9008087542087759,0.8,4
230,90,70,0.9008087542087759,0.8,4
230,90,80,0.9008087542087759,0.8,4
240,10,-50,0.9008087542087759,0.8,4
240,10,-40,0.9008087542087759,0.8,4
240,10,-30,0.9008087542087759,0.8,4
240,10,-20,0.9008087542087759,0.8,4
240,10,-10,0.9008087542087759,0.8,4
240,20,-50,0.9008087542087759,0.8,4
240,20,-40,0.9008087542087759,0.8,4
240,20,-30,0.9008087542087759,0.8,4
240,20,-20,0.9008087542087759,0.8,4
240,20,-10,0.9008087542087759,0.8,4
240,30,-50,0.9008087542087759,0.8,4
240,30,-40,0.9008087542087759,0.8,4
240,30,-30,0.9008087542087759,0.8,4
240,30,-20,0.9008087542087759,0.8,4
240,30,-10,0.9008087542087759,0.8,4
240,40,-60,0.9008087542087759,0.8,4
240,40,-50,0.9008087542087759,0.8,4
240,40,-40,0.9008087542087759,0.8,4
240,40,-30,0.9008087542087759,0.8,4
240,40,-20,0.9008087542087759,0.8,4
240,40,-10,0.9008087542087759,0.8,4
240,50,0,0.9008087542087759,0.8,4
240,50,10,0.9008087542087759,0.8,4
240,50,20,0.9008087542087759,0.8,4
240,60,30,0.9008087542087759,0.8,4
240,70,40,0.9008087542087759,0.8,4
240,70,50,0.9008087542087759,0.8,4
240,70,60,0.9008087542087759,0.8,4
240,70,70,0.9008087542087759,0.8,4
240,70,80,0.9008087542087759,0.8,4
240,70,90,0.9008087542087759,0.8,4
240,80,40,0.9008087542087759,0.8,4
240,80,50,0.9008087542087759,0.8,4
240,80,60,0.9008087542087759,0.8,4
240,80,70,0.9008087542087759,0.8,4
240,80,80,0.9008087542087759,0.8,4
240,80,90,0.9008087542087759,0.8,4
240,90,50,0.9008087542087759,0.8,4
240,90,60,0.9008087542087759,0.8,4
240,90,70,0.9008087542087759,0.8,4
240,90,80,0.9008087542087759,0.8,4
250,10,-40,0.9008087542087759,0.8,4
250,10,-30,0.9008087542087759,0.8,4
250,10,-20,0.9008087542087759,0.8,4
250,10,-10,0.9008087542087759,0.8,4
250,20,-40,0.9008087542087759,0.8,4
250,20,-30,0.9008087542087759,0.8,4
250,20,-20,0.9008087542087759,0.8,4
250,20,-10,0.9008087542087759,0.8,4
250,30,-40,0.9008087542087759,0.8,4
250,30,-30,0.9008087542087759,0.8,4
250,30,-20,0.9008087542087759,0.8,4
250,30,-10,0.9008087542087759,0.8,4
250,40,-50,0.9008087542087759,0.8,4
250,40,-40,0.9008087542087759,0.8,4
250,40,-30,0.9008087542087759,0.8,4
250,40,-20,0.9008087542087759,0.8,4
250,40,-10,0.9008087542087759,0.8,4
250,50,0,0.9008087542087759,0.8,4
250,50,10,0.9008087542087759,0.8,4
250,50,20,0.9008087542087759,0.8,4
250,50,30,0.9008087542087759,0.8,4
250,60,40,0.9008087542087759,0.8,4
250,70,50,0.9008087542087759,0.8,4
250,70,60,0.9008087542087759,0.8,4
250,70,70,0.9008087542087759,0.8,4
250,70,80,0.9008087542087759,0.8,4
250,70,90,0.9008087542087759,0.8,4
250,70,100,0.9008087542087759,0.8,4
260,10,-30,0.9008087542087759,0.8,4
260,10,-20,0.9008087542087759,0.8,4
260,10,-10,0.9008087542087759,0.8,4
260,10,0,0.9008087542087759,0.8,4
260,20,-30,0.9008087542087759,0.8,4
260,20,-20,0.9008087542087759,0.8,4
260,20,-10,0.9008087542087759,0.8,4
260,20,0,0.9008087542087759,0.8,4
260,30,-30,0.9008087542087759,0.8,4
260,30,-20,0.9008087542087759,0.8,4
260,30,-10,0.9008087542087759,0.8,4
260,30,0,0.9008087542087759,0.8,4
260,40,-40,0.9008087542087759,0.8,4
260,40,-30,0.9008087542087759,0.8,4
260,40,-20,0.9008087542087759,0.8,4
260,40,-10,0.9008087542087759,0.8,4
260,40,0,0.9008087542087759,0.8,4
260,50,10,0.9008087542087759,0.8,4
260,50,20,0.9008087542087759,0.8,4
260,50,30,0.9008087542087759,0.8,4
260,60,40,0.9008087542087759,0.8,4
270,10,-20,0.9008087542087759,0.8,4
270,10,-10,0.9008087542087759,0.8,4
270,10,0,0.9008087542087759,0.8,4
270,10,10,0.9008087542087759,0.8,4
270,20,-20,0.9008087542087759,0.8,4
270,20,-10,0.9008087542087759,0.8,4
270,20,0,0.9008087542087759,0.8,4
270,20,10,0.9008087542087759,0.8,4
270,30,-20,0.9008087542087759,0.8,4
270,30,-10,0.9008087542087759,0.8,4
270,30,0,0.9008087542087759,0.8,4
270,30,10,0.9008087542087759,0.8,4
270,40,-20,0.9008087542087759,0.8,4
270,40,-10,0.9008087542087759,0.8,4
270,40,0,0.9008087542087759,0.8,4
270,40,10,0.9008087542087759,0.8,4
280,10,-10,0.9008087542087759,0.8,4
280,10,0,0.9008087542087759,0.8,4
280,10,10,0.9008087542087759,0.8,4
280,10,20,0.9008087542087759,0.8,4
280,20,-10,0.9008087542087759,0.8,4
280,20,0,0.9008087542087759,0.8,4
280,20,10,0.9008087542087759,0.8,4
280,20,20,0.9008087542087759,0.8,4
280,30,-10,0.9008087542087759,0.8,4
280,30,0,0.9008087542087759,0.8,4
280,30,10,0.9008087542087759,0.8,4
280,30,20,0.9008087542087759,0.8,4
280,40,-10,0.9008087542087759,0.8,4
280,40,0,0.9008087542087759,0.8,4
280,40,10,0.9008087542087759,0.8,4
280,40,20,0.9008087542087759,0.8,4
290,10,0,0.9008087542087759,0.8,4
290,10,10,0.9008087542087759,0.8,4
290,10,20,0.9008087542087759,0.8,4
290,10,30,0.9008087542087759,0.8,4
290,20,0,0.9008087542087759,0.8,4
290,20,10,0.9008087542087759,0.8,4
290,20,20,0.9008087542087759,0.8,4
290,20,30,0.9008087542087759,0.8,4
290,30,0,0.9008087542087759,0.8,4
290,30,10,0.9008087542087759,0.8,4
290,30,20,0.9008087542087759,0.8,4
300,10,10,0.9008087542087759,0.8,4
300,10,20,0.9008087542087759,0.8,4
300,10,30,0.9008087542087759,0.8,4
300,10,40,0.9008087542087759,0.8,4
300,20,10,0.9008087542087759,0.8,4
300,20,20,0.9008087542087759,0.8,4
300,20,30,0.9008087542087759,0.8,4
300,30,20,0.9008087542087759,0.8,4
300,30,30,0.9008087542087759,0.8,4
310,10,20,0.9008087542087759,0.8,4
310,10,30,0.9008087542087759,0.8,4
310,10,40,0.9008087542087759,0.8,4
310,10,50,0.9008087542087759,0.8,4
310,20,30,0.9008087542087759,0.8,4
310,20,40,0.9008087542087759,0.8,4
320,10,30,0.9008087542087759,0.8,4
320,10,40,0.9008087542087759,0.8,4
320,10,50,0.9008087542087759,0.8,4
320,10,60,0.9008087542087759,0.8,4
320,20,40,0.9008087542087759,0.8,4
320,20,50,0.9008087542087759,0.8,4
320,70,-130,0.9008087542087759,0.8,4
320,70,-120,0.9008087542087759,0.8,4
330,10,40,0.9008087542087759,0.8,4
330,10,50,0.9008087542087759,0.8,4
330,10,60,0.9008087542087759,0.8,4
330,10,70,0.9008087542087759,0.8,4
330,20,50,0.9008087542087759,0.8,4
330,20,60,0.9008087542087759,0.8,4
330,60,-120,0.9008087542087759,0.8,4
330,70,-130,0.9008087542087759,0.8,4
330,70,-120,0.9008087542087759,0.8,4
330,70,-110,0.9008087542087759,0.8,4
330,90,-140,0.9008087542087759,0.8,4
340,10,60,0.9008087542087759,0.8,4
340,10,70,0.9008087542087759,0.8,4
340,10,80,0.9008087542087759,0.8,4
340,20,60,0.9008087542087759,0.8,4
340,20,70,0.9008087542087759,0.8,4
340,60,-120,0.9008087542087759,0.8,4
340,60,-110,0.9008087542087759,0.8,4
340,70,-130,0.9008087542087759,0.8,4
340,70,-120,0.9008087542087759,0.8,4
340,70,-110,0.9008087542087759,0.8,4
340,80,-130,0.9008087542087759,0.8,4
340,80,-120,0.9008087542087759,0.8,4
340,80,-110,0.9008087542087759,0.8,4
340,80,-100,0.9008087542087759,0.8,4
340,90,-140,0.9008087542087759,0.8,4
350,10,70,0.9008087542087759,0.8,4
350,10,80,0.9008087542087759,0.8,4
350,20,70,0.9008087542087759,0.8,4
350,20,80,0.9008087542087759,0.8,4
350,50,-110,0.9008087542087759,0.8,4
350,60,-120,0.9008087542087759,0.8,4
350,60,-110,0.9008087542087759,0.8,4
350,70,-130,0.9008087542087759,0.8,4
350,70,-120,0.9008087542087759,0.8,4
350,70,-110,0.9008087542087759,0.8,4
350,70,-100,0.9008087542087759,0.8,4
350,80,-130,0.9008087542087759,0.8,4
350,80,-120,0.9008087542087759,0.8,4
350,80,-110,0.9008087542087759,0.8,4
350,80,-100,0.9008087542087759,0.8,4
350,90,-130,0.9008087542087759,0.8,4
350,90,-120,0.9008087542087759,0.8,4
350,90,-110,0.9008087542087759,0.8,4
350,90,-100,0.9008087542087759,0.8,4
350,90,-90,0.9008087542087759,0.8,4
0,40,-110,0.9077419019668214,0.8,4
10,40,-100,0.9077419019668214,0.8,4
20,40,-90,0.9077419019668214,0.8,4
30,50,-40,0.9077419019668214,0.8,4
30,50,-30,0.9077419019668214,0.8,4
30,50,-20,0.9077419019668214,0.8,4
30,50,-10,0.9077419019668214,0.8,4
30,50,0,0.9077419019668214,0.8,4
30,50,10,0.9077419019668214,0.8,4
30,50,20,0.9077419019668214,0.8,4
30,50,30,0.9077419019668214,0.8,4
30,50,40,0.9077419019668214,0.8,4
30,60,-10,0.9077419019668214,0.8,4
30,60,0,0.9077419019668214,0.8,4
30,60,10,0.9077419019668214,0.8,4
30,60,20,0.9077419019668214,0.8,4
30,60,30,0.9077419019668214,0.8,4
30,60,40,0.9077419019668214,0.8,4
30,70,-10,0.9077419019668214,0.8,4
30,70,0,0.9077419019668214,0.8,4
30,70,10,0.9077419019668214,0.8,4
30,70,20,0.9077419019668214,0.8,4
30,70,30,0.9077419019668214,0.8,4
30,70,40,0.9077419019668214,0.8,4
30,80,0,0.9077419019668214,0.8,4
30,80,10,0.9077419019668214,0.8,4
30,80,20,0.9077419019668214,0.8,4
30,80,30,0.9077419019668214,0.8,4
30,90,0,0.9077419019668214,0.8,4
30,90,10,0.9077419019668214,0.8,4
30,90,20,0.9077419019668214,0.8,4
30,90,30,0.9077419019668214,0.8,4
40,40,60,0.9077419019668214,0.8,4
40,50,60,0.9077419019668214,0.8,4
40,60,-30,0.9077419019668214,0.8,4
40,60,-20,0.9077419019668214,0.8,4
40,60,-10,0.9077419019668214,0.8,4
40,60,0,0.9077419019668214,0.8,4
40,60,10,0.9077419019668214,0.8,4
40,60,20,0.9077419019668214,0.8,4
40,60,30,0.9077419019668214,0.8,4
40,60,40,0.9077419019668214,0.8,4
40,60,50,0.9077419019668214,0.8,4
40,70,-20,0.9077419019668214,0.8,4
40,70,-10,0.9077419019668214,0.8,4
40,70,0,0.9077419019668214,0.8,4
40,70,10,0.9077419019668214,0.8,4
40,70,20,0.9077419019668214,0.8,4
40,70,30,0.9077419019668214,0.8,4
40,80,-10,0.9077419019668214,0.8,4
40,80,0,0.9077419019668214,0.8,4
40,80,10,0.9077419019668214,0.8,4
40,80,20,0.9077419019668214,0.8,4
40,80,30,0.9077419019668214,0.8,4
40,90,-10,0.9077419019668214,0.8,4
40,90,0,0.9077419019668214,0.8,4
40,90,10,0.9077419019668214,0.8,4
40,90,20,0.9077419019668214,0.8,4
50,40,70,0.9077419019668214,0.8,4
50,40,80,0.9077419019668214,0.8,4
50,70,-30,0.9077419019668214,0.8,4
50,70,-20,0.9077419019668214,0.8,4
50,70,-10,0.9077419019668214,0.8,4
50,70,0,0.9077419019668214,0.8,4
50,70,10,0.9077419019668214,0.8,4
50,70,20,0.9077419019668214,0.8,4
50,70,30,0.9077419019668214,0.8,4
50,80,-20,0.9077419019668214,0.8,4
50,80,-10,0.9077419019668214,0.8,4
50,80,0,0.9077419019668214,0.8,4
50,80,10,0.9077419019668214,0.8,4
50,80,20,0.9077419019668214,0.8,4
50,90,-20,0.9077419019668214,0.8,4
50,90,-10,0.9077419019668214,0.8,4
50,90,0,0.9077419019668214,0.8,4
50,90,10,0.9077419019668214,0.8,4
60,40,70,0.9077419019668214,0.8,4
60,40,80,0.9077419019668214,0.8,4
60,40,90,0.9077419019668214,0.8,4
60,90,-30,0.9077419019668214,0.8,4
60,90,-20,0.9077419019668214,0.8,4
60,90,-10,0.9077419019668214,0.8,4
60,90,0,0.9077419019668214,0.8,4
60,90,10,0.9077419019668214,0.8,4
70,40,80,0.9077419019668214,0.8,4
70,40,90,0.9077419019668214,0.8,4
80,40,90,0.9077419019668214,0.8,4
80,40,100,0.9077419019668214,0.8,4
90,40,100,0.9077419019668214,0.8,4
100,40,100,0.9077419019668214,0.8,4
100,40,110,0.9077419019668214,0.8,4
100,50,120,0.9077419019668214,0.8,4
110,40,110,0.9077419019668214,0.8,4
110,50,120,0.9077419019668214,0.8,4
120,40,120,0.9077419019668214,0.8,4
120,50,120,0.9077419019668214,0.8,4
120,60,130,0.9077419019668214,0.8,4
120,90,-180,0.9077419019668214,0.8,4
120,90,-170,0.9077419019668214,0.8,4
120,90,-160,0.9077419019668214,0.8,4
120,90,-150,0.9077419019668214,0.8,4
120,90,-140,0.9077419019668214,0.8,4
120,90,150,0.9077419019668214,0.8,4
120,90,160,0.9077419019668214,0.8,4
120,90,170,0.9077419019668214,0.8,4
130,50,120,0.9077419019668214,0.8,4
130,50,130,0.9077419019668214,0.8,4
130,80,-180,0.9077419019668214,0.8,4
130,80,-170,0.9077419019668214,0.8,4
130,80,-160,0.9077419019668214,0.8,4
130,80,-150,0.9077419019668214,0.8,4
130,80,-140,0.9077419019668214,0.8,4
130,80,-130,0.9077419019668214,0.8,4
130,80,150,0.9077419019668214,0.8,4
130,80,160,0.9077419019668214,0.8,4
130,80,170,0.9077419019668214,0.8,4
130,90,-180,0.9077419019668214,0.8,4
130,90,-170,0.9077419019668214,0.8,4
130,90,-160,0.9077419019668214,0.8,4
130,90,-150,0.9077419019668214,0.8,4
130,90,150,0.9077419019668214,0.8,4
130,90,160,0.9077419019668214,0.8,4
130,90,170,0.9077419019668214,0.8,4
140,70,-180,0.9077419019668214,0.8,4
140,70,-170,0.9077419019668214,0.8,4
140,70,-160,0.9077419019668214,0.8,4
140,70,-150,0.9077419019668214,0.8,4
140,70,-140,0.9077419019668214,0.8,4
140,70,-130,0.9077419019668214,0.8,4
140,70,160,0.9077419019668214,0.8,4
140,70,170,0.9077419019668214,0.8,4
140,80,-180,0.9077419019668214,0.8,4
140,80,-170,0.9077419019668214,0.8,4
140,80,-160,0.9077419019668214,0.8,4
140,80,-150,0.9077419019668214,0.8,4
140,80,150,0.9077419019668214,0.8,4
140,80,160,0.9077419019668214,0.8,4
140,80,170,0.9077419019668214,0.8,4
140,90,-180,0.9077419019668214,0.8,4
140,90,-170,0.9077419019668214,0.8,4
140,90,-160,0.9077419019668214,0.8,4
140,90,150,0.9077419019668214,0.8,4
140,90,160,0.9077419019668214,0.8,4
140,90,170,0.9077419019668214,0.8,4
150,60,-180,0.9077419019668214,0.8,4
150,60,-170,0.9077419019668214,0.8,4
150,60,-160,0.9077419019668214,0.8,4
150,60,-150,0.9077419019668214,0.8,4
150,60,-140,0.9077419019668214,0.8,4
150,60,-130,0.9077419019668214,0.8,4
150,60,160,0.9077419019668214,0.8,4
150,60,170,0.9077419019668214,0.8,4
150,70,-180,0.9077419019668214,0.8,4
150,70,-170,0.9077419019668214,0.8,4
150,70,-160,0.9077419019668214,0.8,4
150,70,160,0.9077419019668214,0.8,4
150,70,170,0.9077419019668214,0.8,4
150,80,-180,0.9077419019668214,0.8,4
150,80,-170,0.9077419019668214,0.8,4
150,80,160,0.9077419019668214,0.8,4
150,80,170,0.9077419019668214,0.8,4
150,90,-180,0.9077419019668214,0.8,4
150,90,160,0.9077419019668214,0.8,4
150,90,170,0.9077419019668214,0.8,4
160,90,160,0.9077419019668214,0.8,4
170,50,-120,0.9077419019668214,0.8,4
180,50,-110,0.9077419019668214,0.8,4
200,50,-90,0.9077419019668214,0.8,4
200,50,-80,0.9077419019668214,0.8,4
200,50,-70,0.9077419019668214,0.8,4
200,50,-60,0.9077419019668214,0.8,4
200,50,-50,0.9077419019668214,0.8,4
200,50,-40,0.9077419019668214,0.8,4
200,60,-30,0.9077419019668214,0.8,4
200,60,-20,0.9077419019668214,0.8,4
200,60,-10,0.9077419019668214,0.8,4
200,70,-30,0.9077419019668214,0.8,4
200,70,-20,0.9077419019668214,0.8,4
200,70,-10,0.9077419019668214,0.8,4
210,50,-80,0.9077419019668214,0.8,4
210,50,-70,0.9077419019668214,0.8,4
210,50,-60,0.9077419019668214,0.8,4
210,50,-50,0.9077419019668214,0.8,4
210,50,-40,0.9077419019668214,0.8,4
210,50,-30,0.9077419019668214,0.8,4
210,60,-20,0.9077419019668214,0.8,4
210,60,-10,0.9077419019668214,0.8,4
210,60,0,0.9077419019668214,0.8,4
210,70,-20,0.9077419019668214,0.8,4
210,70,-10,0.9077419019668214,0.8,4
210,70,0,0.9077419019668214,0.8,4
210,80,-30,0.9077419019668214,0.8,4
210,80,-20,0.9077419019668214,0.8,4
210,80,-10,0.9077419019668214,0.8,4
210,80,0,0.9077419019668214,0.8,4
210,90,-30,0.9077419019668214,0.8,4
210,90,-20,0.9077419019668214,0.8,4
210,90,-10,0.9077419019668214,0.8,4
210,90,0,0.9077419019668214,0.8,4
220,60,-20,0.9077419019668214,0.8,4
220,60,-10,0.9077419019668214,0.8,4
220,60,0,0.9077419019668214,0.8,4
220,60,10,0.9077419019668214,0.8,4
220,70,-20,0.9077419019668214,0.8,4
220,70,-10,0.9077419019668214,0.8,4
220,70,0,0.9077419019668214,0.8,4
220,70,10,0.9077419019668214,0.8,4
220,80,-20,0.9077419019668214,0.8,4
220,80,-10,0.9077419019668214,0.8,4
220,80,0,0.9077419019668214,0.8,4
220,80,10,0.9077419019668214,0.8,4
220,90,-20,0.9077419019668214,0.8,4
220,90,-10,0.9077419019668214,0.8,4
220,90,0,0.9077419019668214,0.8,4
220,90,10,0.9077419019668214,0.8,4
230,60,-10,0.9077419019668214,0.8,4
230,60,0,0.9077419019668214,0.8,4
230,60,10,0.9077419019668214,0.8,4
230,70,-10,0.9077419019668214,0.8,4
230,70,0,0.9077419019668214,0.8,4
230,70,10,0.9077419019668214,0.8,4
230,80,-10,0.9077419019668214,0.8,4
230,80,0,0.9077419019668214,0.8,4
230,80,10,0.9077419019668214,0.8,4
230,80,20,0.9077419019668214,0.8,4
230,90,-10,0.9077419019668214,0.8,4
230,90,0,0.9077419019668214,0.8,4
230,90,10,0.9077419019668214,0.8,4
230,90,20,0.9077419019668214,0.8,4
240,50,40,0.9077419019668214,0.8,4
240,50,50,0.9077419019668214,0.8,4
240,50,60,0.9077419019668214,0.8,4
240,50,70,0.9077419019668214,0.8,4
240,50,80,0.9077419019668214,0.8,4
240,50,90,0.9077419019668214,0.8,4
240,50,100,0.9077419019668214,0.8,4
240,70,0,0.9077419019668214,0.8,4
240,70,10,0.9077419019668214,0.8,4
240,70,20,0.9077419019668214,0.8,4
240,80,0,0.9077419019668214,0.8,4
240,80,10,0.9077419019668214,0.8,4
240,80,20,0.9077419019668214,0.8,4
240,90,-10,0.9077419019668214,0.8,4
240,90,0,0.9077419019668214,0.8,4
240,90,10,0.9077419019668214,0.8,4
240,90,20,0.9077419019668214,0.8,4
240,90,30,0.9077419019668214,0.8,4
250,50,50,0.9077419019668214,0.8,4
250,50,60,0.9077419019668214,0.8,4
250,50,70,0.9077419019668214,0.8,4
250,50,80,0.9077419019668214,0.8,4
250,50,90,0.9077419019668214,0.8,4
250,50,100,0.9077419019668214,0.8,4
250,50,110,0.9077419019668214,0.8,4
250,70,0,0.9077419019668214,0.8,4
250,70,10,0.9077419019668214,0.8,4
250,70,20,0.9077419019668214,0.8,4
250,70,30,0.9077419019668214,0.8,4
260,50,50,0.9077419019668214,0.8,4
260,50,60,0.9077419019668214,0.8,4
260,50,70,0.9077419019668214,0.8,4
260,50,80,0.9077419019668214,0.8,4
260,50,90,0.9077419019668214,0.8,4
260,50,100,0.9077419019668214,0.8,4
260,50,110,0.9077419019668214,0.8,4
260,50,120,0.9077419019668214,0.8,4
270,50,130,0.9077419019668214,0.8,4
270,50,140,0.9077419019668214,0.8,4
270,60,130,0.9077419019668214,0.8,4
280,50,140,0.9077419019668214,0.8,4
280,50,150,0.9077419019668214,0.8,4
280,50,160,0.9077419019668214,0.8,4
280,60,140,0.9077419019668214,0.8,4
280,60,150,0.9077419019668214,0.8,4
280,70,130,0.9077419019668214,0.8,4
280,70,140,0.9077419019668214,0.8,4
290,60,140,0.9077419019668214,0.8,4
290,60,150,0.9077419019668214,0.8,4
290,60,160,0.9077419019668214,0.8,4
290,60,170,0.9077419019668214,0.8,4
290,70,140,0.9077419019668214,0.8,4
290,70,150,0.9077419019668214,0.8,4
290,70,160,0.9077419019668214,0.8,4
290,70,170,0.9077419019668214,0.8,4
290,80,140,0.9077419019668214,0.8,4
290,80,150,0.9077419019668214,0.8,4
290,80,160,0.9077419019668214,0.8,4
300,60,-180,0.9077419019668214,0.8,4
300,60,-170,0.9077419019668214,0.8,4
300,60,-160,0.9077419019668214,0.8,4
300,60,150,0.9077419019668214,0.8,4
300,60,160,0.9077419019668214,0.8,4
300,60,170,0.9077419019668214,0.8,4
300,70,-180,0.9077419019668214,0.8,4
300,70,-170,0.9077419019668214,0.8,4
300,70,-160,0.9077419019668214,0.8,4
300,70,-150,0.9077419019668214,0.8,4
300,70,150,0.9077419019668214,0.8,4
300,70,160,0.9077419019668214,0.8,4
300,70,170,0.9077419019668214,0.8,4
300,80,-180,0.9077419019668214,0.8,4
300,80,-170,0.9077419019668214,0.8,4
300,80,-160,0.9077419019668214,0.8,4
300,80,-150,0.9077419019668214,0.8,4
300,80,140,0.9077419019668214,0.8,4
300,80,150,0.9077419019668214,0.8,4
300,80,160,0.9077419019668214,0.8,4
300,80,170,0.9077419019668214,0.8,4
300,90,-180,0.9077419019668214,0.8,4
300,90,-170,0.9077419019668214,0.8,4
300,90,-160,0.9077419019668214,0.8,4
300,90,-150,0.9077419019668214,0.8,4
300,90,140,0.9077419019668214,0.8,4
300,90,150,0.9077419019668214,0.8,4
300,90,160,0.9077419019668214,0.8,4
300,90,170,0.9077419019668214,0.8,4
310,70,-180,0.9077419019668214,0.8,4
310,70,-170,0.9077419019668214,0.8,4
310,70,-160,0.9077419019668214,0.8,4
310,70,-150,0.9077419019668214,0.8,4
310,70,160,0.9077419019668214,0.8,4
310,70,170,0.9077419019668214,0.8,4
310,80,-180,0.9077419019668214,0.8,4
310,80,-170,0.9077419019668214,0.8,4
310,80,-160,0.9077419019668214,0.8,4
310,80,-150,0.9077419019668214,0.8,4
310,80,150,0.9077419019668214,0.8,4
310,80,160,0.9077419019668214,0.8,4
310,80,170,0.9077419019668214,0.8,4
310,90,-180,0.9077419019668214,0.8,4
310,90,-170,0.9077419019668214,0.8,4
310,90,-160,0.9077419019668214,0.8,4
310,90,-150,0.9077419019668214,0.8,4
310,90,150,0.9077419019668214,0.8,4
310,90,160,0.9077419019668214,0.8,4
310,90,170,0.9077419019668214,0.8,4
320,60,-130,0.9077419019668214,0.8,4
320,80,-180,0.9077419019668214,0.8,4
320,80,-170,0.9077419019668214,0.8,4
320,80,-160,0.9077419019668214,0.8,4
320,80,-150,0.9077419019668214,0.8,4
320,80,160,0.9077419019668214,0.8,4
320,80,170,0.9077419019668214,0.8,4
320,90,-180,0.9077419019668214,0.8,4
320,90,-170,0.9077419019668214,0.8,4
320,90,-160,0.9077419019668214,0.8,4
320,90,-150,0.9077419019668214,0.8,4
320,90,160,0.9077419019668214,0.8,4
320,90,170,0.9077419019668214,0.8,4
330,50,-130,0.9077419019668214,0.8,4
330,60,-130,0.9077419019668214,0.8,4
330,80,-180,0.9077419019668214,0.8,4
330,80,-170,0.9077419019668214,0.8,4
330,80,-160,0.9077419019668214,0.8,4
330,80,-150,0.9077419019668214,0.8,4
330,90,-180,0.9077419019668214,0.8,4
330,90,-170,0.9077419019668214,0.8,4
330,90,-160,0.9077419019668214,0.8,4
340,50,-120,0.9077419019668214,0.8,4
340,90,-160,0.9077419019668214,0.8,4
350,50,-120,0.9077419019668214,0.8,4
130,60,130,1.0,1.0,5
130,80,140,1.0,1.0,5
130,90,140,1.0,1.0,5
140,60,130,1.0,1.0,5
140,70,140,1.0,1.0,5
140,70,150,1.0,1.0,5
140,80,140,1.0,1.0,5
140,90,140,1.0,1.0,5
150,60,150,1.0,1.0,5
150,70,150,1.0,1.0,5
150,80,150,1.0,1.0,5
150,90,150,1.0,1.0,5
160,80,150,1.0,1.0,5
160,80,160,1.0,1.0,5
160,90,150,1.0,1.0,5
220,50,-20,1.0,1.0,5
220,50,-10,1.0,1.0,5
220,50,0,1.0,1.0,5
220,50,10,1.0,1.0,5
230,50,-10,1.0,1.0,5
230,50,0,1.0,1.0,5
230,50,10,1.0,1.0,5
240,50,30,1.0,1.0,5
240,60,0,1.0,1.0,5
240,60,10,1.0,1.0,5
240,60,20,1.0,1.0,5
250,50,40,1.0,1.0,5
250,60,0,1.0,1.0,5
250,60,10,1.0,1.0,5
250,60,20,1.0,1.0,5
250,60,30,1.0,1.0,5
260,50,40,1.0,1.0,5
260,60,10,1.0,1.0,5
260,60,20,1.0,1.0,5
260,60,30,1.0,1.0,5
310,90,-140,1.0,1.0,5
320,80,-140,1.0,1.0,5
320,90,-140,1.0,1.0,5
330,80,-140,1.0,1.0,5
330,90,-150,1.0,1.0,5
340,60,-130,1.0,1.0,5
340,90,-150,1.0,1.0,5
